frame_idx,conf,x1,y1,x2,y2,cx,cy
1,nan,nan,nan,nan,nan,nan,nan
2,nan,nan,nan,nan,nan,nan,nan
3,nan,nan,nan,nan,nan,nan,nan
4,nan,nan,nan,nan,nan,nan,nan
5,nan,nan,nan,nan,nan,nan,nan
6,nan,nan,nan,nan,nan,nan,nan
7,nan,nan,nan,nan,nan,nan,nan
8,nan,nan,nan,nan,nan,nan,nan
9,nan,nan,nan,nan,nan,nan,nan
10,0.1312970072031021,316.0318603515625,235.93382263183594,402.23101806640625,320.4615783691406,359.1314392089844,278.1977005004883
11,nan,nan,nan,nan,nan,nan,nan
12,nan,nan,nan,nan,nan,nan,nan
13,0.10579250752925873,321.64617919921875,237.18814086914062,403.084716796875,321.87152099609375,362.3654479980469,279.5298309326172
14,nan,nan,nan,nan,nan,nan,nan
15,nan,nan,nan,nan,nan,nan,nan
16,0.16479533910751343,323.10760498046875,237.85569763183594,408.6673583984375,324.43292236328125,365.8874816894531,281.1443099975586
17,nan,nan,nan,nan,nan,nan,nan
18,0.6790265440940857,411.5047607421875,241.30352783203125,520.572998046875,325.4162292480469,466.03887939453125,283.35987854003906
19,0.781456708908081,487.7926025390625,229.68003845214844,588.407958984375,311.97393798828125,538.1002807617188,270.82698822021484
20,0.6636726260185242,542.4906005859375,205.50741577148438,646.5487060546875,312.5111389160156,594.5196533203125,259.00927734375
21,0.7927318811416626,589.6705322265625,168.7052764892578,687.3690795898438,256.7330322265625,638.5198059082031,212.71915435791016
22,0.8458454608917236,643.189208984375,170.46292114257812,734.7117919921875,240.37277221679688,688.9505004882812,205.4178466796875
23,0.8297039270401001,680.880126953125,176.46142578125,778.260009765625,246.79994201660156,729.570068359375,211.63068389892578
24,0.853087842464447,736.9217529296875,188.6894989013672,831.97900390625,263.2669677734375,784.4503784179688,225.97823333740234
25,0.8763976097106934,789.8697509765625,199.25894165039062,895.7310791015625,291.08917236328125,842.8004150390625,245.17405700683594
26,0.8708956241607666,865.8942260742188,243.92300415039062,959.5160522460938,316.8649597167969,912.7051391601562,280.39398193359375
27,0.6019797921180725,909.1798095703125,299.64794921875,1000.6065673828125,381.37030029296875,954.8931884765625,340.5091247558594
28,0.8903728127479553,966.3312377929688,361.48663330078125,1056.26025390625,437.5133972167969,1011.2957458496094,399.50001525878906
29,0.867580771446228,1010.3615112304688,414.59112548828125,1105.7332763671875,495.052978515625,1058.0473937988281,454.8220520019531
30,0.8602709770202637,1045.524658203125,473.96044921875,1132.1083984375,555.7644653320312,1088.8165283203125,514.8624572753906
31,0.8452159762382507,1077.0927734375,536.6260375976562,1162.630126953125,610.2303466796875,1119.8614501953125,573.4281921386719
32,0.8210511207580566,1098.7554931640625,564.4666748046875,1205.256103515625,639.69189453125,1152.0057983398438,602.0792846679688
33,0.7858617901802063,1142.531494140625,596.01904296875,1233.459716796875,669.2569580078125,1187.99560546875,632.6380004882812
34,0.8099050521850586,1144.7266845703125,574.391845703125,1248.9327392578125,686.1971435546875,1196.8297119140625,630.2944946289062
35,0.8444713950157166,1171.2657470703125,610.7706298828125,1250.383544921875,685.8577880859375,1210.8246459960938,648.314208984375
36,0.745355486869812,1174.1666259765625,603.039794921875,1252.7952880859375,680.353759765625,1213.48095703125,641.69677734375
37,0.8167473673820496,1181.6776123046875,602.6956787109375,1259.6646728515625,677.4600219726562,1220.671142578125,640.0778503417969
38,0.7881338000297546,1189.9971923828125,598.5721435546875,1272.7164306640625,673.2214965820312,1231.3568115234375,635.8968200683594
39,0.6834715008735657,1197.948486328125,602.0726318359375,1286.580810546875,684.0957641601562,1242.2646484375,643.0841979980469
40,0.8117366433143616,1217.107666015625,619.5870361328125,1301.094482421875,695.5040893554688,1259.10107421875,657.5455627441406
41,0.8300555944442749,1242.8074951171875,639.0267333984375,1316.0672607421875,709.3412475585938,1279.4373779296875,674.1839904785156
42,0.7772734761238098,1259.856689453125,648.8938598632812,1334.414306640625,716.1326904296875,1297.135498046875,682.5132751464844
43,0.5281535983085632,1267.42724609375,654.5037231445312,1338.997802734375,715.9312133789062,1303.2125244140625,685.2174682617188
44,0.8103951215744019,1273.625244140625,643.6780395507812,1346.0181884765625,715.1111450195312,1309.8217163085938,679.3945922851562
45,0.7435877323150635,1289.60400390625,644.97607421875,1362.340087890625,716.8128051757812,1325.9720458984375,680.8944396972656
46,nan,nan,nan,nan,nan,nan,nan
47,nan,nan,nan,nan,nan,nan,nan
48,0.394639253616333,1185.044189453125,622.8057250976562,1311.037109375,720.137939453125,1248.0406494140625,671.4718322753906
49,nan,nan,nan,nan,nan,nan,nan
50,0.3311953544616699,1190.310791015625,603.81005859375,1319.509033203125,707.908203125,1254.909912109375,655.859130859375
51,0.23911616206169128,1193.50830078125,604.7672729492188,1317.341064453125,707.3302612304688,1255.4246826171875,656.0487670898438
52,0.17755524814128876,1202.0185546875,601.8070678710938,1320.181396484375,709.0526733398438,1261.0999755859375,655.4298706054688
53,nan,nan,nan,nan,nan,nan,nan
54,nan,nan,nan,nan,nan,nan,nan
55,nan,nan,nan,nan,nan,nan,nan
56,nan,nan,nan,nan,nan,nan,nan
57,nan,nan,nan,nan,nan,nan,nan
58,nan,nan,nan,nan,nan,nan,nan
59,nan,nan,nan,nan,nan,nan,nan
60,nan,nan,nan,nan,nan,nan,nan
61,nan,nan,nan,nan,nan,nan,nan
62,0.12648002803325653,1246.83984375,659.4769287109375,1347.0274658203125,740.9837646484375,1296.9336547851562,700.2303466796875
63,0.15940651297569275,1246.4107666015625,658.488525390625,1346.5985107421875,741.266357421875,1296.504638671875,699.87744140625
64,0.16910216212272644,1246.413818359375,658.2929077148438,1348.181884765625,740.8492431640625,1297.2978515625,699.5710754394531
65,nan,nan,nan,nan,nan,nan,nan
66,0.10617786645889282,1251.251953125,659.2947387695312,1348.80322265625,740.6524047851562,1300.027587890625,699.9735717773438
67,0.11533667147159576,1250.31494140625,657.9417114257812,1348.871826171875,740.7608642578125,1299.5933837890625,699.3512878417969
68,0.12951460480690002,1250.599609375,657.8558959960938,1348.3167724609375,740.9585571289062,1299.4581909179688,699.4072265625
69,nan,nan,nan,nan,nan,nan,nan
70,nan,nan,nan,nan,nan,nan,nan
71,0.15179480612277985,1243.6064453125,663.3419189453125,1344.998046875,740.25732421875,1294.30224609375,701.7996215820312
72,0.1891603320837021,1243.59619140625,663.38330078125,1345.862060546875,739.8139038085938,1294.7291259765625,701.5986022949219
73,0.1261381059885025,1243.735595703125,667.535888671875,1343.3369140625,739.8565063476562,1293.5362548828125,703.6961975097656
74,nan,nan,nan,nan,nan,nan,nan
75,nan,nan,nan,nan,nan,nan,nan
76,nan,nan,nan,nan,nan,nan,nan
77,nan,nan,nan,nan,nan,nan,nan
78,nan,nan,nan,nan,nan,nan,nan
79,nan,nan,nan,nan,nan,nan,nan
80,nan,nan,nan,nan,nan,nan,nan
81,nan,nan,nan,nan,nan,nan,nan
82,0.10370070487260818,1230.152587890625,624.4893188476562,1338.818359375,735.8220825195312,1284.4854736328125,680.1557006835938
83,nan,nan,nan,nan,nan,nan,nan
84,nan,nan,nan,nan,nan,nan,nan
85,0.3549683094024658,1229.5650634765625,624.434814453125,1337.976318359375,733.468017578125,1283.7706909179688,678.951416015625
86,0.2897287607192993,1228.6702880859375,620.941162109375,1340.3719482421875,731.0768432617188,1284.5211181640625,676.0090026855469
87,0.18235483765602112,1229.3704833984375,621.550537109375,1341.457763671875,729.722412109375,1285.4141235351562,675.636474609375
88,nan,nan,nan,nan,nan,nan,nan
89,nan,nan,nan,nan,nan,nan,nan
90,nan,nan,nan,nan,nan,nan,nan
91,nan,nan,nan,nan,nan,nan,nan
92,nan,nan,nan,nan,nan,nan,nan
93,0.2664511203765869,1296.7313232421875,658.8084716796875,1358.5557861328125,721.2640991210938,1327.6435546875,690.0362854003906
94,0.1929388791322708,1302.490234375,663.3092651367188,1359.091064453125,720.4722290039062,1330.7906494140625,691.8907470703125
95,0.10659255087375641,1292.487060546875,660.3785400390625,1359.0838623046875,721.84375,1325.7854614257812,691.1111450195312
96,nan,nan,nan,nan,nan,nan,nan
97,0.22004933655261993,1298.098876953125,665.3468017578125,1362.727294921875,714.6865234375,1330.4130859375,690.0166625976562
98,0.10807490348815918,1300.12109375,666.8275146484375,1355.2158203125,713.8826904296875,1327.66845703125,690.3551025390625
99,0.12989450991153717,1297.2861328125,664.0047607421875,1366.844970703125,714.219482421875,1332.0655517578125,689.1121215820312
100,0.13037091493606567,1297.3575439453125,662.6975708007812,1367.4488525390625,714.2544555664062,1332.4031982421875,688.4760131835938
101,0.17934927344322205,1295.4334716796875,658.5883178710938,1369.0616455078125,714.4459228515625,1332.24755859375,686.5171203613281
102,0.1104307621717453,1295.5914306640625,658.1229858398438,1369.6986083984375,714.5180053710938,1332.64501953125,686.3204956054688
103,nan,nan,nan,nan,nan,nan,nan
104,0.2934208810329437,1295.596923828125,660.7042236328125,1369.733154296875,714.2140502929688,1332.6650390625,687.4591369628906
105,0.22851324081420898,1297.547119140625,657.1484985351562,1367.48681640625,714.4949340820312,1332.5169677734375,685.8217163085938
106,0.38441285490989685,1296.128662109375,671.9627685546875,1368.683837890625,721.455810546875,1332.40625,696.7092895507812
107,0.19132213294506073,1291.5101318359375,648.6893920898438,1364.818603515625,716.5358276367188,1328.1643676757812,682.6126098632812
108,0.13538606464862823,1297.0810546875,670.487060546875,1364.4488525390625,720.7332763671875,1330.7649536132812,695.6101684570312
109,0.5107136368751526,1297.126220703125,669.620849609375,1369.802734375,721.13134765625,1333.4644775390625,695.3760986328125
110,0.2876681387424469,1294.7904052734375,664.1621704101562,1373.4569091796875,720.6187744140625,1334.1236572265625,692.3904724121094
111,0.31942233443260193,1296.4891357421875,669.5244140625,1372.3272705078125,721.1885375976562,1334.408203125,695.3564758300781
112,0.45765742659568787,1298.18115234375,671.0070190429688,1371.941162109375,721.8995361328125,1335.0611572265625,696.4532775878906
113,0.5233323574066162,1298.915771484375,669.6055297851562,1369.65673828125,720.7699584960938,1334.2862548828125,695.187744140625
114,0.4617178440093994,1298.186279296875,667.8286743164062,1370.816162109375,721.3811645507812,1334.501220703125,694.6049194335938
115,0.46673139929771423,1296.997314453125,668.3786010742188,1370.6181640625,721.2904663085938,1333.8077392578125,694.8345336914062
116,0.48371177911758423,1298.7537841796875,670.260009765625,1370.5372314453125,721.3035278320312,1334.6455078125,695.7817687988281
117,0.4370030462741852,1297.42041015625,670.0498657226562,1369.902587890625,721.0618896484375,1333.6614990234375,695.5558776855469
118,0.36275750398635864,1296.631103515625,669.4493408203125,1371.4169921875,721.1574096679688,1334.0240478515625,695.3033752441406
119,0.38087835907936096,1297.10546875,669.8589477539062,1371.3101806640625,721.0819702148438,1334.2078247070312,695.470458984375
120,0.35219526290893555,1296.557373046875,668.937255859375,1371.2025146484375,721.252685546875,1333.8799438476562,695.094970703125
121,0.35818469524383545,1296.7589111328125,668.4107055664062,1371.7308349609375,720.9935913085938,1334.244873046875,694.7021484375
122,0.35587170720100403,1295.921630859375,667.384521484375,1371.8177490234375,721.6258544921875,1333.8696899414062,694.5051879882812
123,0.3623625636100769,1296.47314453125,668.6207885742188,1371.9085693359375,721.5484619140625,1334.1908569335938,695.0846252441406
124,0.36761674284935,1296.6806640625,670.3627319335938,1367.556640625,719.206298828125,1332.11865234375,694.7845153808594
125,nan,nan,nan,nan,nan,nan,nan
126,nan,nan,nan,nan,nan,nan,nan
127,nan,nan,nan,nan,nan,nan,nan
128,nan,nan,nan,nan,nan,nan,nan
129,nan,nan,nan,nan,nan,nan,nan
130,0.11026298999786377,1290.156982421875,652.8468627929688,1338.00439453125,717.4151611328125,1314.0806884765625,685.1310119628906
131,0.18951788544654846,1289.0008544921875,648.24462890625,1335.2041015625,715.0230102539062,1312.1024780273438,681.6338195800781
132,nan,nan,nan,nan,nan,nan,nan
133,nan,nan,nan,nan,nan,nan,nan
134,nan,nan,nan,nan,nan,nan,nan
135,nan,nan,nan,nan,nan,nan,nan
136,nan,nan,nan,nan,nan,nan,nan
137,nan,nan,nan,nan,nan,nan,nan
138,nan,nan,nan,nan,nan,nan,nan
139,nan,nan,nan,nan,nan,nan,nan
140,nan,nan,nan,nan,nan,nan,nan
141,nan,nan,nan,nan,nan,nan,nan
142,nan,nan,nan,nan,nan,nan,nan
143,nan,nan,nan,nan,nan,nan,nan
144,nan,nan,nan,nan,nan,nan,nan
145,nan,nan,nan,nan,nan,nan,nan
146,nan,nan,nan,nan,nan,nan,nan
147,nan,nan,nan,nan,nan,nan,nan
148,nan,nan,nan,nan,nan,nan,nan
149,nan,nan,nan,nan,nan,nan,nan
150,nan,nan,nan,nan,nan,nan,nan
151,nan,nan,nan,nan,nan,nan,nan
152,nan,nan,nan,nan,nan,nan,nan
153,nan,nan,nan,nan,nan,nan,nan
154,nan,nan,nan,nan,nan,nan,nan
155,nan,nan,nan,nan,nan,nan,nan
156,nan,nan,nan,nan,nan,nan,nan
157,nan,nan,nan,nan,nan,nan,nan
158,nan,nan,nan,nan,nan,nan,nan
159,nan,nan,nan,nan,nan,nan,nan
160,nan,nan,nan,nan,nan,nan,nan
161,nan,nan,nan,nan,nan,nan,nan
162,nan,nan,nan,nan,nan,nan,nan
163,nan,nan,nan,nan,nan,nan,nan
164,nan,nan,nan,nan,nan,nan,nan
165,nan,nan,nan,nan,nan,nan,nan
166,nan,nan,nan,nan,nan,nan,nan
167,nan,nan,nan,nan,nan,nan,nan
168,nan,nan,nan,nan,nan,nan,nan
169,nan,nan,nan,nan,nan,nan,nan
170,nan,nan,nan,nan,nan,nan,nan
171,nan,nan,nan,nan,nan,nan,nan
172,nan,nan,nan,nan,nan,nan,nan
173,nan,nan,nan,nan,nan,nan,nan
174,nan,nan,nan,nan,nan,nan,nan
175,nan,nan,nan,nan,nan,nan,nan
176,nan,nan,nan,nan,nan,nan,nan
177,nan,nan,nan,nan,nan,nan,nan
178,nan,nan,nan,nan,nan,nan,nan
179,nan,nan,nan,nan,nan,nan,nan
180,0.12478868663311005,1281.9345703125,634.0650634765625,1357.904541015625,705.0068969726562,1319.9195556640625,669.5359802246094
181,0.10986282676458359,1283.040283203125,634.2974853515625,1359.08544921875,705.3261108398438,1321.0628662109375,669.8117980957031
182,0.1848805993795395,1281.607666015625,633.1743774414062,1359.446533203125,704.2493896484375,1320.527099609375,668.7118835449219
183,0.2268252819776535,1281.7353515625,633.5928955078125,1359.0098876953125,704.1485595703125,1320.3726196289062,668.8707275390625
184,0.19693432748317719,1281.48095703125,633.2620849609375,1359.38720703125,705.03515625,1320.43408203125,669.1486206054688
185,nan,nan,nan,nan,nan,nan,nan
186,nan,nan,nan,nan,nan,nan,nan
187,nan,nan,nan,nan,nan,nan,nan
188,nan,nan,nan,nan,nan,nan,nan
189,nan,nan,nan,nan,nan,nan,nan
190,nan,nan,nan,nan,nan,nan,nan
191,nan,nan,nan,nan,nan,nan,nan
192,nan,nan,nan,nan,nan,nan,nan
193,nan,nan,nan,nan,nan,nan,nan
194,nan,nan,nan,nan,nan,nan,nan
195,nan,nan,nan,nan,nan,nan,nan
196,nan,nan,nan,nan,nan,nan,nan
197,nan,nan,nan,nan,nan,nan,nan
198,nan,nan,nan,nan,nan,nan,nan
199,nan,nan,nan,nan,nan,nan,nan
200,nan,nan,nan,nan,nan,nan,nan
201,nan,nan,nan,nan,nan,nan,nan
202,nan,nan,nan,nan,nan,nan,nan
203,nan,nan,nan,nan,nan,nan,nan
204,nan,nan,nan,nan,nan,nan,nan
205,nan,nan,nan,nan,nan,nan,nan
206,nan,nan,nan,nan,nan,nan,nan
207,nan,nan,nan,nan,nan,nan,nan
208,nan,nan,nan,nan,nan,nan,nan
209,nan,nan,nan,nan,nan,nan,nan
210,nan,nan,nan,nan,nan,nan,nan
211,nan,nan,nan,nan,nan,nan,nan
212,nan,nan,nan,nan,nan,nan,nan
213,nan,nan,nan,nan,nan,nan,nan
214,nan,nan,nan,nan,nan,nan,nan
215,nan,nan,nan,nan,nan,nan,nan
216,nan,nan,nan,nan,nan,nan,nan
217,nan,nan,nan,nan,nan,nan,nan
218,nan,nan,nan,nan,nan,nan,nan
219,nan,nan,nan,nan,nan,nan,nan
220,nan,nan,nan,nan,nan,nan,nan
221,nan,nan,nan,nan,nan,nan,nan
222,nan,nan,nan,nan,nan,nan,nan
223,nan,nan,nan,nan,nan,nan,nan
224,nan,nan,nan,nan,nan,nan,nan
225,nan,nan,nan,nan,nan,nan,nan
226,nan,nan,nan,nan,nan,nan,nan
227,nan,nan,nan,nan,nan,nan,nan
228,nan,nan,nan,nan,nan,nan,nan
229,nan,nan,nan,nan,nan,nan,nan
230,nan,nan,nan,nan,nan,nan,nan
231,nan,nan,nan,nan,nan,nan,nan
232,0.14320781826972961,1265.229248046875,564.3861694335938,1351.574951171875,628.5382690429688,1308.402099609375,596.4622192382812
233,0.2505088150501251,1242.08837890625,552.4561157226562,1324.898681640625,622.1590576171875,1283.4935302734375,587.3075866699219
234,0.3362855017185211,1206.782470703125,528.1619262695312,1292.629150390625,599.6721801757812,1249.705810546875,563.9170532226562
235,0.41099265217781067,1172.3345947265625,509.6591491699219,1266.1116943359375,598.7180786132812,1219.22314453125,554.1886138916016
236,0.7661041617393494,1136.21240234375,494.9651184082031,1220.9404296875,589.601318359375,1178.576416015625,542.2832183837891
237,0.7846360206604004,1118.303466796875,481.8197021484375,1227.4669189453125,588.5185546875,1172.8851928710938,535.1691284179688
238,0.21236136555671692,1116.5833740234375,465.5445556640625,1227.73828125,592.0515747070312,1172.1608276367188,528.7980651855469
239,0.8213845491409302,1113.4427490234375,457.9979248046875,1185.1212158203125,528.8222045898438,1149.281982421875,493.4100646972656
240,0.843204140663147,1098.148193359375,447.593994140625,1169.598388671875,518.7332153320312,1133.873291015625,483.1636047363281
241,0.8711862564086914,1067.5067138671875,418.60321044921875,1159.301513671875,500.638427734375,1113.4041137695312,459.6208190917969
242,0.9079613089561462,1040.52587890625,387.3177490234375,1117.699462890625,457.490966796875,1079.1126708984375,422.40435791015625
243,0.7930951714515686,1012.249755859375,353.8038330078125,1106.987060546875,426.44598388671875,1059.618408203125,390.1249084472656
244,0.8772528767585754,962.448486328125,338.22314453125,1052.0859375,417.2890319824219,1007.2672119140625,377.75608825683594
245,0.8475123047828674,917.26025390625,320.6810302734375,1015.3623046875,401.737060546875,966.311279296875,361.20904541015625
246,0.8621821999549866,867.5751342773438,307.4024963378906,956.61328125,381.57330322265625,912.0942077636719,344.48789978027344
247,0.7986865639686584,817.1934814453125,281.85174560546875,922.31689453125,387.717041015625,869.7551879882812,334.7843933105469
248,0.8553159832954407,763.1640625,270.50775146484375,858.6974487304688,351.26153564453125,810.9307556152344,310.8846435546875
249,0.8027325868606567,700.3831787109375,266.68310546875,804.9525146484375,343.9184875488281,752.6678466796875,305.30079650878906
250,0.13002316653728485,643.7460327148438,260.5626525878906,731.6597290039062,337.7728271484375,687.702880859375,299.16773986816406
251,0.7418122887611389,591.5816040039062,236.3235626220703,696.614990234375,328.59619140625,644.0982971191406,282.45987701416016
252,0.5099524259567261,546.194091796875,215.74227905273438,652.093017578125,304.7835388183594,599.1435546875,260.2629089355469
253,nan,nan,nan,nan,nan,nan,nan
254,nan,nan,nan,nan,nan,nan,nan
255,nan,nan,nan,nan,nan,nan,nan
256,0.5775716304779053,403.3172607421875,189.89602661132812,496.787109375,266.32061767578125,450.05218505859375,228.1083221435547
257,0.2909415066242218,388.7970886230469,183.5749969482422,483.4737854003906,266.399658203125,436.13543701171875,224.9873275756836
258,nan,nan,nan,nan,nan,nan,nan
259,nan,nan,nan,nan,nan,nan,nan
260,nan,nan,nan,nan,nan,nan,nan
261,nan,nan,nan,nan,nan,nan,nan
262,nan,nan,nan,nan,nan,nan,nan
263,nan,nan,nan,nan,nan,nan,nan
264,nan,nan,nan,nan,nan,nan,nan
265,nan,nan,nan,nan,nan,nan,nan
266,nan,nan,nan,nan,nan,nan,nan
267,nan,nan,nan,nan,nan,nan,nan
268,nan,nan,nan,nan,nan,nan,nan
269,nan,nan,nan,nan,nan,nan,nan
270,nan,nan,nan,nan,nan,nan,nan
271,nan,nan,nan,nan,nan,nan,nan
272,nan,nan,nan,nan,nan,nan,nan
273,nan,nan,nan,nan,nan,nan,nan
274,nan,nan,nan,nan,nan,nan,nan
275,nan,nan,nan,nan,nan,nan,nan
276,nan,nan,nan,nan,nan,nan,nan
277,nan,nan,nan,nan,nan,nan,nan
278,nan,nan,nan,nan,nan,nan,nan
279,nan,nan,nan,nan,nan,nan,nan
280,nan,nan,nan,nan,nan,nan,nan
281,nan,nan,nan,nan,nan,nan,nan
282,nan,nan,nan,nan,nan,nan,nan
283,nan,nan,nan,nan,nan,nan,nan
284,nan,nan,nan,nan,nan,nan,nan
285,0.2073424905538559,348.92529296875,157.73817443847656,426.35455322265625,232.74961853027344,387.6399230957031,195.243896484375
286,0.12004749476909637,347.827392578125,144.69407653808594,430.0904846191406,229.67367553710938,388.9589385986328,187.18387603759766
287,nan,nan,nan,nan,nan,nan,nan
288,0.14694517850875854,348.0369873046875,144.69027709960938,430.4193420410156,230.26736450195312,389.22816467285156,187.47882080078125
289,0.16127482056617737,347.9870910644531,144.3712615966797,429.9511413574219,230.12017822265625,388.9691162109375,187.24571990966797
290,0.2216818928718567,348.1662902832031,144.31192016601562,429.60772705078125,229.7420654296875,388.8870086669922,187.02699279785156
291,nan,nan,nan,nan,nan,nan,nan
292,0.12143309414386749,347.9776306152344,143.77618408203125,429.9166259765625,229.3015594482422,388.94712829589844,186.53887176513672
293,nan,nan,nan,nan,nan,nan,nan
294,nan,nan,nan,nan,nan,nan,nan
295,nan,nan,nan,nan,nan,nan,nan
296,nan,nan,nan,nan,nan,nan,nan
297,nan,nan,nan,nan,nan,nan,nan
298,nan,nan,nan,nan,nan,nan,nan
299,nan,nan,nan,nan,nan,nan,nan
300,nan,nan,nan,nan,nan,nan,nan
301,nan,nan,nan,nan,nan,nan,nan
302,nan,nan,nan,nan,nan,nan,nan
303,nan,nan,nan,nan,nan,nan,nan
304,nan,nan,nan,nan,nan,nan,nan
305,nan,nan,nan,nan,nan,nan,nan
306,nan,nan,nan,nan,nan,nan,nan
307,nan,nan,nan,nan,nan,nan,nan
308,nan,nan,nan,nan,nan,nan,nan
309,nan,nan,nan,nan,nan,nan,nan
310,nan,nan,nan,nan,nan,nan,nan
311,nan,nan,nan,nan,nan,nan,nan
312,nan,nan,nan,nan,nan,nan,nan
313,nan,nan,nan,nan,nan,nan,nan
314,nan,nan,nan,nan,nan,nan,nan
315,nan,nan,nan,nan,nan,nan,nan
316,nan,nan,nan,nan,nan,nan,nan
317,nan,nan,nan,nan,nan,nan,nan
318,nan,nan,nan,nan,nan,nan,nan
319,nan,nan,nan,nan,nan,nan,nan
320,nan,nan,nan,nan,nan,nan,nan
321,nan,nan,nan,nan,nan,nan,nan
322,nan,nan,nan,nan,nan,nan,nan
323,nan,nan,nan,nan,nan,nan,nan
324,nan,nan,nan,nan,nan,nan,nan
325,nan,nan,nan,nan,nan,nan,nan
326,nan,nan,nan,nan,nan,nan,nan
327,nan,nan,nan,nan,nan,nan,nan
328,nan,nan,nan,nan,nan,nan,nan
329,nan,nan,nan,nan,nan,nan,nan
330,nan,nan,nan,nan,nan,nan,nan
331,nan,nan,nan,nan,nan,nan,nan
332,nan,nan,nan,nan,nan,nan,nan
333,nan,nan,nan,nan,nan,nan,nan
334,nan,nan,nan,nan,nan,nan,nan
335,nan,nan,nan,nan,nan,nan,nan
336,nan,nan,nan,nan,nan,nan,nan
337,nan,nan,nan,nan,nan,nan,nan
338,nan,nan,nan,nan,nan,nan,nan
339,nan,nan,nan,nan,nan,nan,nan
340,nan,nan,nan,nan,nan,nan,nan
341,nan,nan,nan,nan,nan,nan,nan
342,nan,nan,nan,nan,nan,nan,nan
343,nan,nan,nan,nan,nan,nan,nan
344,nan,nan,nan,nan,nan,nan,nan
345,nan,nan,nan,nan,nan,nan,nan
346,nan,nan,nan,nan,nan,nan,nan
347,nan,nan,nan,nan,nan,nan,nan
348,nan,nan,nan,nan,nan,nan,nan
349,nan,nan,nan,nan,nan,nan,nan
350,nan,nan,nan,nan,nan,nan,nan
351,nan,nan,nan,nan,nan,nan,nan
352,nan,nan,nan,nan,nan,nan,nan
353,nan,nan,nan,nan,nan,nan,nan
354,nan,nan,nan,nan,nan,nan,nan
355,nan,nan,nan,nan,nan,nan,nan
356,nan,nan,nan,nan,nan,nan,nan
357,nan,nan,nan,nan,nan,nan,nan
358,nan,nan,nan,nan,nan,nan,nan
359,nan,nan,nan,nan,nan,nan,nan
360,nan,nan,nan,nan,nan,nan,nan
361,nan,nan,nan,nan,nan,nan,nan
362,nan,nan,nan,nan,nan,nan,nan
363,nan,nan,nan,nan,nan,nan,nan
364,nan,nan,nan,nan,nan,nan,nan
365,nan,nan,nan,nan,nan,nan,nan
366,nan,nan,nan,nan,nan,nan,nan
367,nan,nan,nan,nan,nan,nan,nan
368,nan,nan,nan,nan,nan,nan,nan
369,nan,nan,nan,nan,nan,nan,nan
370,nan,nan,nan,nan,nan,nan,nan
371,nan,nan,nan,nan,nan,nan,nan
372,nan,nan,nan,nan,nan,nan,nan
373,nan,nan,nan,nan,nan,nan,nan
374,nan,nan,nan,nan,nan,nan,nan
375,nan,nan,nan,nan,nan,nan,nan
376,nan,nan,nan,nan,nan,nan,nan
377,nan,nan,nan,nan,nan,nan,nan
378,nan,nan,nan,nan,nan,nan,nan
379,nan,nan,nan,nan,nan,nan,nan
380,nan,nan,nan,nan,nan,nan,nan
381,nan,nan,nan,nan,nan,nan,nan
382,nan,nan,nan,nan,nan,nan,nan
383,nan,nan,nan,nan,nan,nan,nan
384,nan,nan,nan,nan,nan,nan,nan
385,nan,nan,nan,nan,nan,nan,nan
386,nan,nan,nan,nan,nan,nan,nan
387,nan,nan,nan,nan,nan,nan,nan
388,nan,nan,nan,nan,nan,nan,nan
389,nan,nan,nan,nan,nan,nan,nan
390,nan,nan,nan,nan,nan,nan,nan
391,nan,nan,nan,nan,nan,nan,nan
392,nan,nan,nan,nan,nan,nan,nan
393,nan,nan,nan,nan,nan,nan,nan
394,nan,nan,nan,nan,nan,nan,nan
395,nan,nan,nan,nan,nan,nan,nan
396,nan,nan,nan,nan,nan,nan,nan
397,nan,nan,nan,nan,nan,nan,nan
398,nan,nan,nan,nan,nan,nan,nan
399,nan,nan,nan,nan,nan,nan,nan
400,nan,nan,nan,nan,nan,nan,nan
401,nan,nan,nan,nan,nan,nan,nan
402,nan,nan,nan,nan,nan,nan,nan
403,nan,nan,nan,nan,nan,nan,nan
404,nan,nan,nan,nan,nan,nan,nan
405,nan,nan,nan,nan,nan,nan,nan
406,nan,nan,nan,nan,nan,nan,nan
407,nan,nan,nan,nan,nan,nan,nan
408,nan,nan,nan,nan,nan,nan,nan
409,nan,nan,nan,nan,nan,nan,nan
410,nan,nan,nan,nan,nan,nan,nan
411,nan,nan,nan,nan,nan,nan,nan
412,nan,nan,nan,nan,nan,nan,nan
413,nan,nan,nan,nan,nan,nan,nan
414,nan,nan,nan,nan,nan,nan,nan
415,nan,nan,nan,nan,nan,nan,nan
416,0.10181214660406113,336.6702575683594,156.02041625976562,424.4173278808594,236.94488525390625,380.5437927246094,196.48265075683594
417,nan,nan,nan,nan,nan,nan,nan
418,nan,nan,nan,nan,nan,nan,nan
419,0.1069546490907669,414.8075866699219,169.0655975341797,467.5611877441406,203.36856079101562,441.18438720703125,186.21707916259766
420,0.14739379286766052,415.40826416015625,169.39109802246094,467.26409912109375,203.36965942382812,441.336181640625,186.38037872314453
421,0.4116780161857605,331.63592529296875,159.06884765625,423.70062255859375,242.1071319580078,377.66827392578125,200.5879898071289
422,0.15575368702411652,325.00701904296875,162.91412353515625,424.264404296875,245.6758575439453,374.6357116699219,204.29499053955078
423,nan,nan,nan,nan,nan,nan,nan
424,nan,nan,nan,nan,nan,nan,nan
425,nan,nan,nan,nan,nan,nan,nan
426,0.13496975600719452,406.47418212890625,164.9768829345703,473.2997131347656,202.41091918945312,439.88694763183594,183.69390106201172
427,nan,nan,nan,nan,nan,nan,nan
428,0.17053551971912384,319.3125,172.98976135253906,420.208251953125,248.5564727783203,369.7603759765625,210.7731170654297
429,0.3459884226322174,318.9306640625,173.92239379882812,417.5523681640625,247.97264099121094,368.24151611328125,210.94751739501953
430,0.3213643431663513,318.6438903808594,173.96261596679688,416.59149169921875,247.93252563476562,367.61769104003906,210.94757080078125
431,0.2809126377105713,318.5704650878906,173.76429748535156,417.2435302734375,248.59886169433594,367.90699768066406,211.18157958984375
432,0.31578049063682556,318.2432861328125,173.83839416503906,417.2016906738281,249.66641235351562,367.7224884033203,211.75240325927734
433,0.2931552231311798,318.16204833984375,173.80519104003906,417.000732421875,249.16012573242188,367.5813903808594,211.48265838623047
434,0.30614930391311646,318.273193359375,173.6951904296875,417.0552978515625,249.73907470703125,367.66424560546875,211.71713256835938
435,0.3393087387084961,318.4398193359375,173.760498046875,416.5024108886719,249.25112915039062,367.4711151123047,211.5058135986328
436,0.31525281071662903,318.52972412109375,174.0144500732422,416.7003479003906,248.79766845703125,367.6150360107422,211.40605926513672
437,0.3040063679218292,318.0993347167969,174.0025634765625,416.58123779296875,249.4687957763672,367.3402862548828,211.73567962646484
438,0.36177292466163635,318.2795104980469,173.86810302734375,416.574462890625,249.05093383789062,367.42698669433594,211.4595184326172
439,0.2880967855453491,318.1773376464844,173.95040893554688,416.6996154785156,249.90725708007812,367.4384765625,211.9288330078125
440,0.2558993101119995,318.10498046875,173.94271850585938,416.696533203125,249.63185119628906,367.4007568359375,211.78728485107422
441,0.27270379662513733,318.0240783691406,173.8855743408203,416.87060546875,249.58950805664062,367.4473419189453,211.73754119873047
442,0.28078293800354004,317.87646484375,173.9201202392578,416.4619445800781,249.69671630859375,367.16920471191406,211.80841827392578
443,0.30166321992874146,317.81402587890625,173.98141479492188,416.73431396484375,250.09222412109375,367.274169921875,212.0368194580078
444,0.2628822922706604,318.01971435546875,173.83016967773438,417.02337646484375,249.3701934814453,367.52154541015625,211.60018157958984
445,0.30632850527763367,317.8997497558594,174.04177856445312,416.794189453125,249.5860595703125,367.3469696044922,211.8139190673828
446,0.30263859033584595,317.88372802734375,173.94300842285156,416.98663330078125,249.97906494140625,367.4351806640625,211.9610366821289
447,nan,nan,nan,nan,nan,nan,nan
448,nan,nan,nan,nan,nan,nan,nan
449,nan,nan,nan,nan,nan,nan,nan
450,0.12068958580493927,405.5331115722656,167.54371643066406,471.2315368652344,202.41989135742188,438.38232421875,184.98180389404297
451,nan,nan,nan,nan,nan,nan,nan
452,nan,nan,nan,nan,nan,nan,nan
453,nan,nan,nan,nan,nan,nan,nan
454,nan,nan,nan,nan,nan,nan,nan
455,nan,nan,nan,nan,nan,nan,nan
456,nan,nan,nan,nan,nan,nan,nan
457,0.15415950119495392,318.4503479003906,181.33493041992188,410.9605407714844,256.212890625,364.7054443359375,218.77391052246094
458,0.3990025222301483,319.02239990234375,181.47244262695312,413.0206298828125,256.39068603515625,366.0215148925781,218.9315643310547
459,0.3920794725418091,319.1502685546875,181.2568359375,413.57489013671875,256.6849365234375,366.3625793457031,218.97088623046875
460,0.3113653063774109,319.2728271484375,181.0382537841797,414.40496826171875,256.90069580078125,366.8388977050781,218.96947479248047
461,0.4072272777557373,319.3530578613281,181.34384155273438,413.9123840332031,256.9723815917969,366.6327209472656,219.15811157226562
462,0.39500927925109863,319.75543212890625,181.1403350830078,413.92724609375,256.8111877441406,366.8413391113281,218.97576141357422
463,0.4583330750465393,319.8507385253906,181.4758758544922,413.7063903808594,256.7996826171875,366.778564453125,219.13777923583984
464,0.6037982106208801,322.0879211425781,180.49911499023438,411.6360168457031,257.7704162597656,366.8619689941406,219.134765625
465,0.7682676315307617,322.9842224121094,185.69110107421875,422.6510009765625,259.8725280761719,372.81761169433594,222.7818145751953
466,0.7923089265823364,326.905029296875,196.66378784179688,427.50909423828125,269.2414855957031,377.2070617675781,232.95263671875
467,0.8344434499740601,333.50054931640625,201.50912475585938,431.96221923828125,276.046875,382.73138427734375,238.7779998779297
468,0.8632649779319763,337.92266845703125,204.3954620361328,431.80340576171875,277.927490234375,384.863037109375,241.1614761352539
469,0.8515926003456116,338.52392578125,203.94302368164062,434.0129699707031,277.621826171875,386.26844787597656,240.7824249267578
470,0.8228550553321838,338.43359375,203.1094207763672,423.85980224609375,276.8212890625,381.1466979980469,239.9653549194336
471,0.8307539820671082,339.6273193359375,203.45849609375,436.51666259765625,277.3595886230469,388.0719909667969,240.40904235839844
472,0.8190516233444214,340.28387451171875,203.13551330566406,437.89385986328125,277.24700927734375,389.0888671875,240.1912612915039
473,0.8311254978179932,340.15625,202.4669952392578,438.0195007324219,276.5447998046875,389.08787536621094,239.50589752197266
474,0.8279542326927185,340.0099792480469,202.5384521484375,437.98150634765625,276.6704406738281,388.99574279785156,239.6044464111328
475,0.8411520719528198,340.7227783203125,203.6107635498047,436.6227722167969,276.87078857421875,388.6727752685547,240.24077606201172
476,0.8295151591300964,340.90264892578125,203.51467895507812,438.6175231933594,277.14385986328125,389.7600860595703,240.3292694091797
477,0.8261734843254089,340.809326171875,203.5155487060547,439.0943298339844,277.181884765625,389.9518280029297,240.34871673583984
478,0.8244883418083191,340.784423828125,203.6041259765625,438.9119567871094,277.2498779296875,389.8481903076172,240.427001953125
479,0.8324915766716003,341.05853271484375,203.79519653320312,438.86431884765625,277.22100830078125,389.96142578125,240.5081024169922
480,0.8319918513298035,341.2273864746094,203.63653564453125,438.3873596191406,277.1165771484375,389.807373046875,240.37655639648438
481,0.8319514989852905,341.21240234375,203.50144958496094,438.534912109375,277.167236328125,389.8736572265625,240.33434295654297
482,0.8325508832931519,341.203857421875,203.62838745117188,437.8319091796875,277.10174560546875,389.51788330078125,240.3650665283203
483,0.8376394510269165,341.26019287109375,203.79574584960938,437.08953857421875,276.8824768066406,389.17486572265625,240.339111328125
484,0.8363751173019409,341.1590881347656,203.7180633544922,437.5132141113281,276.94781494140625,389.3361511230469,240.33293914794922
485,0.8337681293487549,341.0909423828125,203.5491485595703,438.830810546875,277.06280517578125,389.96087646484375,240.30597686767578
486,0.8368196487426758,341.065185546875,203.68157958984375,438.24029541015625,277.0221862792969,389.6527404785156,240.3518829345703
487,0.8384259343147278,341.02166748046875,203.51943969726562,438.91680908203125,277.0207214355469,389.96923828125,240.27008056640625
488,0.8406773209571838,341.4541931152344,203.27137756347656,438.81024169921875,277.07275390625,390.13221740722656,240.17206573486328
489,0.8408946990966797,341.3875732421875,203.53189086914062,438.1619873046875,276.80145263671875,389.7747802734375,240.1666717529297
490,0.8419317603111267,341.55029296875,203.47146606445312,438.298828125,276.79541015625,389.924560546875,240.13343811035156
491,0.8414031267166138,341.83343505859375,203.512939453125,438.1143493652344,276.61578369140625,389.97389221191406,240.06436157226562
492,0.84030681848526,341.4383544921875,203.64926147460938,437.62164306640625,276.8967590332031,389.5299987792969,240.27301025390625
493,0.8418512940406799,341.56304931640625,203.59584045410156,437.917724609375,276.7515563964844,389.7403869628906,240.17369842529297
494,0.8439617156982422,341.43865966796875,203.6022491455078,438.1544189453125,276.8216552734375,389.7965393066406,240.21195220947266
495,0.8442869186401367,341.6492919921875,203.6099853515625,438.2941589355469,276.7951354980469,389.9717254638672,240.2025604248047
496,0.8394755721092224,341.50860595703125,203.75514221191406,437.414306640625,276.87713623046875,389.4614562988281,240.3161392211914
497,0.8362857699394226,341.2947998046875,203.81918334960938,437.18450927734375,276.9418029785156,389.2396545410156,240.3804931640625
498,0.8323894739151001,341.3486633300781,204.96597290039062,432.34881591796875,276.61468505859375,386.84873962402344,240.7903289794922
499,0.8337830901145935,341.35357666015625,203.6938934326172,437.6661376953125,277.0591735839844,389.5098571777344,240.37653350830078
500,0.8337936401367188,341.3630676269531,203.69558715820312,437.6861572265625,277.06292724609375,389.5246124267578,240.37925720214844
501,0.8458544015884399,341.1632080078125,204.0992889404297,437.1684265136719,277.03173828125,389.1658172607422,240.56551361083984
502,0.8459000587463379,341.09771728515625,204.00576782226562,436.7320556640625,277.0595397949219,388.9148864746094,240.53265380859375
503,0.8488827347755432,341.0868225097656,204.053955078125,436.84075927734375,276.99945068359375,388.9637908935547,240.52670288085938
504,0.8451200127601624,341.0841369628906,203.97047424316406,436.89971923828125,277.07110595703125,388.99192810058594,240.52079010009766
505,0.8515142202377319,341.21575927734375,203.990966796875,436.63677978515625,277.0352478027344,388.92626953125,240.5131072998047
506,0.8445675373077393,340.9857177734375,203.99057006835938,437.1101989746094,277.24932861328125,389.04795837402344,240.6199493408203
507,0.8425177335739136,341.0732727050781,203.92471313476562,437.73046875,277.25164794921875,389.40187072753906,240.5881805419922
508,0.8461026549339294,341.27801513671875,203.8974609375,437.1649475097656,277.08251953125,389.2214813232422,240.489990234375
509,0.8421655297279358,341.6494445800781,203.64431762695312,438.41400146484375,277.418701171875,390.03172302246094,240.53150939941406
510,0.8442876935005188,341.49365234375,203.6934356689453,438.2718200683594,277.27630615234375,389.8827362060547,240.48487091064453
511,0.8455004096031189,341.598876953125,203.7070770263672,438.05517578125,277.22930908203125,389.8270263671875,240.46819305419922
512,0.8450136780738831,341.5511779785156,203.53463745117188,438.45611572265625,277.23980712890625,390.00364685058594,240.38722229003906
513,0.846932590007782,341.610107421875,203.54391479492188,438.4834899902344,277.1544189453125,390.0467987060547,240.3491668701172
514,0.8460745811462402,342.2138977050781,203.57015991210938,438.45135498046875,276.9172668457031,390.33262634277344,240.24371337890625
515,0.8274545669555664,348.5129699707031,206.85887145996094,438.9697265625,278.5340576171875,393.74134826660156,242.69646453857422
516,0.866026759147644,350.53533935546875,209.26565551757812,433.65185546875,280.1839599609375,392.0935974121094,244.7248077392578
517,0.8636429309844971,350.7328186035156,208.92050170898438,434.7191162109375,280.412841796875,392.72596740722656,244.6666717529297
518,0.8679803013801575,350.88970947265625,209.114013671875,434.1583557128906,280.6512145996094,392.52403259277344,244.8826141357422
519,0.8677653670310974,350.82623291015625,209.22848510742188,434.7292785644531,280.5982666015625,392.7777557373047,244.9133758544922
520,0.8681577444076538,350.79742431640625,209.23211669921875,435.0811767578125,280.87945556640625,392.9393005371094,245.0557861328125
521,0.8674916625022888,350.7738037109375,209.4337921142578,435.2401123046875,280.7496337890625,393.0069580078125,245.09171295166016
522,0.8649647235870361,350.8418273925781,209.2793426513672,435.6793212890625,280.990966796875,393.2605743408203,245.1351547241211
523,0.8657776713371277,350.807373046875,209.5880584716797,434.8105773925781,280.98931884765625,392.80897521972656,245.28868865966797
524,0.8680177927017212,350.7895202636719,209.56170654296875,434.4693603515625,281.0304870605469,392.6294403076172,245.2960968017578
525,0.8627824187278748,350.7997741699219,209.86734008789062,433.49871826171875,281.270263671875,392.1492462158203,245.5688018798828
526,0.863675057888031,350.8411560058594,209.4639129638672,434.9085388183594,281.16387939453125,392.8748474121094,245.31389617919922
527,0.8652462959289551,350.97430419921875,209.62559509277344,434.1253967285156,281.06787109375,392.5498504638672,245.34673309326172
528,0.8608042597770691,351.04595947265625,209.2397918701172,435.1086730957031,280.9925537109375,393.0773162841797,245.11617279052734
529,0.8553922176361084,351.0173645019531,209.7158660888672,434.004638671875,280.96771240234375,392.51100158691406,245.34178924560547
530,0.8533573150634766,350.96270751953125,209.63278198242188,433.7073669433594,281.0245056152344,392.3350372314453,245.32864379882812
531,0.854543924331665,350.95660400390625,209.54183959960938,434.47796630859375,281.0528259277344,392.71728515625,245.29733276367188
532,0.8538820147514343,351.11334228515625,209.09605407714844,435.4285583496094,280.97882080078125,393.2709503173828,245.03743743896484
533,0.8551834225654602,351.0608825683594,209.32603454589844,435.0493469238281,280.91998291015625,393.05511474609375,245.12300872802734
534,0.8519955277442932,351.05511474609375,208.84927368164062,435.33746337890625,280.8377380371094,393.1962890625,244.843505859375
535,0.8547030687332153,351.05609130859375,209.03219604492188,435.24267578125,280.86419677734375,393.1493835449219,244.9481964111328
536,0.8476454019546509,351.0262756347656,209.22689819335938,434.15240478515625,280.7796630859375,392.58934020996094,245.00328063964844
537,0.8417555093765259,350.9400939941406,209.06195068359375,434.83795166015625,280.6628723144531,392.88902282714844,244.86241149902344
538,0.8541648983955383,350.96917724609375,209.4569549560547,433.8272705078125,280.70391845703125,392.3982238769531,245.08043670654297
539,0.8578993678092957,351.0272216796875,209.37789916992188,434.61578369140625,280.66937255859375,392.8215026855469,245.0236358642578
540,0.8598273396492004,350.8802795410156,209.55258178710938,434.5711669921875,280.7186279296875,392.72572326660156,245.13560485839844
541,0.8627078533172607,350.82568359375,209.75770568847656,434.1931457519531,280.7573547363281,392.50941467285156,245.25753021240234
542,0.863356351852417,350.81256103515625,209.660888671875,434.22882080078125,280.8248291015625,392.52069091796875,245.24285888671875
543,0.8618968725204468,350.82794189453125,209.67384338378906,434.2235107421875,280.8162841796875,392.5257263183594,245.24506378173828
544,0.8611671924591064,350.79595947265625,209.581787109375,434.31707763671875,280.83636474609375,392.5565185546875,245.20907592773438
545,0.8618260622024536,350.81072998046875,209.697021484375,434.1043701171875,280.89556884765625,392.4575500488281,245.29629516601562
546,0.861717164516449,350.8050842285156,209.69308471679688,434.2978820800781,280.90496826171875,392.5514831542969,245.2990264892578
547,0.8607127666473389,350.7933349609375,209.99734497070312,433.4336242675781,280.8974609375,392.1134796142578,245.44740295410156
548,0.8596587181091309,350.79541015625,209.86956787109375,434.4010009765625,280.87347412109375,392.59820556640625,245.37152099609375
549,0.8605830073356628,350.86199951171875,210.28001403808594,431.69281005859375,280.86956787109375,391.27740478515625,245.57479095458984
550,0.8579779863357544,350.892333984375,210.25003051757812,431.89013671875,280.888916015625,391.3912353515625,245.56947326660156
551,0.8538155555725098,350.8584899902344,210.02755737304688,432.2647705078125,280.82659912109375,391.56163024902344,245.4270782470703
552,0.8583861589431763,350.9289855957031,209.9755096435547,432.78424072265625,280.7020568847656,391.8566131591797,245.33878326416016
553,0.8598218560218811,351.0621643066406,210.18453979492188,430.798095703125,280.6144104003906,390.9301300048828,245.39947509765625
554,0.8495094180107117,351.10504150390625,209.9307861328125,432.0065002441406,280.68475341796875,391.55577087402344,245.30776977539062
555,0.8515817523002625,351.0707702636719,210.12991333007812,432.0356140136719,280.6326599121094,391.5531921386719,245.38128662109375
556,0.8514462113380432,351.1817321777344,209.83743286132812,432.4950256347656,280.7733154296875,391.83837890625,245.3053741455078
557,0.852023720741272,351.185302734375,210.090087890625,431.59332275390625,280.660888671875,391.3893127441406,245.37548828125
558,0.8526617884635925,351.0374450683594,209.97784423828125,432.99810791015625,280.7135009765625,392.0177764892578,245.34567260742188
559,0.8517910838127136,351.0338439941406,209.92022705078125,432.81884765625,280.6849670410156,391.9263458251953,245.30259704589844
560,0.8526762127876282,351.03448486328125,209.96507263183594,433.346435546875,280.68670654296875,392.1904602050781,245.32588958740234
561,0.8523394465446472,350.96258544921875,209.91458129882812,432.7742919921875,280.6727600097656,391.8684387207031,245.29367065429688
562,0.8446853160858154,351.1139831542969,209.53115844726562,432.26348876953125,280.44781494140625,391.68873596191406,244.98948669433594
563,0.8524537086486816,351.0661315917969,209.71810913085938,432.15765380859375,280.5004577636719,391.6118927001953,245.10928344726562
564,0.8524294495582581,351.0015869140625,209.7791290283203,432.12750244140625,280.43450927734375,391.5645446777344,245.10681915283203
565,0.8511538505554199,351.24578857421875,209.46359252929688,431.5447082519531,280.3830871582031,391.39524841308594,244.92333984375
566,0.8484726548194885,351.2110290527344,209.4033966064453,432.9654235839844,280.33154296875,392.0882263183594,244.86746978759766
567,0.8476421236991882,351.1672668457031,209.28868103027344,433.8306884765625,280.40960693359375,392.4989776611328,244.8491439819336
568,0.8427296876907349,351.11871337890625,209.24588012695312,434.0574951171875,280.4725341796875,392.5881042480469,244.8592071533203
569,0.847037136554718,351.0643615722656,209.4152069091797,433.5403747558594,280.7210693359375,392.3023681640625,245.0681381225586
570,0.8499835729598999,351.04107666015625,209.34384155273438,434.13470458984375,280.82977294921875,392.587890625,245.08680725097656
571,0.8493965268135071,350.9932556152344,209.34548950195312,434.31317138671875,280.8336181640625,392.65321350097656,245.0895538330078
572,0.846527636051178,351.01123046875,209.34571838378906,434.8363952636719,280.86907958984375,392.92381286621094,245.1073989868164
573,0.8390023112297058,350.9571533203125,209.72634887695312,434.2828674316406,280.8917541503906,392.62001037597656,245.30905151367188
574,0.8359102010726929,350.92138671875,209.76681518554688,433.31951904296875,280.8138427734375,392.1204528808594,245.2903289794922
575,0.839601993560791,350.86822509765625,209.88047790527344,432.1656188964844,280.813720703125,391.5169219970703,245.34709930419922
576,0.8376011252403259,350.9398193359375,209.81936645507812,432.05609130859375,280.8591613769531,391.4979553222656,245.33926391601562
577,0.8410117626190186,350.9059753417969,209.9209442138672,431.17913818359375,280.7125244140625,391.0425567626953,245.31673431396484
578,0.8379836082458496,350.8763427734375,209.9344024658203,432.176025390625,280.811767578125,391.52618408203125,245.37308502197266
579,0.8408716320991516,350.85125732421875,209.35816955566406,433.9556884765625,280.78521728515625,392.4034729003906,245.07169342041016
580,0.8303998708724976,350.8481750488281,209.79913330078125,432.8115234375,280.8145751953125,391.82984924316406,245.30685424804688
581,0.8208374977111816,350.86834716796875,209.8959503173828,431.4461975097656,280.7020263671875,391.1572723388672,245.29898834228516
582,0.8240900635719299,350.8276062011719,209.78553771972656,431.5498352050781,280.536865234375,391.188720703125,245.16120147705078
583,0.8143237829208374,350.7746887207031,209.6627655029297,431.84051513671875,280.64337158203125,391.30760192871094,245.15306854248047
584,0.8181191682815552,350.7445983886719,209.86758422851562,431.07275390625,280.5711975097656,390.90867614746094,245.21939086914062
585,0.8272761106491089,350.8388671875,209.7993621826172,431.7062072753906,280.4953308105469,391.2725372314453,245.14734649658203
586,0.8252652883529663,350.84051513671875,209.72845458984375,431.51458740234375,280.5143737792969,391.17755126953125,245.1214141845703
587,0.8137125968933105,350.84814453125,209.608154296875,432.04949951171875,280.55987548828125,391.4488220214844,245.08401489257812
588,0.8200639486312866,350.9246520996094,209.45960998535156,432.8902587890625,280.482177734375,391.90745544433594,244.97089385986328
589,0.8214447498321533,350.885986328125,209.67822265625,432.5257568359375,280.4837646484375,391.70587158203125,245.08099365234375
590,0.8202689290046692,350.88525390625,209.66134643554688,431.6090087890625,280.59283447265625,391.24713134765625,245.12709045410156
591,0.8156167268753052,350.83636474609375,209.56100463867188,431.8250732421875,280.670654296875,391.3307189941406,245.11582946777344
592,0.8106922507286072,351.1781921386719,210.41798400878906,437.1544189453125,280.57135009765625,394.1663055419922,245.49466705322266
593,0.8196991682052612,350.8964538574219,209.6938018798828,431.4467468261719,280.4273681640625,391.1716003417969,245.06058502197266
594,0.8091175556182861,351.3393859863281,210.4203643798828,437.1676025390625,280.52484130859375,394.2534942626953,245.47260284423828
595,0.8018661737442017,351.275146484375,210.4710693359375,437.15216064453125,280.5900573730469,394.2136535644531,245.5305633544922
596,0.7967580556869507,351.4314880371094,210.4563446044922,436.9670104980469,280.4735107421875,394.1992492675781,245.46492767333984
597,0.7902081608772278,351.48553466796875,210.51022338867188,436.7846374511719,280.49017333984375,394.1350860595703,245.5001983642578
598,0.7853606939315796,351.42901611328125,210.0039825439453,437.5974426269531,280.518798828125,394.5132293701172,245.26139068603516
599,0.7856534123420715,351.4097900390625,209.91607666015625,437.82110595703125,280.6499328613281,394.6154479980469,245.2830047607422
600,0.7894003391265869,351.34161376953125,210.01531982421875,437.6366271972656,280.6184997558594,394.48912048339844,245.31690979003906
601,0.7928839921951294,351.24688720703125,209.88693237304688,438.6810607910156,280.743896484375,394.96397399902344,245.31541442871094
602,0.7898737192153931,351.46612548828125,210.04664611816406,438.2059020996094,280.53436279296875,394.8360137939453,245.2905044555664
603,0.779539942741394,351.53570556640625,209.73782348632812,438.56207275390625,280.6451721191406,395.04888916015625,245.19149780273438
604,0.7920202016830444,351.6074523925781,209.59024047851562,438.6144104003906,280.392578125,395.1109313964844,244.9914093017578
605,0.8011354207992554,351.55804443359375,209.62689208984375,438.860107421875,280.2547912597656,395.2090759277344,244.9408416748047
606,0.7996007204055786,351.513671875,209.70379638671875,439.34503173828125,280.4569396972656,395.4293518066406,245.0803680419922
607,0.7957761883735657,351.48388671875,209.8641357421875,439.2318420410156,280.1842346191406,395.3578643798828,245.02418518066406
608,0.7892832159996033,351.5177917480469,209.81228637695312,438.9854736328125,280.0261535644531,395.2516326904297,244.91921997070312
609,0.786516547203064,351.3948974609375,209.9934539794922,438.73870849609375,280.0457763671875,395.0668029785156,245.01961517333984
610,0.7927558422088623,351.5328674316406,210.1798553466797,438.54071044921875,280.1441650390625,395.0367889404297,245.1620101928711
611,0.787864089012146,351.6522521972656,209.78187561035156,439.22607421875,280.3435363769531,395.4391632080078,245.06270599365234
612,0.7951174974441528,351.57421875,210.0150146484375,438.6356506347656,280.3177185058594,395.1049346923828,245.16636657714844
613,0.8018705248832703,351.590087890625,209.68409729003906,438.8830261230469,280.37689208984375,395.23655700683594,245.0304946899414
614,0.7948217391967773,351.675537109375,209.82119750976562,438.92498779296875,280.34375,395.3002624511719,245.0824737548828
615,0.7924613952636719,351.61578369140625,209.91302490234375,438.9700012207031,280.3941650390625,395.2928924560547,245.15359497070312
616,0.7933027148246765,351.60040283203125,209.84664916992188,438.7672119140625,280.41302490234375,395.1838073730469,245.1298370361328
617,0.7989078164100647,351.52398681640625,209.66375732421875,438.8247985839844,280.2215576171875,395.1743927001953,244.94265747070312
618,0.7969704270362854,351.5673522949219,210.11334228515625,438.1692810058594,280.4215393066406,394.8683166503906,245.26744079589844
619,0.7957093715667725,351.5257263183594,210.07676696777344,438.52716064453125,280.34423828125,395.0264434814453,245.21050262451172
620,0.7971575260162354,351.47906494140625,210.23501586914062,438.3216247558594,280.30975341796875,394.9003448486328,245.2723846435547
621,0.7928633093833923,351.3343811035156,210.20960998535156,438.12322998046875,280.05938720703125,394.7288055419922,245.1344985961914
622,0.7935359477996826,351.3902893066406,210.2351531982422,438.1734924316406,280.29248046875,394.7818908691406,245.2638168334961
623,0.7928402423858643,351.32452392578125,210.2289276123047,438.0249938964844,280.1348876953125,394.6747589111328,245.1819076538086
624,0.7922794222831726,351.2818908691406,210.3233184814453,437.5751037597656,280.09869384765625,394.4284973144531,245.21100616455078
625,0.7854834198951721,351.26318359375,210.39166259765625,437.56500244140625,280.2389831542969,394.4140930175781,245.31532287597656
626,0.7933239936828613,351.3122253417969,210.42910766601562,437.467529296875,280.158935546875,394.38987731933594,245.2940216064453
627,0.7935171723365784,351.3363952636719,210.48692321777344,437.5601806640625,280.16400146484375,394.4482879638672,245.3254623413086
628,0.7988272309303284,351.3296813964844,210.47579956054688,437.7995910644531,280.28125,394.56463623046875,245.37852478027344
629,0.79303377866745,351.23443603515625,210.44554138183594,437.9101867675781,280.33599853515625,394.5723114013672,245.3907699584961
630,0.7961874008178711,351.3333435058594,210.48062133789062,437.406005859375,280.2599182128906,394.3696746826172,245.37026977539062
631,0.8013878464698792,351.3600769042969,210.24072265625,438.0252685546875,280.3218688964844,394.6926727294922,245.2812957763672
632,0.8019709587097168,351.3533935546875,210.2128143310547,438.0074157714844,280.330322265625,394.68040466308594,245.27156829833984
633,0.770021915435791,352.39508056640625,210.73965454101562,437.4298095703125,280.8893737792969,394.9124450683594,245.81451416015625
634,0.6664251685142517,355.8525085449219,213.29351806640625,430.283203125,283.16253662109375,393.06785583496094,248.22802734375
635,0.47511157393455505,549.8162231445312,191.48492431640625,611.7846069335938,243.4456787109375,580.8004150390625,217.46530151367188
636,0.6345468759536743,555.7059936523438,187.11080932617188,614.7816162109375,241.98880004882812,585.2438049316406,214.5498046875
637,0.6443068385124207,556.1182861328125,187.65274047851562,614.8140869140625,241.9547119140625,585.4661865234375,214.80372619628906
638,0.6849943995475769,557.0294189453125,189.00865173339844,614.992431640625,241.9600067138672,586.0109252929688,215.4843292236328
639,0.6952540278434753,557.022216796875,189.0227508544922,615.0118408203125,241.9013671875,586.0170288085938,215.4620590209961
640,0.6939139366149902,556.9122314453125,188.7876434326172,614.9403686523438,241.87403869628906,585.9263000488281,215.33084106445312
641,0.6809809803962708,556.4232788085938,187.71047973632812,615.0194091796875,241.90077209472656,585.7213439941406,214.80562591552734
642,0.6933245658874512,557.011474609375,187.54966735839844,615.275634765625,241.5970916748047,586.1435546875,214.57337951660156
643,0.6950744986534119,557.1400146484375,187.67236328125,614.910400390625,241.50262451171875,586.0252075195312,214.58749389648438
644,0.8178020715713501,367.85418701171875,198.46559143066406,460.99432373046875,288.36578369140625,414.42425537109375,243.41568756103516
645,nan,nan,nan,nan,nan,nan,nan
646,nan,nan,nan,nan,nan,nan,nan
647,nan,nan,nan,nan,nan,nan,nan
648,0.1664385050535202,469.3484802246094,207.44338989257812,581.8360595703125,284.6847839355469,525.5922698974609,246.0640869140625
649,0.5426365733146667,537.2791748046875,309.89031982421875,639.0731201171875,392.36029052734375,588.1761474609375,351.12530517578125
650,0.482310026884079,588.839599609375,333.27716064453125,702.2767333984375,432.4049072265625,645.5581665039062,382.8410339355469
651,0.7099857926368713,646.8843994140625,338.24737548828125,746.864501953125,432.49066162109375,696.8744506835938,385.3690185546875
652,0.8194777965545654,677.5975341796875,339.52130126953125,782.2172241210938,411.5970153808594,729.9073791503906,375.5591583251953
653,0.4972143769264221,706.64794921875,319.9180908203125,826.7550659179688,433.9173583984375,766.7015075683594,376.917724609375
654,0.786001443862915,767.9459838867188,305.9167785644531,870.7584228515625,385.8280334472656,819.3522033691406,345.8724060058594
655,0.8314255475997925,819.3700561523438,310.268798828125,918.3079833984375,389.3387451171875,868.8390197753906,349.80377197265625
656,0.777856171131134,866.7837524414062,302.05255126953125,965.9562377929688,377.69964599609375,916.3699951171875,339.8760986328125
657,0.8164779543876648,915.1146240234375,281.700439453125,1010.905517578125,355.103759765625,963.0100708007812,318.402099609375
658,0.7778242230415344,963.15185546875,259.4361572265625,1059.124755859375,334.9178466796875,1011.1383056640625,297.177001953125
659,0.8085896968841553,1014.0946655273438,263.24774169921875,1105.185546875,333.2874450683594,1059.6401062011719,298.26759338378906
660,0.8100048899650574,1055.4259033203125,258.4005432128906,1145.9705810546875,332.3592529296875,1100.6982421875,295.37989807128906
661,0.8323200941085815,1094.6585693359375,249.09817504882812,1179.84130859375,317.001953125,1137.2499389648438,283.05006408691406
662,0.8432908654212952,1113.8148193359375,244.38446044921875,1195.2960205078125,312.4007263183594,1154.555419921875,278.39259338378906
663,0.8548716306686401,1119.55126953125,244.43568420410156,1203.9658203125,312.7850341796875,1161.758544921875,278.61035919189453
664,0.8584761023521423,1118.8448486328125,244.4490509033203,1203.9827880859375,313.09765625,1161.413818359375,278.77335357666016
665,0.8592559099197388,1118.204833984375,244.4886016845703,1203.860107421875,313.35357666015625,1161.032470703125,278.9210891723633
666,0.8661783337593079,1117.6446533203125,244.7654571533203,1204.2001953125,314.0532531738281,1160.9224243164062,279.4093551635742
667,0.8643645644187927,1117.574462890625,244.99085998535156,1204.2314453125,313.8536376953125,1160.9029541015625,279.42224884033203
668,0.865469217300415,1118.4869384765625,245.0895538330078,1204.166015625,313.87841796875,1161.3264770507812,279.4839859008789
669,0.8564003705978394,1119.017822265625,244.05052185058594,1204.4998779296875,313.63763427734375,1161.7588500976562,278.84407806396484
670,0.8743799328804016,1124.67041015625,249.9707794189453,1208.3115234375,320.85272216796875,1166.490966796875,285.41175079345703
671,0.8954774737358093,1126.796142578125,254.70086669921875,1209.43408203125,326.3182678222656,1168.1151123046875,290.5095672607422
672,0.8968637585639954,1127.072265625,255.13980102539062,1209.27490234375,326.3855895996094,1168.173583984375,290.7626953125
673,0.8969899415969849,1127.07373046875,254.47837829589844,1209.3836669921875,326.0450439453125,1168.2286987304688,290.26171112060547
674,0.8942169547080994,1126.9691162109375,254.53115844726562,1209.429931640625,326.2177734375,1168.1995239257812,290.3744659423828
675,0.8920223712921143,1126.5390625,253.66757202148438,1209.588134765625,326.334716796875,1168.0635986328125,290.0011444091797
676,0.8925936222076416,1126.9200439453125,254.52420043945312,1209.3995361328125,326.1119384765625,1168.1597900390625,290.3180694580078
677,0.8955992460250854,1127.2265625,254.55812072753906,1209.3585205078125,326.07635498046875,1168.2925415039062,290.3172378540039
678,0.8958826661109924,1126.933837890625,254.52383422851562,1209.397216796875,326.5897216796875,1168.16552734375,290.55677795410156
679,0.87771075963974,1126.66552734375,250.9072265625,1211.689697265625,323.50909423828125,1169.1776123046875,287.2081604003906
680,0.8666844964027405,1133.5535888671875,247.2718963623047,1216.959228515625,320.66717529296875,1175.2564086914062,283.9695358276367
681,0.8784450888633728,1139.4384765625,247.51597595214844,1224.058349609375,322.7976379394531,1181.7484130859375,285.1568069458008
682,0.8242059350013733,1147.948974609375,238.92169189453125,1236.974365234375,315.8409118652344,1192.461669921875,277.3813018798828
683,0.8518652319908142,1164.568115234375,230.1771697998047,1252.5107421875,303.0174560546875,1208.5394287109375,266.5973129272461
684,0.8817310929298401,1191.09375,223.5058135986328,1271.70849609375,296.9522705078125,1231.401123046875,260.22904205322266
685,0.8317791819572449,1208.0439453125,216.50784301757812,1289.5179443359375,290.9736328125,1248.7809448242188,253.74073791503906
686,0.8257932662963867,1217.054443359375,213.3050537109375,1299.7298583984375,305.78704833984375,1258.3921508789062,259.5460510253906
687,0.5114392638206482,1244.8897705078125,214.9407958984375,1326.107666015625,278.4589538574219,1285.4987182617188,246.6998748779297
688,nan,nan,nan,nan,nan,nan,nan
689,nan,nan,nan,nan,nan,nan,nan
690,nan,nan,nan,nan,nan,nan,nan
691,nan,nan,nan,nan,nan,nan,nan
692,nan,nan,nan,nan,nan,nan,nan
693,nan,nan,nan,nan,nan,nan,nan
694,nan,nan,nan,nan,nan,nan,nan
695,nan,nan,nan,nan,nan,nan,nan
696,nan,nan,nan,nan,nan,nan,nan
697,0.10482151806354523,1314.62548828125,197.03466796875,1391.05224609375,271.3883972167969,1352.8388671875,234.21153259277344
698,nan,nan,nan,nan,nan,nan,nan
699,nan,nan,nan,nan,nan,nan,nan
700,nan,nan,nan,nan,nan,nan,nan
701,nan,nan,nan,nan,nan,nan,nan
702,nan,nan,nan,nan,nan,nan,nan
703,0.22385652363300323,1319.719482421875,201.40838623046875,1398.697998046875,273.4257507324219,1359.208740234375,237.4170684814453
704,0.41945934295654297,1305.260009765625,174.26959228515625,1392.36865234375,250.47879028320312,1348.8143310546875,212.3741912841797
705,nan,nan,nan,nan,nan,nan,nan
706,nan,nan,nan,nan,nan,nan,nan
707,nan,nan,nan,nan,nan,nan,nan
708,nan,nan,nan,nan,nan,nan,nan
709,nan,nan,nan,nan,nan,nan,nan
710,nan,nan,nan,nan,nan,nan,nan
711,nan,nan,nan,nan,nan,nan,nan
712,nan,nan,nan,nan,nan,nan,nan
713,0.1374928206205368,1284.108642578125,204.97988891601562,1383.83740234375,279.0606689453125,1333.9730224609375,242.02027893066406
714,nan,nan,nan,nan,nan,nan,nan
715,nan,nan,nan,nan,nan,nan,nan
716,nan,nan,nan,nan,nan,nan,nan
717,nan,nan,nan,nan,nan,nan,nan
718,nan,nan,nan,nan,nan,nan,nan
719,nan,nan,nan,nan,nan,nan,nan
720,nan,nan,nan,nan,nan,nan,nan
721,nan,nan,nan,nan,nan,nan,nan
722,nan,nan,nan,nan,nan,nan,nan
723,nan,nan,nan,nan,nan,nan,nan
724,nan,nan,nan,nan,nan,nan,nan
725,nan,nan,nan,nan,nan,nan,nan
726,nan,nan,nan,nan,nan,nan,nan
727,nan,nan,nan,nan,nan,nan,nan
728,nan,nan,nan,nan,nan,nan,nan
729,nan,nan,nan,nan,nan,nan,nan
730,nan,nan,nan,nan,nan,nan,nan
731,nan,nan,nan,nan,nan,nan,nan
732,nan,nan,nan,nan,nan,nan,nan
733,nan,nan,nan,nan,nan,nan,nan
734,nan,nan,nan,nan,nan,nan,nan
735,nan,nan,nan,nan,nan,nan,nan
736,nan,nan,nan,nan,nan,nan,nan
737,nan,nan,nan,nan,nan,nan,nan
738,nan,nan,nan,nan,nan,nan,nan
739,nan,nan,nan,nan,nan,nan,nan
740,nan,nan,nan,nan,nan,nan,nan
741,nan,nan,nan,nan,nan,nan,nan
742,nan,nan,nan,nan,nan,nan,nan
743,nan,nan,nan,nan,nan,nan,nan
744,nan,nan,nan,nan,nan,nan,nan
745,nan,nan,nan,nan,nan,nan,nan
746,nan,nan,nan,nan,nan,nan,nan
747,nan,nan,nan,nan,nan,nan,nan
748,nan,nan,nan,nan,nan,nan,nan
749,nan,nan,nan,nan,nan,nan,nan
750,nan,nan,nan,nan,nan,nan,nan
751,0.3560101091861725,1289.63330078125,208.00978088378906,1364.3753662109375,278.91717529296875,1327.0043334960938,243.4634780883789
752,0.13966648280620575,1287.19287109375,207.12435913085938,1363.982421875,277.4389953613281,1325.587646484375,242.28167724609375
753,0.2657025456428528,1289.460693359375,207.80474853515625,1363.645263671875,278.501953125,1326.552978515625,243.15335083007812
754,0.1230204775929451,1288.9034423828125,207.76541137695312,1363.5408935546875,278.3982849121094,1326.22216796875,243.08184814453125
755,0.34184807538986206,1289.869873046875,207.08950805664062,1363.860107421875,277.1229553222656,1326.864990234375,242.10623168945312
756,0.19888979196548462,1289.729736328125,206.94131469726562,1364.011962890625,277.1844482421875,1326.870849609375,242.06288146972656
757,0.23237290978431702,1290.0531005859375,206.91709899902344,1363.986083984375,277.0582275390625,1327.0195922851562,241.98766326904297
758,0.16096702218055725,1285.2528076171875,206.62945556640625,1364.2738037109375,277.4927062988281,1324.7633056640625,242.0610809326172
759,0.5696749687194824,1286.980712890625,207.68557739257812,1363.44677734375,278.12115478515625,1325.2137451171875,242.9033660888672
760,0.5261465907096863,1287.389892578125,207.6260986328125,1363.41259765625,278.1747131347656,1325.4012451171875,242.90040588378906
761,0.5235345363616943,1288.799072265625,206.85987854003906,1364.0401611328125,277.38031005859375,1326.4196166992188,242.1200942993164
762,0.5311694741249084,1286.8955078125,207.59857177734375,1363.407470703125,278.17755126953125,1325.1514892578125,242.8880615234375
763,0.5752692818641663,1288.803955078125,207.11009216308594,1363.951171875,277.4171447753906,1326.3775634765625,242.26361846923828
764,0.48503750562667847,1287.656005859375,206.6440887451172,1363.879150390625,277.57513427734375,1325.767578125,242.10961151123047
765,0.6564763188362122,1281.6409912109375,207.73388671875,1359.6519775390625,282.0819396972656,1320.646484375,244.9079132080078
766,0.5713819265365601,1278.608154296875,210.07608032226562,1348.99267578125,290.2768249511719,1313.8004150390625,250.17645263671875
767,0.6023275256156921,1278.830810546875,214.8677215576172,1351.358154296875,298.6019287109375,1315.094482421875,256.73482513427734
768,0.48484691977500916,1278.4373779296875,216.24087524414062,1352.186767578125,298.7691650390625,1315.3120727539062,257.50502014160156
769,0.5780974626541138,1279.0640869140625,217.052490234375,1350.9681396484375,298.707763671875,1315.01611328125,257.880126953125
770,0.5503978133201599,1279.2564697265625,216.55947875976562,1351.1715087890625,298.6820983886719,1315.2139892578125,257.62078857421875
771,0.6425604224205017,1279.3798828125,216.5361328125,1350.9188232421875,298.7254638671875,1315.1493530273438,257.63079833984375
772,0.516718864440918,1278.198974609375,216.80245971679688,1351.8062744140625,299.1050720214844,1315.0026245117188,257.9537658691406
773,0.5402857661247253,1277.669189453125,216.23460388183594,1351.5875244140625,299.26641845703125,1314.6283569335938,257.7505111694336
774,0.5782204866409302,1277.677490234375,215.92616271972656,1351.460693359375,299.26910400390625,1314.569091796875,257.5976333618164
775,0.5104821920394897,1276.416015625,215.42623901367188,1351.426513671875,299.4372253417969,1313.9212646484375,257.4317321777344
776,0.39437106251716614,1277.5528564453125,217.18597412109375,1351.56787109375,299.43804931640625,1314.5603637695312,258.31201171875
777,0.38797831535339355,1277.2314453125,216.26953125,1351.667236328125,299.33599853515625,1314.4493408203125,257.8027648925781
778,0.4396294057369232,1277.6234130859375,216.94467163085938,1351.6771240234375,299.4069519042969,1314.6502685546875,258.1758117675781
779,0.5247122049331665,1276.59033203125,216.01171875,1351.559814453125,299.5177001953125,1314.0750732421875,257.76470947265625
780,0.5013241767883301,1276.480224609375,217.57127380371094,1350.748779296875,299.65570068359375,1313.614501953125,258.61348724365234
781,0.3892873227596283,1275.5013427734375,218.99368286132812,1348.931396484375,299.6220703125,1312.2163696289062,259.30787658691406
782,0.772727370262146,1271.96240234375,224.24798583984375,1341.73876953125,301.5096130371094,1306.8505859375,262.87879943847656
783,0.6594235897064209,1266.23486328125,247.91940307617188,1334.973388671875,314.2202453613281,1300.6041259765625,281.06982421875
784,0.6259036064147949,1247.317138671875,270.3977966308594,1322.558837890625,346.6313781738281,1284.93798828125,308.51458740234375
785,0.3682510256767273,1234.44775390625,296.0582275390625,1318.81005859375,381.45745849609375,1276.62890625,338.7578430175781
786,0.852949321269989,1223.916748046875,319.676025390625,1309.229248046875,411.7701416015625,1266.572998046875,365.72308349609375
787,0.8268908262252808,1196.3280029296875,349.43707275390625,1276.1839599609375,422.29876708984375,1236.2559814453125,385.867919921875
788,0.835577666759491,1146.513916015625,343.71063232421875,1228.4615478515625,431.48486328125,1187.4877319335938,387.5977478027344
789,0.700840413570404,1099.435302734375,348.2758483886719,1206.3104248046875,446.3067626953125,1152.8728637695312,397.2913055419922
790,0.6957237720489502,1072.3515625,354.6426086425781,1175.89111328125,451.54010009765625,1124.121337890625,403.0913543701172
791,0.8376585245132446,1046.291015625,354.1585693359375,1140.2728271484375,445.6820983886719,1093.2819213867188,399.9203338623047
792,0.8377763628959656,1024.3275146484375,369.3865966796875,1114.0111083984375,445.05181884765625,1069.1693115234375,407.2192077636719
793,0.7748426795005798,1002.5548095703125,368.55712890625,1092.2255859375,461.13653564453125,1047.3901977539062,414.8468322753906
794,0.803047776222229,971.1337280273438,367.32171630859375,1058.97900390625,449.1631164550781,1015.0563659667969,408.24241638183594
795,0.8679442405700684,934.2630615234375,370.5382385253906,1020.5950927734375,445.5615234375,977.4290771484375,408.0498809814453
796,0.8405242562294006,893.8577270507812,358.175537109375,993.0910034179688,450.08074951171875,943.474365234375,404.1281433105469
797,0.7973690629005432,845.029541015625,354.8778076171875,968.90625,434.28826904296875,906.9678955078125,394.5830383300781
798,0.8379960656166077,805.2271728515625,336.92022705078125,901.033447265625,421.15789794921875,853.1303100585938,379.0390625
799,0.721023440361023,760.2584228515625,312.22174072265625,864.3280029296875,404.4447326660156,812.293212890625,358.33323669433594
800,0.8035244941711426,712.0259399414062,303.97735595703125,812.623046875,378.16448974609375,762.3244934082031,341.0709228515625
801,0.7829607129096985,670.0032958984375,295.7796936035156,764.52294921875,372.4931945800781,717.2631225585938,334.1364440917969
802,nan,nan,nan,nan,nan,nan,nan
803,0.8726032972335815,587.28662109375,251.08218383789062,689.0494995117188,334.8157653808594,638.1680603027344,292.948974609375
804,0.4790410101413727,537.3424072265625,249.64292907714844,636.41650390625,328.13519287109375,586.8794555664062,288.8890609741211
805,nan,nan,nan,nan,nan,nan,nan
806,0.5901221632957458,595.3372192382812,243.97068786621094,715.201171875,334.95758056640625,655.2691955566406,289.4641342163086
807,nan,nan,nan,nan,nan,nan,nan
808,0.7210485935211182,406.0426940917969,206.20211791992188,499.88726806640625,285.7403869628906,452.96498107910156,245.97125244140625
809,0.434654176235199,382.9123840332031,194.43551635742188,473.63763427734375,277.7774353027344,428.27500915527344,236.10647583007812
810,nan,nan,nan,nan,nan,nan,nan
811,nan,nan,nan,nan,nan,nan,nan
812,nan,nan,nan,nan,nan,nan,nan
813,nan,nan,nan,nan,nan,nan,nan
814,nan,nan,nan,nan,nan,nan,nan
815,nan,nan,nan,nan,nan,nan,nan
816,nan,nan,nan,nan,nan,nan,nan
817,nan,nan,nan,nan,nan,nan,nan
818,nan,nan,nan,nan,nan,nan,nan
819,nan,nan,nan,nan,nan,nan,nan
820,nan,nan,nan,nan,nan,nan,nan
821,nan,nan,nan,nan,nan,nan,nan
822,nan,nan,nan,nan,nan,nan,nan
823,nan,nan,nan,nan,nan,nan,nan
824,nan,nan,nan,nan,nan,nan,nan
825,nan,nan,nan,nan,nan,nan,nan
826,nan,nan,nan,nan,nan,nan,nan
827,nan,nan,nan,nan,nan,nan,nan
828,0.16165702044963837,364.9663391113281,157.88150024414062,438.1322021484375,201.89007568359375,401.5492706298828,179.8857879638672
829,nan,nan,nan,nan,nan,nan,nan
830,nan,nan,nan,nan,nan,nan,nan
831,nan,nan,nan,nan,nan,nan,nan
832,nan,nan,nan,nan,nan,nan,nan
833,nan,nan,nan,nan,nan,nan,nan
834,nan,nan,nan,nan,nan,nan,nan
835,nan,nan,nan,nan,nan,nan,nan
836,nan,nan,nan,nan,nan,nan,nan
837,nan,nan,nan,nan,nan,nan,nan
838,nan,nan,nan,nan,nan,nan,nan
839,nan,nan,nan,nan,nan,nan,nan
840,nan,nan,nan,nan,nan,nan,nan
841,nan,nan,nan,nan,nan,nan,nan
842,nan,nan,nan,nan,nan,nan,nan
843,0.11168786883354187,363.599853515625,158.19345092773438,438.4562072753906,203.20736694335938,401.0280303955078,180.70040893554688
844,nan,nan,nan,nan,nan,nan,nan
845,nan,nan,nan,nan,nan,nan,nan
846,0.13601259887218475,567.8983764648438,221.8784637451172,624.2747802734375,277.16790771484375,596.0865783691406,249.52318572998047
847,nan,nan,nan,nan,nan,nan,nan
848,nan,nan,nan,nan,nan,nan,nan
849,nan,nan,nan,nan,nan,nan,nan
850,nan,nan,nan,nan,nan,nan,nan
851,nan,nan,nan,nan,nan,nan,nan
852,nan,nan,nan,nan,nan,nan,nan
853,nan,nan,nan,nan,nan,nan,nan
854,nan,nan,nan,nan,nan,nan,nan
855,nan,nan,nan,nan,nan,nan,nan
856,nan,nan,nan,nan,nan,nan,nan
857,nan,nan,nan,nan,nan,nan,nan
858,nan,nan,nan,nan,nan,nan,nan
859,nan,nan,nan,nan,nan,nan,nan
860,nan,nan,nan,nan,nan,nan,nan
861,nan,nan,nan,nan,nan,nan,nan
862,nan,nan,nan,nan,nan,nan,nan
863,nan,nan,nan,nan,nan,nan,nan
864,nan,nan,nan,nan,nan,nan,nan
865,nan,nan,nan,nan,nan,nan,nan
866,nan,nan,nan,nan,nan,nan,nan
867,nan,nan,nan,nan,nan,nan,nan
868,nan,nan,nan,nan,nan,nan,nan
869,nan,nan,nan,nan,nan,nan,nan
870,nan,nan,nan,nan,nan,nan,nan
871,nan,nan,nan,nan,nan,nan,nan
872,nan,nan,nan,nan,nan,nan,nan
873,nan,nan,nan,nan,nan,nan,nan
874,nan,nan,nan,nan,nan,nan,nan
875,nan,nan,nan,nan,nan,nan,nan
876,nan,nan,nan,nan,nan,nan,nan
877,nan,nan,nan,nan,nan,nan,nan
878,nan,nan,nan,nan,nan,nan,nan
879,nan,nan,nan,nan,nan,nan,nan
880,nan,nan,nan,nan,nan,nan,nan
881,nan,nan,nan,nan,nan,nan,nan
882,nan,nan,nan,nan,nan,nan,nan
883,nan,nan,nan,nan,nan,nan,nan
884,nan,nan,nan,nan,nan,nan,nan
885,nan,nan,nan,nan,nan,nan,nan
886,nan,nan,nan,nan,nan,nan,nan
887,nan,nan,nan,nan,nan,nan,nan
888,nan,nan,nan,nan,nan,nan,nan
889,nan,nan,nan,nan,nan,nan,nan
890,nan,nan,nan,nan,nan,nan,nan
891,nan,nan,nan,nan,nan,nan,nan
892,nan,nan,nan,nan,nan,nan,nan
893,nan,nan,nan,nan,nan,nan,nan
894,nan,nan,nan,nan,nan,nan,nan
895,nan,nan,nan,nan,nan,nan,nan
896,nan,nan,nan,nan,nan,nan,nan
897,nan,nan,nan,nan,nan,nan,nan
898,0.4637349843978882,290.7422790527344,195.24234008789062,385.4556884765625,269.04229736328125,338.09898376464844,232.14231872558594
899,0.7731280326843262,292.0098876953125,198.47613525390625,383.007080078125,268.15838623046875,337.50848388671875,233.3172607421875
900,0.7283208966255188,291.72613525390625,199.05377197265625,384.71124267578125,268.6582946777344,338.21868896484375,233.8560333251953
901,0.7148454189300537,291.8216857910156,199.1264190673828,385.04168701171875,268.66015625,338.4316864013672,233.8932876586914
902,0.7115082144737244,291.98040771484375,199.61764526367188,385.08697509765625,268.8251953125,338.53369140625,234.22142028808594
903,0.7091406583786011,292.1190185546875,200.2528839111328,385.173583984375,268.92987060546875,338.64630126953125,234.59137725830078
904,0.7116389870643616,291.8209228515625,199.90365600585938,384.9739990234375,269.07763671875,338.3974609375,234.4906463623047
905,0.6946982741355896,291.5677185058594,199.73898315429688,385.1657409667969,269.1000671386719,338.3667297363281,234.41952514648438
906,0.6548501253128052,291.17352294921875,199.8625946044922,385.5501708984375,269.3057861328125,338.3618469238281,234.58419036865234
907,0.6002945303916931,290.88409423828125,199.98590087890625,385.3904113769531,269.8464050292969,338.1372528076172,234.91615295410156
908,0.6523066759109497,291.4516296386719,199.80078125,385.6244201660156,269.6162414550781,338.53802490234375,234.70851135253906
909,0.6561568975448608,291.47210693359375,199.79319763183594,385.9246826171875,269.4761962890625,338.6983947753906,234.63469696044922
910,0.6565971970558167,291.5124206542969,199.81109619140625,385.8948669433594,269.51788330078125,338.7036437988281,234.66448974609375
911,0.5703930258750916,291.8248291015625,199.6112823486328,386.509033203125,269.85430908203125,339.16693115234375,234.73279571533203
912,0.5779462456703186,291.74176025390625,199.27938842773438,386.2949523925781,269.59136962890625,339.0183563232422,234.4353790283203
913,0.611494779586792,291.6370849609375,199.14353942871094,386.3577880859375,269.6776123046875,338.9974365234375,234.41057586669922
914,0.6465027332305908,291.75799560546875,199.27215576171875,386.2671203613281,269.6048889160156,339.01255798339844,234.4385223388672
915,0.6325501799583435,291.7359619140625,199.49566650390625,386.2825012207031,269.6651611328125,339.0092315673828,234.58041381835938
916,0.6485335230827332,292.01885986328125,199.34991455078125,386.354248046875,269.6251220703125,339.1865539550781,234.48751831054688
917,0.659346878528595,292.0514831542969,198.84503173828125,386.464599609375,269.5096435546875,339.25804138183594,234.17733764648438
918,0.6335304975509644,291.9841003417969,199.2010498046875,386.79754638671875,269.573974609375,339.3908233642578,234.38751220703125
919,0.6625031232833862,292.367431640625,198.79953002929688,386.56988525390625,269.556884765625,339.4686584472656,234.17820739746094
920,0.6485576629638672,292.198974609375,199.11753845214844,386.5474853515625,269.62969970703125,339.37322998046875,234.37361907958984
921,0.6416653394699097,292.0655517578125,199.14193725585938,386.365966796875,269.66162109375,339.21575927734375,234.4017791748047
922,0.6618379354476929,291.95965576171875,199.30838012695312,386.23187255859375,269.469482421875,339.09576416015625,234.38893127441406
923,0.6487340927124023,291.7552185058594,199.5347442626953,386.0715637207031,269.62744140625,338.91339111328125,234.58109283447266
924,0.6103001832962036,292.0328063964844,199.0443878173828,385.9873352050781,269.48284912109375,339.01007080078125,234.26361846923828
925,0.6541958451271057,292.0963134765625,199.2239990234375,385.75848388671875,269.41943359375,338.9273986816406,234.32171630859375
926,0.6140157580375671,291.9901428222656,199.19174194335938,385.6051025390625,269.43511962890625,338.79762268066406,234.3134307861328
927,0.5612730383872986,292.21099853515625,199.46194458007812,385.6656494140625,269.5376892089844,338.9383239746094,234.49981689453125
928,0.5032784342765808,292.27850341796875,199.11947631835938,385.7042541503906,269.201171875,338.9913787841797,234.1603240966797
929,0.636829674243927,292.50384521484375,199.59947204589844,384.20947265625,268.9578857421875,338.3566589355469,234.27867889404297
930,0.6864882707595825,300.7566833496094,202.7152862548828,384.4291076660156,273.051513671875,342.5928955078125,237.8833999633789
931,0.7186059951782227,302.28961181640625,206.11788940429688,383.51483154296875,276.09539794921875,342.9022216796875,241.1066436767578
932,0.6911957263946533,302.1318359375,204.94573974609375,384.0596923828125,276.2040710449219,343.09576416015625,240.5749053955078
933,0.6444541215896606,301.94012451171875,204.960205078125,383.52716064453125,276.52001953125,342.733642578125,240.7401123046875
934,0.6358208060264587,302.1337585449219,205.42007446289062,383.7018737792969,276.5321044921875,342.9178161621094,240.97608947753906
935,0.6382246613502502,302.1729736328125,205.5991973876953,384.2928466796875,276.74127197265625,343.23291015625,241.17023468017578
936,0.627214789390564,302.0545349121094,205.93569946289062,383.9314270019531,277.2902526855469,342.99298095703125,241.61297607421875
937,0.6459439396858215,301.8759460449219,205.89898681640625,383.9892272949219,277.08624267578125,342.9325866699219,241.49261474609375
938,0.6152824759483337,301.83453369140625,206.10736083984375,384.1513366699219,277.5879821777344,342.99293518066406,241.84767150878906
939,0.6499683856964111,301.81365966796875,206.40121459960938,384.33642578125,277.7295837402344,343.0750427246094,242.06539916992188
940,0.6537721753120422,301.634765625,206.34530639648438,384.12847900390625,277.88720703125,342.8816223144531,242.1162567138672
941,0.6427398324012756,301.7991027832031,206.0093994140625,384.45263671875,277.8446960449219,343.12586975097656,241.9270477294922
942,0.6366139054298401,301.65966796875,206.10525512695312,384.46246337890625,277.886962890625,343.0610656738281,241.99610900878906
943,0.6010228991508484,301.9630126953125,205.68438720703125,384.978759765625,277.96856689453125,343.47088623046875,241.82647705078125
944,0.6571588516235352,301.950439453125,205.55552673339844,384.6463623046875,277.73468017578125,343.29840087890625,241.64510345458984
945,0.6629678010940552,302.05230712890625,205.88882446289062,384.5763244628906,277.6529846191406,343.31431579589844,241.77090454101562
946,0.6950235962867737,302.1339111328125,205.67962646484375,384.60772705078125,277.8531188964844,343.3708190917969,241.76637268066406
947,0.696013867855072,302.21282958984375,205.53753662109375,384.6160583496094,277.9949951171875,343.41444396972656,241.76626586914062
948,0.6644512414932251,302.008056640625,205.67051696777344,384.9588317871094,277.97430419921875,343.4834442138672,241.8224105834961
949,0.6867852210998535,301.99310302734375,205.5659637451172,384.8019104003906,277.81243896484375,343.3975067138672,241.68920135498047
950,0.6821469068527222,302.0279846191406,205.5091552734375,384.80474853515625,277.867431640625,343.41636657714844,241.68829345703125
951,0.693223774433136,301.94586181640625,205.25140380859375,384.55987548828125,277.7257080078125,343.25286865234375,241.48855590820312
952,0.6446175575256348,301.9009094238281,205.1287078857422,385.2922668457031,278.1114501953125,343.5965881347656,241.62007904052734
953,0.6585316061973572,301.9005432128906,204.94903564453125,385.4127502441406,278.0654296875,343.6566467285156,241.50723266601562
954,0.618135929107666,301.96551513671875,204.5797119140625,385.521484375,278.22442626953125,343.7434997558594,241.40206909179688
955,0.6413701772689819,301.7551574707031,204.51979064941406,385.5364990234375,278.12701416015625,343.6458282470703,241.32340240478516
956,0.6667748093605042,301.8089904785156,205.08828735351562,384.8568420410156,277.9635009765625,343.3329162597656,241.52589416503906
957,0.6699924468994141,301.734619140625,205.20266723632812,385.02532958984375,278.0793151855469,343.3799743652344,241.6409912109375
958,0.639225959777832,301.7145080566406,205.02442932128906,384.8638000488281,277.96331787109375,343.2891540527344,241.4938735961914
959,0.6831629276275635,301.7282409667969,205.34536743164062,384.5190124511719,277.63970947265625,343.1236267089844,241.49253845214844
960,0.6554674506187439,301.81298828125,205.31826782226562,384.196533203125,277.9481506347656,343.0047607421875,241.63320922851562
961,0.6524187922477722,301.84344482421875,205.28619384765625,384.26141357421875,278.19171142578125,343.05242919921875,241.73895263671875
962,0.6392180323600769,301.79327392578125,205.35653686523438,384.1387023925781,277.9847717285156,342.9659881591797,241.670654296875
963,0.6029742360115051,301.73822021484375,205.77845764160156,383.9224853515625,278.1772155761719,342.8303527832031,241.97783660888672
964,0.5639041066169739,301.75531005859375,205.3953094482422,384.32354736328125,277.8275146484375,343.0394287109375,241.61141204833984
965,0.6287552118301392,301.8110046386719,205.46786499023438,383.998291015625,277.85552978515625,342.90464782714844,241.6616973876953
966,0.622938871383667,301.7536926269531,205.1872100830078,384.1387023925781,277.95440673828125,342.9461975097656,241.57080841064453
967,0.6322056651115417,301.76165771484375,205.91363525390625,383.6999816894531,277.8360900878906,342.73081970214844,241.87486267089844
968,0.5625388622283936,301.95257568359375,205.8845672607422,383.7874755859375,278.01153564453125,342.8700256347656,241.94805145263672
969,0.6190089583396912,301.99664306640625,205.68026733398438,383.7959289550781,277.7893981933594,342.8962860107422,241.73483276367188
970,0.6029062271118164,302.0962829589844,205.57530212402344,383.9138488769531,277.95556640625,343.00506591796875,241.76543426513672
971,0.6221360564231873,302.3074035644531,205.41015625,384.4476318359375,278.1405334472656,343.3775177001953,241.7753448486328
972,0.600425660610199,302.1568298339844,205.31854248046875,383.904296875,277.8089904785156,343.0305633544922,241.5637664794922
973,0.6055323481559753,301.9365234375,205.46832275390625,383.9154968261719,277.7610168457031,342.92601013183594,241.6146697998047
974,0.5907307863235474,302.0541076660156,205.74632263183594,383.51007080078125,277.84033203125,342.78208923339844,241.79332733154297
975,0.5298160314559937,302.120849609375,205.94107055664062,383.5677490234375,277.829345703125,342.84429931640625,241.8852081298828
976,0.5544148087501526,302.03240966796875,205.37582397460938,383.9331359863281,277.7546691894531,342.98277282714844,241.56524658203125
977,0.584064781665802,302.15557861328125,205.21182250976562,384.05169677734375,277.6321716308594,343.1036376953125,241.4219970703125
978,0.6191461682319641,302.0435485839844,205.48562622070312,383.7131652832031,277.46978759765625,342.87835693359375,241.4777069091797
979,0.6112215518951416,302.1329345703125,205.13255310058594,384.25897216796875,277.664306640625,343.1959533691406,241.39842987060547
980,0.6005945205688477,301.977783203125,204.94711303710938,384.57574462890625,277.4761047363281,343.2767639160156,241.21160888671875
981,0.5861042141914368,301.94677734375,204.99000549316406,384.63018798828125,277.5865173339844,343.2884826660156,241.28826141357422
982,0.6066268086433411,302.0845947265625,204.80067443847656,384.78277587890625,277.58013916015625,343.4336853027344,241.1904067993164
983,0.6721203327178955,302.12811279296875,204.9404296875,384.4603271484375,277.6740417480469,343.2942199707031,241.30723571777344
984,0.654120147228241,301.9098815917969,204.63372802734375,384.88775634765625,277.7315673828125,343.39881896972656,241.18264770507812
985,0.6593901515007019,301.8805847167969,204.7733917236328,384.78118896484375,277.68804931640625,343.3308868408203,241.23072052001953
986,0.6714655160903931,301.8006591796875,204.78567504882812,384.8238525390625,277.6465148925781,343.312255859375,241.21609497070312
987,0.6430180668830872,301.7569885253906,204.88894653320312,384.8326721191406,277.8279113769531,343.2948303222656,241.35842895507812
988,0.627556324005127,301.60205078125,204.94834899902344,384.88909912109375,277.86700439453125,343.2455749511719,241.40767669677734
989,0.6355123519897461,301.752197265625,205.08782958984375,384.57904052734375,277.79315185546875,343.1656188964844,241.44049072265625
990,0.6280523538589478,301.6177978515625,205.3429412841797,384.46240234375,277.8225402832031,343.04010009765625,241.5827407836914
991,0.6860623955726624,301.7862548828125,205.78578186035156,383.46630859375,277.71417236328125,342.62628173828125,241.7499771118164
992,0.6658422946929932,301.7620849609375,205.41709899902344,383.56103515625,277.77606201171875,342.66156005859375,241.5965805053711
993,0.6872455477714539,301.85614013671875,204.8495635986328,383.991943359375,277.69036865234375,342.9240417480469,241.26996612548828
994,0.6602534651756287,301.41485595703125,205.15484619140625,383.9310607910156,277.77923583984375,342.67295837402344,241.467041015625
995,0.6772412061691284,301.61688232421875,204.92111206054688,384.47320556640625,277.87213134765625,343.0450439453125,241.39662170410156
996,0.6571201682090759,301.60455322265625,205.3125,384.12689208984375,277.7212829589844,342.86572265625,241.5168914794922
997,0.6989900469779968,301.70086669921875,204.86192321777344,384.1842956542969,277.5400390625,342.9425811767578,241.20098114013672
998,0.6864544153213501,301.63592529296875,204.99380493164062,384.677978515625,277.5618896484375,343.1569519042969,241.27784729003906
999,0.7086743116378784,301.92169189453125,205.39952087402344,383.9847106933594,277.4063720703125,342.9532012939453,241.40294647216797
1000,0.711519181728363,301.9151916503906,205.40158081054688,383.9457092285156,277.4080810546875,342.9304504394531,241.4048309326172
1001,0.6390491724014282,302.08935546875,206.32424926757812,383.0362548828125,277.99053955078125,342.56280517578125,242.1573944091797
1002,0.6340499520301819,302.147705078125,206.82078552246094,382.54034423828125,278.00177001953125,342.3440246582031,242.4112777709961
1003,0.6230252981185913,302.1470947265625,206.4199676513672,382.8201599121094,278.0052490234375,342.48362731933594,242.21260833740234
1004,0.6468768119812012,302.18804931640625,206.68240356445312,382.61859130859375,277.9882507324219,342.4033203125,242.3353271484375
1005,0.6732231378555298,302.26324462890625,206.67864990234375,382.73443603515625,278.00970458984375,342.49884033203125,242.34417724609375
1006,0.6131316423416138,302.26123046875,206.28208923339844,383.62506103515625,278.09228515625,342.9431457519531,242.18718719482422
1007,0.541485071182251,302.05657958984375,206.1609649658203,383.6204833984375,278.1440734863281,342.8385314941406,242.15251922607422
1008,0.5933706760406494,302.1419677734375,206.64308166503906,382.75360107421875,278.00140380859375,342.4477844238281,242.3222427368164
1009,0.6027011275291443,302.365234375,207.07772827148438,382.3367614746094,277.90301513671875,342.3509979248047,242.49037170410156
1010,0.5611746311187744,301.980224609375,206.31021118164062,383.77197265625,278.0456848144531,342.8760986328125,242.17794799804688
1011,0.5569081902503967,301.8811340332031,205.76055908203125,384.2124938964844,278.01092529296875,343.04681396484375,241.8857421875
1012,0.6483706831932068,301.8652648925781,206.1452178955078,383.8411865234375,277.80938720703125,342.8532257080078,241.97730255126953
1013,0.6553842425346375,302.06536865234375,205.98175048828125,384.4635009765625,277.79437255859375,343.2644348144531,241.8880615234375
1014,0.6112949848175049,301.93328857421875,205.75579833984375,384.5445556640625,278.1260986328125,343.2389221191406,241.94094848632812
1015,0.5930413603782654,301.86444091796875,205.828857421875,384.399169921875,278.1153259277344,343.1318054199219,241.9720916748047
1016,0.6193707585334778,301.98565673828125,206.01544189453125,384.1654357910156,278.1731872558594,343.07554626464844,242.0943145751953
1017,0.5908221006393433,301.9283447265625,205.7621612548828,384.40252685546875,277.96478271484375,343.1654357910156,241.86347198486328
1018,0.6027294993400574,301.757080078125,205.68670654296875,384.5386962890625,278.07928466796875,343.14788818359375,241.88299560546875
1019,0.6012176871299744,301.8172607421875,205.63909912109375,384.5390625,278.0434265136719,343.17816162109375,241.8412628173828
1020,0.5611880421638489,301.8124694824219,205.63180541992188,384.8177490234375,278.32843017578125,343.3151092529297,241.98011779785156
1021,0.5411649346351624,301.74395751953125,206.19644165039062,384.5927734375,278.137939453125,343.1683654785156,242.1671905517578
1022,0.5449967384338379,301.8342590332031,206.16595458984375,384.00640869140625,278.0988464355469,342.9203338623047,242.1324005126953
1023,0.5189132690429688,301.8365478515625,206.00469970703125,384.19830322265625,278.1772766113281,343.0174255371094,242.0909881591797
1024,0.5021743774414062,301.8480224609375,205.94204711914062,384.156005859375,278.0688781738281,343.00201416015625,242.00546264648438
1025,0.4854190945625305,302.2308654785156,205.81727600097656,384.19232177734375,278.1288757324219,343.2115936279297,241.97307586669922
1026,0.5953097343444824,302.017578125,205.91807556152344,383.815673828125,277.9712219238281,342.9166259765625,241.94464874267578
1027,0.5407201647758484,302.0472106933594,205.82644653320312,384.2332763671875,277.8927917480469,343.14024353027344,241.859619140625
1028,0.5632510185241699,301.91986083984375,205.9211883544922,384.1929016113281,277.9488525390625,343.05638122558594,241.93502044677734
1029,0.6437598466873169,302.01556396484375,206.061767578125,383.7021789550781,277.91510009765625,342.85887145996094,241.98843383789062
1030,0.5964446067810059,302.0025939941406,205.865478515625,383.80712890625,277.9443054199219,342.9048614501953,241.90489196777344
1031,0.559661865234375,302.11224365234375,205.8859405517578,383.75177001953125,277.902587890625,342.9320068359375,241.8942642211914
1032,0.6174802184104919,301.89764404296875,206.21754455566406,383.6134948730469,277.98223876953125,342.7555694580078,242.09989166259766
1033,0.5938934087753296,301.7724609375,205.83270263671875,384.019775390625,278.0223083496094,342.8961181640625,241.92750549316406
1034,0.5728273391723633,301.7698974609375,206.04112243652344,384.21142578125,277.87530517578125,342.99066162109375,241.95821380615234
1035,0.559220016002655,301.8111572265625,206.02244567871094,384.12738037109375,277.72528076171875,342.9692687988281,241.87386322021484
1036,0.5025606155395508,301.75018310546875,205.72354125976562,384.4100341796875,277.8491516113281,343.0801086425781,241.78634643554688
1037,0.48497340083122253,301.7584228515625,206.17593383789062,384.487548828125,278.1142272949219,343.12298583984375,242.14508056640625
1038,0.531548023223877,301.98779296875,206.19537353515625,384.2888488769531,278.1126403808594,343.13832092285156,242.1540069580078
1039,0.4918549656867981,301.9937744140625,206.2115478515625,384.6006774902344,278.25604248046875,343.29722595214844,242.23379516601562
1040,0.5350552797317505,301.9646301269531,206.63356018066406,383.997314453125,278.22821044921875,342.98097229003906,242.4308853149414
1041,0.6059014797210693,302.11065673828125,206.77684020996094,383.73834228515625,278.34820556640625,342.92449951171875,242.5625228881836
1042,0.5219204425811768,302.28533935546875,206.52767944335938,384.4882507324219,278.2619934082031,343.3867950439453,242.39483642578125
1043,0.4982047379016876,302.1270446777344,206.45425415039062,384.40533447265625,278.3677978515625,343.2661895751953,242.41102600097656
1044,0.5090109705924988,302.11773681640625,206.26844787597656,384.99981689453125,278.60711669921875,343.55877685546875,242.43778228759766
1045,0.5033871531486511,302.2010498046875,206.3459930419922,385.1097412109375,278.66650390625,343.6553955078125,242.5062484741211
1046,0.4938395917415619,302.07293701171875,206.62042236328125,384.4356994628906,278.64892578125,343.2543182373047,242.63467407226562
1047,0.4817637801170349,302.22015380859375,206.8326873779297,384.2179870605469,278.68560791015625,343.2190704345703,242.75914764404297
1048,0.4823741018772125,302.0895080566406,207.0706787109375,384.39599609375,278.7547607421875,343.2427520751953,242.9127197265625
1049,0.5090999007225037,302.1339111328125,206.95587158203125,384.51324462890625,278.71710205078125,343.3235778808594,242.83648681640625
1050,0.48580145835876465,301.98736572265625,206.35723876953125,384.77886962890625,278.5286560058594,343.38311767578125,242.4429473876953
1051,0.48652738332748413,302.02191162109375,206.36183166503906,384.6583557128906,278.61004638671875,343.3401336669922,242.4859390258789
1052,0.5416446924209595,301.93377685546875,206.5054931640625,384.4351501464844,278.3717346191406,343.18446350097656,242.43861389160156
1053,0.5358191132545471,302.14459228515625,205.88104248046875,384.96014404296875,278.40179443359375,343.5523681640625,242.14141845703125
1054,0.5282413363456726,302.07440185546875,206.03956604003906,384.66229248046875,278.3099365234375,343.36834716796875,242.17475128173828
1055,0.4877038598060608,302.041015625,205.8431396484375,385.08612060546875,278.30804443359375,343.5635681152344,242.07559204101562
1056,0.5290868282318115,302.0816345214844,206.2452850341797,384.58905029296875,278.30908203125,343.33534240722656,242.27718353271484
1057,0.541273832321167,302.03094482421875,206.10557556152344,384.78619384765625,278.521484375,343.4085693359375,242.31352996826172
1058,0.5686904191970825,301.9873352050781,206.4876251220703,384.5732116699219,278.4739990234375,343.2802734375,242.4808120727539
1059,0.556121826171875,302.09930419921875,206.33303833007812,384.69036865234375,278.4839172363281,343.39483642578125,242.40847778320312
1060,0.5812898874282837,302.07208251953125,206.3939208984375,384.528564453125,278.4983825683594,343.3003234863281,242.44615173339844
1061,0.579677402973175,301.9280090332031,206.2766876220703,384.6825256347656,278.514404296875,343.3052673339844,242.39554595947266
1062,0.6032082438468933,301.98779296875,206.38262939453125,384.7305908203125,278.4878845214844,343.35919189453125,242.4352569580078
1063,0.5718165636062622,301.93670654296875,206.29776000976562,384.6563720703125,278.4823303222656,343.2965393066406,242.39004516601562
1064,0.6208627223968506,302.0093994140625,204.17510986328125,385.9912109375,278.6558837890625,344.00030517578125,241.41549682617188
1065,0.7909563779830933,298.5533752441406,199.07208251953125,387.18841552734375,277.54290771484375,342.8708953857422,238.3074951171875
1066,0.6319355368614197,291.1822509765625,197.2320098876953,386.262939453125,271.24005126953125,338.72259521484375,234.23603057861328
1067,0.8098527789115906,289.3977966308594,195.2193145751953,383.3294982910156,268.6297607421875,336.3636474609375,231.9245376586914
1068,0.8231813311576843,289.44439697265625,195.22943115234375,382.9512023925781,268.65106201171875,336.1977996826172,231.94024658203125
1069,0.8377408385276794,289.6130676269531,195.27947998046875,382.83404541015625,268.8960876464844,336.2235565185547,232.08778381347656
1070,0.8290113210678101,289.63775634765625,195.15542602539062,383.0034484863281,268.79229736328125,336.3206024169922,231.97386169433594
1071,0.835835337638855,289.605224609375,195.27987670898438,382.9644775390625,268.7716369628906,336.28485107421875,232.0257568359375
1072,0.8234550952911377,289.5332946777344,195.24639892578125,383.3072509765625,269.0697937011719,336.42027282714844,232.15809631347656
1073,0.8196227550506592,289.6461181640625,195.21258544921875,383.55047607421875,268.84112548828125,336.5982971191406,232.02685546875
1074,0.7275834083557129,289.52301025390625,195.60557556152344,382.3711242675781,268.81121826171875,335.9470672607422,232.2083969116211
1075,nan,nan,nan,nan,nan,nan,nan
1076,nan,nan,nan,nan,nan,nan,nan
1077,0.17459870874881744,357.6224365234375,142.4490509033203,415.1588134765625,195.92967224121094,386.390625,169.18936157226562
1078,nan,nan,nan,nan,nan,nan,nan
1079,nan,nan,nan,nan,nan,nan,nan
1080,nan,nan,nan,nan,nan,nan,nan
1081,nan,nan,nan,nan,nan,nan,nan
1082,nan,nan,nan,nan,nan,nan,nan
1083,nan,nan,nan,nan,nan,nan,nan
1084,nan,nan,nan,nan,nan,nan,nan
1085,nan,nan,nan,nan,nan,nan,nan
1086,nan,nan,nan,nan,nan,nan,nan
1087,nan,nan,nan,nan,nan,nan,nan
1088,nan,nan,nan,nan,nan,nan,nan
1089,nan,nan,nan,nan,nan,nan,nan
1090,nan,nan,nan,nan,nan,nan,nan
1091,nan,nan,nan,nan,nan,nan,nan
1092,nan,nan,nan,nan,nan,nan,nan
1093,nan,nan,nan,nan,nan,nan,nan
1094,nan,nan,nan,nan,nan,nan,nan
1095,nan,nan,nan,nan,nan,nan,nan
1096,nan,nan,nan,nan,nan,nan,nan
1097,nan,nan,nan,nan,nan,nan,nan
1098,nan,nan,nan,nan,nan,nan,nan
1099,nan,nan,nan,nan,nan,nan,nan
1100,nan,nan,nan,nan,nan,nan,nan
1101,nan,nan,nan,nan,nan,nan,nan
1102,nan,nan,nan,nan,nan,nan,nan
1103,nan,nan,nan,nan,nan,nan,nan
1104,nan,nan,nan,nan,nan,nan,nan
1105,nan,nan,nan,nan,nan,nan,nan
1106,nan,nan,nan,nan,nan,nan,nan
1107,nan,nan,nan,nan,nan,nan,nan
1108,nan,nan,nan,nan,nan,nan,nan
1109,nan,nan,nan,nan,nan,nan,nan
1110,nan,nan,nan,nan,nan,nan,nan
1111,nan,nan,nan,nan,nan,nan,nan
1112,nan,nan,nan,nan,nan,nan,nan
1113,nan,nan,nan,nan,nan,nan,nan
1114,nan,nan,nan,nan,nan,nan,nan
1115,nan,nan,nan,nan,nan,nan,nan
1116,nan,nan,nan,nan,nan,nan,nan
1117,nan,nan,nan,nan,nan,nan,nan
1118,nan,nan,nan,nan,nan,nan,nan
1119,nan,nan,nan,nan,nan,nan,nan
1120,nan,nan,nan,nan,nan,nan,nan
1121,nan,nan,nan,nan,nan,nan,nan
1122,nan,nan,nan,nan,nan,nan,nan
1123,nan,nan,nan,nan,nan,nan,nan
1124,nan,nan,nan,nan,nan,nan,nan
1125,nan,nan,nan,nan,nan,nan,nan
1126,nan,nan,nan,nan,nan,nan,nan
1127,nan,nan,nan,nan,nan,nan,nan
1128,nan,nan,nan,nan,nan,nan,nan
1129,nan,nan,nan,nan,nan,nan,nan
1130,nan,nan,nan,nan,nan,nan,nan
1131,nan,nan,nan,nan,nan,nan,nan
1132,nan,nan,nan,nan,nan,nan,nan
1133,nan,nan,nan,nan,nan,nan,nan
1134,nan,nan,nan,nan,nan,nan,nan
1135,nan,nan,nan,nan,nan,nan,nan
1136,nan,nan,nan,nan,nan,nan,nan
1137,nan,nan,nan,nan,nan,nan,nan
1138,nan,nan,nan,nan,nan,nan,nan
1139,nan,nan,nan,nan,nan,nan,nan
1140,nan,nan,nan,nan,nan,nan,nan
1141,nan,nan,nan,nan,nan,nan,nan
1142,nan,nan,nan,nan,nan,nan,nan
1143,nan,nan,nan,nan,nan,nan,nan
1144,nan,nan,nan,nan,nan,nan,nan
1145,nan,nan,nan,nan,nan,nan,nan
1146,nan,nan,nan,nan,nan,nan,nan
1147,nan,nan,nan,nan,nan,nan,nan
1148,nan,nan,nan,nan,nan,nan,nan
1149,nan,nan,nan,nan,nan,nan,nan
1150,nan,nan,nan,nan,nan,nan,nan
1151,nan,nan,nan,nan,nan,nan,nan
1152,nan,nan,nan,nan,nan,nan,nan
1153,nan,nan,nan,nan,nan,nan,nan
1154,nan,nan,nan,nan,nan,nan,nan
1155,nan,nan,nan,nan,nan,nan,nan
1156,nan,nan,nan,nan,nan,nan,nan
1157,nan,nan,nan,nan,nan,nan,nan
1158,nan,nan,nan,nan,nan,nan,nan
1159,nan,nan,nan,nan,nan,nan,nan
1160,nan,nan,nan,nan,nan,nan,nan
1161,nan,nan,nan,nan,nan,nan,nan
1162,nan,nan,nan,nan,nan,nan,nan
1163,nan,nan,nan,nan,nan,nan,nan
1164,nan,nan,nan,nan,nan,nan,nan
1165,nan,nan,nan,nan,nan,nan,nan
1166,nan,nan,nan,nan,nan,nan,nan
1167,nan,nan,nan,nan,nan,nan,nan
1168,nan,nan,nan,nan,nan,nan,nan
1169,nan,nan,nan,nan,nan,nan,nan
1170,nan,nan,nan,nan,nan,nan,nan
1171,nan,nan,nan,nan,nan,nan,nan
1172,nan,nan,nan,nan,nan,nan,nan
1173,nan,nan,nan,nan,nan,nan,nan
1174,nan,nan,nan,nan,nan,nan,nan
1175,nan,nan,nan,nan,nan,nan,nan
1176,nan,nan,nan,nan,nan,nan,nan
1177,nan,nan,nan,nan,nan,nan,nan
1178,nan,nan,nan,nan,nan,nan,nan
1179,nan,nan,nan,nan,nan,nan,nan
1180,nan,nan,nan,nan,nan,nan,nan
1181,nan,nan,nan,nan,nan,nan,nan
1182,nan,nan,nan,nan,nan,nan,nan
1183,nan,nan,nan,nan,nan,nan,nan
1184,nan,nan,nan,nan,nan,nan,nan
1185,nan,nan,nan,nan,nan,nan,nan
1186,nan,nan,nan,nan,nan,nan,nan
1187,nan,nan,nan,nan,nan,nan,nan
1188,nan,nan,nan,nan,nan,nan,nan
1189,nan,nan,nan,nan,nan,nan,nan
1190,nan,nan,nan,nan,nan,nan,nan
1191,nan,nan,nan,nan,nan,nan,nan
1192,nan,nan,nan,nan,nan,nan,nan
1193,nan,nan,nan,nan,nan,nan,nan
1194,nan,nan,nan,nan,nan,nan,nan
1195,nan,nan,nan,nan,nan,nan,nan
1196,nan,nan,nan,nan,nan,nan,nan
1197,nan,nan,nan,nan,nan,nan,nan
1198,nan,nan,nan,nan,nan,nan,nan
1199,nan,nan,nan,nan,nan,nan,nan
1200,nan,nan,nan,nan,nan,nan,nan
1201,nan,nan,nan,nan,nan,nan,nan
1202,nan,nan,nan,nan,nan,nan,nan
1203,nan,nan,nan,nan,nan,nan,nan
1204,nan,nan,nan,nan,nan,nan,nan
1205,nan,nan,nan,nan,nan,nan,nan
1206,nan,nan,nan,nan,nan,nan,nan
1207,nan,nan,nan,nan,nan,nan,nan
1208,nan,nan,nan,nan,nan,nan,nan
1209,nan,nan,nan,nan,nan,nan,nan
1210,nan,nan,nan,nan,nan,nan,nan
1211,nan,nan,nan,nan,nan,nan,nan
1212,nan,nan,nan,nan,nan,nan,nan
1213,nan,nan,nan,nan,nan,nan,nan
1214,nan,nan,nan,nan,nan,nan,nan
1215,nan,nan,nan,nan,nan,nan,nan
1216,nan,nan,nan,nan,nan,nan,nan
1217,nan,nan,nan,nan,nan,nan,nan
1218,nan,nan,nan,nan,nan,nan,nan
1219,nan,nan,nan,nan,nan,nan,nan
1220,nan,nan,nan,nan,nan,nan,nan
1221,nan,nan,nan,nan,nan,nan,nan
1222,nan,nan,nan,nan,nan,nan,nan
1223,nan,nan,nan,nan,nan,nan,nan
1224,nan,nan,nan,nan,nan,nan,nan
1225,nan,nan,nan,nan,nan,nan,nan
1226,nan,nan,nan,nan,nan,nan,nan
1227,nan,nan,nan,nan,nan,nan,nan
1228,nan,nan,nan,nan,nan,nan,nan
1229,nan,nan,nan,nan,nan,nan,nan
1230,nan,nan,nan,nan,nan,nan,nan
1231,nan,nan,nan,nan,nan,nan,nan
1232,nan,nan,nan,nan,nan,nan,nan
1233,nan,nan,nan,nan,nan,nan,nan
1234,nan,nan,nan,nan,nan,nan,nan
1235,nan,nan,nan,nan,nan,nan,nan
1236,nan,nan,nan,nan,nan,nan,nan
1237,nan,nan,nan,nan,nan,nan,nan
1238,nan,nan,nan,nan,nan,nan,nan
1239,nan,nan,nan,nan,nan,nan,nan
1240,nan,nan,nan,nan,nan,nan,nan
1241,nan,nan,nan,nan,nan,nan,nan
1242,nan,nan,nan,nan,nan,nan,nan
1243,nan,nan,nan,nan,nan,nan,nan
1244,nan,nan,nan,nan,nan,nan,nan
1245,nan,nan,nan,nan,nan,nan,nan
1246,nan,nan,nan,nan,nan,nan,nan
1247,nan,nan,nan,nan,nan,nan,nan
1248,nan,nan,nan,nan,nan,nan,nan
1249,nan,nan,nan,nan,nan,nan,nan
1250,nan,nan,nan,nan,nan,nan,nan
1251,nan,nan,nan,nan,nan,nan,nan
1252,nan,nan,nan,nan,nan,nan,nan
1253,nan,nan,nan,nan,nan,nan,nan
1254,nan,nan,nan,nan,nan,nan,nan
1255,nan,nan,nan,nan,nan,nan,nan
1256,nan,nan,nan,nan,nan,nan,nan
1257,nan,nan,nan,nan,nan,nan,nan
1258,nan,nan,nan,nan,nan,nan,nan
1259,nan,nan,nan,nan,nan,nan,nan
1260,nan,nan,nan,nan,nan,nan,nan
1261,nan,nan,nan,nan,nan,nan,nan
1262,nan,nan,nan,nan,nan,nan,nan
1263,nan,nan,nan,nan,nan,nan,nan
1264,nan,nan,nan,nan,nan,nan,nan
1265,nan,nan,nan,nan,nan,nan,nan
1266,nan,nan,nan,nan,nan,nan,nan
1267,nan,nan,nan,nan,nan,nan,nan
1268,nan,nan,nan,nan,nan,nan,nan
1269,nan,nan,nan,nan,nan,nan,nan
1270,nan,nan,nan,nan,nan,nan,nan
1271,nan,nan,nan,nan,nan,nan,nan
1272,0.19310471415519714,397.82196044921875,146.2569122314453,496.25091552734375,221.22601318359375,447.03643798828125,183.74146270751953
1273,0.6855523586273193,427.96966552734375,142.98794555664062,529.9229736328125,219.7555389404297,478.9463195800781,181.37174224853516
1274,0.8034955859184265,501.52978515625,152.73350524902344,589.4140014648438,224.95468139648438,545.4718933105469,188.8440933227539
1275,0.8297069072723389,571.3494873046875,160.49501037597656,664.5686645507812,231.55357360839844,617.9590759277344,196.0242919921875
1276,0.8516494035720825,620.9664306640625,159.07228088378906,718.560546875,236.6623992919922,669.7634887695312,197.86734008789062
1277,0.8694071769714355,674.2117919921875,173.83843994140625,768.4864501953125,251.139892578125,721.34912109375,212.48916625976562
1278,0.8725966215133667,715.5767822265625,196.42987060546875,809.5675048828125,267.28948974609375,762.5721435546875,231.85968017578125
1279,0.8660547733306885,754.9268188476562,199.13784790039062,847.517578125,286.98492431640625,801.2221984863281,243.06138610839844
1280,0.863230288028717,807.3878173828125,240.72372436523438,894.1435546875,314.1188049316406,850.7656860351562,277.4212646484375
1281,0.8537577390670776,831.446533203125,262.0439147949219,937.811767578125,352.66265869140625,884.629150390625,307.35328674316406
1282,0.8664118051528931,872.9573974609375,307.05938720703125,968.93359375,383.1827087402344,920.9454956054688,345.1210479736328
1283,0.7465560436248779,909.2562255859375,339.74981689453125,998.240966796875,419.688720703125,953.7485961914062,379.7192687988281
1284,0.8527424335479736,939.4868774414062,386.3125305175781,1026.33642578125,455.0650634765625,982.9116516113281,420.6887969970703
1285,0.8628884553909302,978.020263671875,401.67529296875,1063.158935546875,477.4495849609375,1020.589599609375,439.56243896484375
1286,0.8623740077018738,981.9431762695312,418.63055419921875,1091.333740234375,509.6920166015625,1036.6384582519531,464.1612854003906
1287,0.8924609422683716,1016.2033081054688,452.94073486328125,1104.806640625,527.628173828125,1060.5049743652344,490.2844543457031
1288,0.8967071771621704,1036.134033203125,478.77783203125,1121.6591796875,553.4215698242188,1078.8966064453125,516.0997009277344
1289,0.8553586006164551,1053.529052734375,481.6630554199219,1140.233154296875,566.257080078125,1096.881103515625,523.9600677490234
1290,0.8659056425094604,1075.546630859375,495.80169677734375,1160.603515625,576.1677856445312,1118.0750732421875,535.9847412109375
1291,0.8771020770072937,1089.817626953125,502.5114440917969,1174.0048828125,578.6807861328125,1131.9112548828125,540.5961151123047
1292,0.8840312361717224,1088.7882080078125,501.2399597167969,1174.530517578125,578.3897705078125,1131.6593627929688,539.8148651123047
1293,0.8808503150939941,1087.77197265625,499.6083068847656,1173.91455078125,577.2925415039062,1130.84326171875,538.4504241943359
1294,0.8803319334983826,1087.9970703125,500.232177734375,1173.6722412109375,577.3966674804688,1130.8346557617188,538.8144226074219
1295,0.8739968538284302,1088.59228515625,499.9931945800781,1174.071044921875,577.3775634765625,1131.3316650390625,538.6853790283203
1296,0.8802769780158997,1087.9033203125,499.6786193847656,1173.7548828125,576.9412841796875,1130.8291015625,538.3099517822266
1297,0.8781111240386963,1087.5535888671875,499.9774475097656,1173.271484375,577.1160888671875,1130.4125366210938,538.5467681884766
1298,0.88321852684021,1086.8486328125,498.91229248046875,1172.92333984375,577.3680419921875,1129.885986328125,538.1401672363281
1299,0.8843952417373657,1086.05126953125,498.7027587890625,1173.188232421875,577.8220825195312,1129.6197509765625,538.2624206542969
1300,0.8668857216835022,1082.630615234375,497.2436828613281,1174.6982421875,577.6609497070312,1128.6644287109375,537.4523162841797
1301,0.8708208203315735,1085.840087890625,498.1754150390625,1173.622314453125,577.5853271484375,1129.731201171875,537.88037109375
1302,0.8715296387672424,1085.0927734375,497.6263427734375,1174.606689453125,577.9003295898438,1129.8497314453125,537.7633361816406
1303,0.8790804147720337,1085.1044921875,497.9246520996094,1173.5535888671875,578.1802978515625,1129.3290405273438,538.0524749755859
1304,0.8513246774673462,1082.187255859375,496.6758728027344,1173.59130859375,577.236328125,1127.8892822265625,536.9561004638672
1305,0.8590514063835144,1084.623779296875,495.87432861328125,1173.626953125,576.8021850585938,1129.1253662109375,536.3382568359375
1306,0.8534830212593079,1082.7762451171875,496.0242004394531,1173.3438720703125,577.2972412109375,1128.06005859375,536.6607208251953
1307,0.8575711250305176,1083.9088134765625,496.29803466796875,1173.015869140625,577.1854248046875,1128.4623413085938,536.7417297363281
1308,0.8610659837722778,1082.346435546875,496.81658935546875,1172.7186279296875,577.9951171875,1127.5325317382812,537.4058532714844
1309,0.8601902723312378,1081.858642578125,496.8306884765625,1172.760009765625,578.4266967773438,1127.309326171875,537.6286926269531
1310,0.861291229724884,1082.240478515625,496.8252868652344,1172.7528076171875,578.2984619140625,1127.4966430664062,537.5618743896484
1311,0.863265872001648,1081.02685546875,495.9962158203125,1172.91357421875,578.4539184570312,1126.97021484375,537.2250671386719
1312,0.8618088960647583,1082.760986328125,496.7956237792969,1172.821044921875,578.4886474609375,1127.791015625,537.6421356201172
1313,0.8894463777542114,1084.185791015625,502.13360595703125,1170.30615234375,580.418212890625,1127.2459716796875,541.2759094238281
1314,0.8709895014762878,1080.3642578125,503.5367431640625,1169.128173828125,582.125732421875,1124.7462158203125,542.8312377929688
1315,0.871369481086731,1080.1175537109375,503.7237548828125,1169.082275390625,582.365966796875,1124.5999145507812,543.0448608398438
1316,0.875909149646759,1082.564208984375,503.8693542480469,1168.915283203125,582.7235107421875,1125.73974609375,543.2964324951172
1317,0.8747696280479431,1082.2452392578125,503.8244934082031,1168.916748046875,582.023681640625,1125.5809936523438,542.9240875244141
1318,0.874126136302948,1081.8837890625,503.8341064453125,1168.9888916015625,582.0752563476562,1125.4363403320312,542.9546813964844
1319,0.8735207319259644,1080.3572998046875,503.8186340332031,1169.2080078125,582.26123046875,1124.7826538085938,543.0399322509766
1320,0.8422374129295349,1084.826904296875,502.90704345703125,1173.38232421875,574.742431640625,1129.1046142578125,538.8247375488281
1321,0.8497613668441772,1078.8167724609375,469.6363220214844,1174.358642578125,544.272705078125,1126.5877075195312,506.9545135498047
1322,0.8341683745384216,1078.471923828125,446.78173828125,1173.892578125,523.1171264648438,1126.1822509765625,484.9494323730469
1323,0.8315414190292358,1086.45556640625,429.45770263671875,1172.1251220703125,504.68365478515625,1129.2903442382812,467.0706787109375
1324,0.8360581398010254,1083.69482421875,422.02655029296875,1172.2744140625,499.406005859375,1127.984619140625,460.7162780761719
1325,0.8335450887680054,1082.4857177734375,420.4155578613281,1171.8095703125,497.2361755371094,1127.1476440429688,458.82586669921875
1326,0.8391785025596619,1083.51171875,421.81292724609375,1171.906982421875,498.4610595703125,1127.7093505859375,460.1369934082031
1327,0.8208439350128174,1085.9205322265625,417.39239501953125,1172.38623046875,490.94842529296875,1129.1533813476562,454.17041015625
1328,0.8047882318496704,1088.0692138671875,401.40570068359375,1174.736083984375,473.8104248046875,1131.4026489257812,437.6080627441406
1329,0.8449392914772034,1099.52734375,390.2844543457031,1182.56884765625,460.2054748535156,1141.048095703125,425.2449645996094
1330,0.8532314300537109,1113.005859375,378.5365905761719,1195.0308837890625,449.3773498535156,1154.0183715820312,413.95697021484375
1331,0.8498488068580627,1134.60693359375,368.1244812011719,1214.4033203125,434.6045837402344,1174.505126953125,401.3645324707031
1332,0.848451554775238,1153.6337890625,357.711669921875,1232.70751953125,425.2262878417969,1193.170654296875,391.46897888183594
1333,0.805605411529541,1170.169677734375,347.6922607421875,1252.72802734375,418.01776123046875,1211.4488525390625,382.8550109863281
1334,0.7755975127220154,1190.896484375,339.13616943359375,1267.47021484375,405.6268310546875,1229.183349609375,372.3815002441406
1335,0.8379546403884888,1207.9317626953125,324.20703125,1286.9425048828125,392.2879638671875,1247.4371337890625,358.24749755859375
1336,0.8848322629928589,1223.228515625,316.77716064453125,1299.361083984375,384.45745849609375,1261.2947998046875,350.6173095703125
1337,0.8674584627151489,1234.960693359375,310.819091796875,1308.9415283203125,382.78302001953125,1271.9511108398438,346.8010559082031
1338,0.7372730374336243,1255.221923828125,300.27581787109375,1333.87451171875,367.5863952636719,1294.5482177734375,333.9311065673828
1339,0.6546053886413574,1271.56103515625,289.7784118652344,1343.8521728515625,357.3811340332031,1307.7066040039062,323.57977294921875
1340,nan,nan,nan,nan,nan,nan,nan
1341,nan,nan,nan,nan,nan,nan,nan
1342,0.4214727580547333,1288.3333740234375,269.11553955078125,1365.862548828125,330.6676940917969,1327.0979614257812,299.89161682128906
1343,nan,nan,nan,nan,nan,nan,nan
1344,0.7805997729301453,1275.93115234375,245.42266845703125,1359.1396484375,313.50946044921875,1317.535400390625,279.466064453125
1345,0.7877709865570068,1269.900390625,249.69168090820312,1350.4638671875,321.4122619628906,1310.18212890625,285.5519714355469
1346,0.6422155499458313,1264.6834716796875,250.89981079101562,1348.031005859375,321.2933349609375,1306.3572387695312,286.09657287597656
1347,0.7134401798248291,1265.2216796875,251.45480346679688,1348.3895263671875,317.9746398925781,1306.8056030273438,284.7147216796875
1348,0.7152783274650574,1266.0107421875,251.65484619140625,1348.4364013671875,317.55999755859375,1307.2235717773438,284.607421875
1349,0.7083130478858948,1266.1075439453125,251.64306640625,1348.309326171875,317.4210510253906,1307.2084350585938,284.5320587158203
1350,0.7071617841720581,1266.244384765625,251.72552490234375,1348.5546875,317.65228271484375,1307.3995361328125,284.68890380859375
1351,0.7218634486198425,1266.597900390625,252.68609619140625,1347.303466796875,316.7809753417969,1306.95068359375,284.73353576660156
1352,0.7118750810623169,1267.1517333984375,252.98574829101562,1348.005615234375,316.2937316894531,1307.5786743164062,284.6397399902344
1353,0.7070385813713074,1266.811279296875,252.66302490234375,1348.00732421875,317.90753173828125,1307.4093017578125,285.2852783203125
1354,0.7156884074211121,1267.15234375,253.4029998779297,1348.397216796875,317.40899658203125,1307.7747802734375,285.40599822998047
1355,0.7177906632423401,1267.5765380859375,253.41009521484375,1347.9697265625,317.4013366699219,1307.7731323242188,285.4057159423828
1356,0.6881139874458313,1266.5330810546875,253.38414001464844,1348.4656982421875,317.13909912109375,1307.4993896484375,285.2616195678711
1357,0.6929206848144531,1266.42529296875,252.0047607421875,1348.69482421875,317.47698974609375,1307.56005859375,284.7408752441406
1358,0.7001136541366577,1266.03076171875,252.00860595703125,1349.2042236328125,318.3057861328125,1307.6174926757812,285.1571960449219
1359,0.7180948257446289,1266.7886962890625,253.0575714111328,1347.6121826171875,316.164794921875,1307.200439453125,284.6111831665039
1360,0.7098774313926697,1266.6015625,253.0760498046875,1348.0111083984375,316.8182067871094,1307.3063354492188,284.94712829589844
1361,0.7263773083686829,1266.5159912109375,253.27867126464844,1347.7730712890625,316.8282470703125,1307.14453125,285.05345916748047
1362,0.7195345163345337,1266.47412109375,253.25430297851562,1348.136962890625,316.7768249511719,1307.3055419921875,285.01556396484375
1363,0.6904035806655884,1266.6954345703125,253.3674774169922,1348.614990234375,316.39825439453125,1307.6552124023438,284.8828659057617
1364,0.6800063848495483,1265.78955078125,253.25509643554688,1347.414306640625,317.1850891113281,1306.6019287109375,285.2200927734375
1365,0.7198916077613831,1266.113525390625,253.78125,1345.76708984375,319.1641845703125,1305.9403076171875,286.47271728515625
1366,0.6524727940559387,1264.7744140625,255.60699462890625,1347.839599609375,324.91754150390625,1306.3070068359375,290.26226806640625
1367,0.6809868216514587,1265.246337890625,257.23785400390625,1349.3382568359375,329.3350830078125,1307.2922973632812,293.2864685058594
1368,0.6972660422325134,1265.310302734375,257.14166259765625,1349.2373046875,329.43621826171875,1307.2738037109375,293.2889404296875
1369,0.6836819052696228,1265.1490478515625,257.04534912109375,1349.375732421875,329.14996337890625,1307.2623901367188,293.09765625
1370,0.6931700110435486,1265.750732421875,257.22113037109375,1349.29345703125,328.5007629394531,1307.5220947265625,292.86094665527344
1371,0.6954628825187683,1266.3798828125,257.5849609375,1348.495849609375,326.8006591796875,1307.4378662109375,292.19281005859375
1372,0.6689913272857666,1265.6063232421875,257.13385009765625,1348.9522705078125,327.287353515625,1307.279296875,292.2106018066406
1373,0.6607019305229187,1265.5184326171875,257.05181884765625,1349.147705078125,326.7049560546875,1307.3330688476562,291.8783874511719
1374,0.6229092478752136,1257.516845703125,258.7353515625,1344.2144775390625,325.3568115234375,1300.8656616210938,292.04608154296875
1375,0.5505936741828918,1260.1212158203125,256.20263671875,1350.0106201171875,324.9736633300781,1305.06591796875,290.58815002441406
1376,0.4071676433086395,1258.4681396484375,255.5642852783203,1348.8533935546875,323.40576171875,1303.6607666015625,289.48502349853516
1377,0.5216986536979675,1258.9837646484375,255.8056182861328,1348.54833984375,324.14178466796875,1303.7660522460938,289.9737014770508
1378,0.46022966504096985,1258.5328369140625,255.80406188964844,1349.0513916015625,324.6453552246094,1303.7921142578125,290.2247085571289
1379,0.5750292539596558,1260.12841796875,255.6954345703125,1348.900146484375,325.1349792480469,1304.5142822265625,290.4152069091797
1380,0.28511375188827515,1258.7919921875,240.50193786621094,1335.230224609375,309.559814453125,1297.0111083984375,275.03087615966797
1381,0.7211112976074219,1247.377685546875,227.74017333984375,1319.675048828125,302.26422119140625,1283.5263671875,265.002197265625
1382,0.7615495920181274,1246.952392578125,228.38525390625,1319.83984375,306.5743408203125,1283.3961181640625,267.47979736328125
1383,0.746465802192688,1247.012451171875,229.03375244140625,1320.324951171875,305.29913330078125,1283.668701171875,267.16644287109375
1384,0.7732812762260437,1246.5419921875,229.29295349121094,1319.78515625,308.357421875,1283.16357421875,268.82518768310547
1385,0.7926517128944397,1247.62060546875,228.7767791748047,1319.3536376953125,302.25726318359375,1283.4871215820312,265.5170211791992
1386,0.8637363314628601,1241.6240234375,223.42794799804688,1314.323974609375,306.6046142578125,1277.9739990234375,265.0162811279297
1387,0.8679682016372681,1240.3525390625,222.8936767578125,1309.110595703125,305.3879089355469,1274.7315673828125,264.1407928466797
1388,0.8705071210861206,1239.134521484375,222.66632080078125,1308.800048828125,305.0343933105469,1273.96728515625,263.85035705566406
1389,0.8633788824081421,1239.0067138671875,222.9242706298828,1308.9464111328125,304.71856689453125,1273.9765625,263.82141876220703
1390,0.8642929792404175,1238.9271240234375,223.06690979003906,1308.9298095703125,305.8719482421875,1273.928466796875,264.4694290161133
1391,0.8583976030349731,1239.295166015625,223.1190948486328,1309.2958984375,307.837158203125,1274.2955322265625,265.4781265258789
1392,0.8579957485198975,1238.905517578125,224.25192260742188,1308.8291015625,305.2834167480469,1273.8673095703125,264.7676696777344
1393,0.8603674173355103,1238.964599609375,224.35084533691406,1308.734375,305.892333984375,1273.8494873046875,265.12158966064453
1394,0.8638204336166382,1239.23974609375,224.47869873046875,1308.44287109375,305.65301513671875,1273.84130859375,265.06585693359375
1395,0.8575087189674377,1239.590087890625,224.221435546875,1308.941650390625,306.68389892578125,1274.265869140625,265.4526672363281
1396,0.8635037541389465,1239.943359375,224.7176971435547,1308.755859375,306.2789611816406,1274.349609375,265.49832916259766
1397,0.8630127906799316,1240.20361328125,224.74038696289062,1308.9150390625,305.7480773925781,1274.559326171875,265.2442321777344
1398,0.868150532245636,1240.029296875,225.1299591064453,1308.85791015625,305.41412353515625,1274.443603515625,265.2720413208008
1399,0.8656784892082214,1241.34716796875,224.77835083007812,1309.1474609375,306.0698547363281,1275.247314453125,265.4241027832031
1400,0.8604763150215149,1240.0986328125,225.38015747070312,1308.8492431640625,305.7075500488281,1274.4739379882812,265.5438537597656
1401,0.8614460229873657,1240.515625,225.3914794921875,1308.852783203125,305.5675964355469,1274.6842041015625,265.4795379638672
1402,0.8653705716133118,1240.60546875,225.4028778076172,1308.93896484375,305.87872314453125,1274.772216796875,265.6408004760742
1403,0.8560978174209595,1241.0400390625,225.14085388183594,1308.8046875,305.49566650390625,1274.92236328125,265.3182601928711
1404,0.8531283736228943,1240.4365234375,224.91041564941406,1308.88232421875,305.90850830078125,1274.659423828125,265.40946197509766
1405,0.8611670136451721,1240.3046875,225.359619140625,1308.946533203125,307.1820068359375,1274.6256103515625,266.27081298828125
1406,0.8560298681259155,1240.77294921875,225.35330200195312,1308.43896484375,304.411376953125,1274.60595703125,264.88233947753906
1407,0.8591437935829163,1241.027587890625,225.2442169189453,1308.850830078125,305.5485534667969,1274.939208984375,265.3963851928711
1408,0.8666623830795288,1240.3885498046875,225.1212615966797,1308.1767578125,305.2161865234375,1274.2826538085938,265.1687240600586
1409,0.8630350828170776,1240.555908203125,224.75564575195312,1308.7760009765625,305.92401123046875,1274.6659545898438,265.33982849121094
1410,0.8656554222106934,1240.258056640625,225.1505126953125,1308.6591796875,305.50390625,1274.4586181640625,265.32720947265625
1411,0.8688967227935791,1239.966064453125,225.33819580078125,1308.8367919921875,306.2901306152344,1274.4014282226562,265.8141632080078
1412,0.8653790354728699,1239.564453125,225.1368408203125,1308.0185546875,305.44378662109375,1273.79150390625,265.2903137207031
1413,0.8603324890136719,1239.86376953125,225.04957580566406,1308.833740234375,307.27777099609375,1274.3487548828125,266.1636734008789
1414,0.8656182885169983,1239.725341796875,225.41290283203125,1308.5576171875,305.3900146484375,1274.1414794921875,265.4014587402344
1415,0.852665901184082,1238.84228515625,222.56153869628906,1308.36083984375,305.30133056640625,1273.6015625,263.93143463134766
1416,0.8653937578201294,1237.26904296875,221.8810272216797,1307.951416015625,308.94146728515625,1272.6102294921875,265.41124725341797
1417,0.8573886156082153,1237.385498046875,221.8424835205078,1307.173095703125,309.6343688964844,1272.279296875,265.7384262084961
1418,0.8580219745635986,1237.2744140625,221.81858825683594,1307.203125,310.0625,1272.23876953125,265.94054412841797
1419,0.863541841506958,1238.0687255859375,222.69932556152344,1307.42724609375,310.3294677734375,1272.7479858398438,266.51439666748047
1420,0.8653608560562134,1237.3975830078125,222.57156372070312,1307.3714599609375,309.451904296875,1272.384521484375,266.01173400878906
1421,0.8635757565498352,1237.575439453125,222.16305541992188,1307.63671875,310.9704895019531,1272.6060791015625,266.5667724609375
1422,0.8591514825820923,1237.50732421875,222.20559692382812,1307.525634765625,310.50286865234375,1272.5164794921875,266.35423278808594
1423,0.8646053671836853,1237.722412109375,222.5690460205078,1307.4384765625,308.2110595703125,1272.5804443359375,265.39005279541016
1424,0.8651381731033325,1237.3311767578125,222.45144653320312,1307.5015869140625,310.4688720703125,1272.4163818359375,266.4601593017578
1425,0.865303635597229,1237.255126953125,223.37864685058594,1307.69287109375,310.54913330078125,1272.4739990234375,266.9638900756836
1426,0.8656938672065735,1237.2392578125,222.639404296875,1307.5440673828125,311.57598876953125,1272.3916625976562,267.1076965332031
1427,0.8651275634765625,1237.5615234375,222.64100646972656,1307.58837890625,307.18603515625,1272.574951171875,264.9135208129883
1428,0.8568130135536194,1237.298095703125,223.03578186035156,1307.5888671875,307.3446350097656,1272.4434814453125,265.1902084350586
1429,0.8579096794128418,1237.5440673828125,222.46527099609375,1307.0025634765625,306.9502258300781,1272.2733154296875,264.70774841308594
1430,0.8577327132225037,1237.5355224609375,222.56336975097656,1306.8892822265625,304.8221435546875,1272.21240234375,263.69275665283203
1431,0.8684448003768921,1237.896240234375,222.88966369628906,1306.213623046875,304.1357421875,1272.054931640625,263.51270294189453
1432,0.8675424456596375,1237.579345703125,222.7240447998047,1306.2939453125,304.6722412109375,1271.9366455078125,263.6981430053711
1433,0.8620153069496155,1237.665771484375,222.43328857421875,1306.0941162109375,306.6667175292969,1271.8799438476562,264.5500030517578
1434,0.8602401614189148,1237.5,222.8748779296875,1306.215087890625,307.089111328125,1271.8575439453125,264.98199462890625
1435,0.8597005605697632,1237.858154296875,222.95388793945312,1305.945556640625,308.3976745605469,1271.90185546875,265.67578125
1436,0.8664758205413818,1237.5926513671875,222.95457458496094,1305.697509765625,306.498291015625,1271.6450805664062,264.72643280029297
1437,0.8631693720817566,1237.419189453125,223.39938354492188,1306.287841796875,305.7536315917969,1271.853515625,264.5765075683594
1438,0.8639137744903564,1237.41552734375,222.8017578125,1305.57177734375,306.47967529296875,1271.49365234375,264.6407165527344
1439,0.8622939586639404,1237.3515625,222.65762329101562,1305.35791015625,308.0277099609375,1271.354736328125,265.34266662597656
1440,0.8610559105873108,1237.1427001953125,222.40599060058594,1305.4111328125,309.5399169921875,1271.2769165039062,265.9729537963867
1441,0.8615028858184814,1237.047607421875,222.00315856933594,1305.3056640625,309.48681640625,1271.1766357421875,265.74498748779297
1442,0.8627846240997314,1237.0206298828125,222.20843505859375,1305.2373046875,308.7368469238281,1271.1289672851562,265.47264099121094
1443,0.8596287369728088,1237.010986328125,222.1325225830078,1305.280029296875,309.63360595703125,1271.1455078125,265.88306427001953
1444,0.856722891330719,1236.71826171875,221.9996337890625,1304.24365234375,308.7289123535156,1270.48095703125,265.36427307128906
1445,0.862777054309845,1236.5889892578125,222.0618896484375,1304.4893798828125,310.6297607421875,1270.5391845703125,266.3458251953125
1446,0.8603466749191284,1236.4794921875,222.24600219726562,1304.451171875,309.3003845214844,1270.46533203125,265.773193359375
1447,0.8606895804405212,1236.884765625,222.58538818359375,1306.0830078125,307.94073486328125,1271.48388671875,265.2630615234375
1448,0.8739264011383057,1237.22119140625,223.87911987304688,1300.673095703125,305.4996643066406,1268.9471435546875,264.68939208984375
1449,0.8669208884239197,1229.329345703125,226.72531127929688,1299.128662109375,310.9483642578125,1264.22900390625,268.8368377685547
1450,0.7886311411857605,1217.627197265625,232.38075256347656,1282.3033447265625,305.600830078125,1249.9652709960938,268.9907913208008
1451,0.334817111492157,1186.37451171875,239.3184356689453,1281.66162109375,323.458251953125,1234.01806640625,281.38834381103516
1452,0.8052875399589539,1150.6439208984375,244.5593719482422,1232.0328369140625,319.22821044921875,1191.33837890625,281.89379119873047
1453,0.8294423222541809,1116.723388671875,245.25430297851562,1221.33642578125,319.83380126953125,1169.0299072265625,282.54405212402344
1454,0.7820782661437988,1078.337158203125,243.30523681640625,1152.333984375,309.7389221191406,1115.3355712890625,276.52207946777344
1455,0.8202592134475708,1050.322021484375,231.7216796875,1135.057373046875,308.8170471191406,1092.689697265625,270.2693634033203
1456,0.7301362156867981,1023.734619140625,227.94717407226562,1113.614501953125,302.6928405761719,1068.674560546875,265.32000732421875
1457,0.7673082947731018,1002.343017578125,238.8383331298828,1088.1297607421875,322.4619140625,1045.2363891601562,280.6501235961914
1458,0.8043392896652222,984.6773071289062,253.6699676513672,1066.157958984375,321.07684326171875,1025.4176330566406,287.37340545654297
1459,0.8173874616622925,967.5884399414062,265.4237365722656,1049.8985595703125,333.3343505859375,1008.7434997558594,299.37904357910156
1460,0.8293644189834595,944.776611328125,253.7040252685547,1039.0107421875,342.0240478515625,991.8936767578125,297.8640365600586
1461,0.8322462439537048,930.697998046875,256.5675048828125,1025.6466064453125,355.9677734375,978.1723022460938,306.26763916015625
1462,0.8573232293128967,895.2500610351562,270.8822937011719,1000.3606567382812,359.906494140625,947.8053588867188,315.39439392089844
1463,0.8088473677635193,866.07421875,276.333984375,958.0718994140625,369.7028503417969,912.0730590820312,323.01841735839844
1464,0.8525174260139465,829.8370361328125,273.650634765625,923.866455078125,352.1636657714844,876.8517456054688,312.9071502685547
1465,0.572648823261261,787.0823364257812,281.1748046875,877.9288330078125,349.43817138671875,832.5055847167969,315.3064880371094
1466,0.8327943682670593,750.2853393554688,265.917724609375,850.3458251953125,355.2471923828125,800.3155822753906,310.58245849609375
1467,0.7936031222343445,706.716552734375,275.40216064453125,793.114501953125,347.17218017578125,749.91552734375,311.28717041015625
1468,0.7567557692527771,664.984130859375,265.86041259765625,768.7337036132812,366.0080871582031,716.8589172363281,315.9342498779297
1469,0.2764304578304291,620.6643676757812,262.96612548828125,725.7337646484375,354.540771484375,673.1990661621094,308.7534484863281
1470,nan,nan,nan,nan,nan,nan,nan
1471,nan,nan,nan,nan,nan,nan,nan
1472,nan,nan,nan,nan,nan,nan,nan
1473,0.2525157034397125,465.4112548828125,239.82408142089844,570.8426513671875,336.1185302734375,518.126953125,287.97130584716797
1474,0.295667827129364,434.7325744628906,232.99365234375,535.7037353515625,315.27593994140625,485.21815490722656,274.1347961425781
1475,nan,nan,nan,nan,nan,nan,nan
1476,nan,nan,nan,nan,nan,nan,nan
1477,nan,nan,nan,nan,nan,nan,nan
1478,nan,nan,nan,nan,nan,nan,nan
1479,nan,nan,nan,nan,nan,nan,nan
1480,nan,nan,nan,nan,nan,nan,nan
1481,nan,nan,nan,nan,nan,nan,nan
1482,nan,nan,nan,nan,nan,nan,nan
1483,nan,nan,nan,nan,nan,nan,nan
1484,nan,nan,nan,nan,nan,nan,nan
1485,nan,nan,nan,nan,nan,nan,nan
1486,0.11423181742429733,266.8786926269531,163.58212280273438,333.94427490234375,212.47251892089844,300.41148376464844,188.0273208618164
1487,nan,nan,nan,nan,nan,nan,nan
1488,nan,nan,nan,nan,nan,nan,nan
1489,nan,nan,nan,nan,nan,nan,nan
1490,nan,nan,nan,nan,nan,nan,nan
1491,nan,nan,nan,nan,nan,nan,nan
1492,nan,nan,nan,nan,nan,nan,nan
1493,nan,nan,nan,nan,nan,nan,nan
1494,nan,nan,nan,nan,nan,nan,nan
1495,nan,nan,nan,nan,nan,nan,nan
1496,nan,nan,nan,nan,nan,nan,nan
1497,nan,nan,nan,nan,nan,nan,nan
1498,nan,nan,nan,nan,nan,nan,nan
1499,nan,nan,nan,nan,nan,nan,nan
1500,nan,nan,nan,nan,nan,nan,nan
1501,nan,nan,nan,nan,nan,nan,nan
1502,nan,nan,nan,nan,nan,nan,nan
1503,nan,nan,nan,nan,nan,nan,nan
1504,nan,nan,nan,nan,nan,nan,nan
1505,nan,nan,nan,nan,nan,nan,nan
1506,nan,nan,nan,nan,nan,nan,nan
1507,nan,nan,nan,nan,nan,nan,nan
1508,nan,nan,nan,nan,nan,nan,nan
1509,nan,nan,nan,nan,nan,nan,nan
1510,nan,nan,nan,nan,nan,nan,nan
1511,nan,nan,nan,nan,nan,nan,nan
1512,nan,nan,nan,nan,nan,nan,nan
1513,nan,nan,nan,nan,nan,nan,nan
1514,nan,nan,nan,nan,nan,nan,nan
1515,nan,nan,nan,nan,nan,nan,nan
1516,nan,nan,nan,nan,nan,nan,nan
1517,nan,nan,nan,nan,nan,nan,nan
1518,nan,nan,nan,nan,nan,nan,nan
1519,nan,nan,nan,nan,nan,nan,nan
1520,nan,nan,nan,nan,nan,nan,nan
1521,nan,nan,nan,nan,nan,nan,nan
1522,nan,nan,nan,nan,nan,nan,nan
1523,nan,nan,nan,nan,nan,nan,nan
1524,nan,nan,nan,nan,nan,nan,nan
1525,nan,nan,nan,nan,nan,nan,nan
1526,nan,nan,nan,nan,nan,nan,nan
1527,nan,nan,nan,nan,nan,nan,nan
1528,nan,nan,nan,nan,nan,nan,nan
1529,nan,nan,nan,nan,nan,nan,nan
1530,nan,nan,nan,nan,nan,nan,nan
1531,nan,nan,nan,nan,nan,nan,nan
1532,nan,nan,nan,nan,nan,nan,nan
1533,nan,nan,nan,nan,nan,nan,nan
1534,nan,nan,nan,nan,nan,nan,nan
1535,nan,nan,nan,nan,nan,nan,nan
1536,nan,nan,nan,nan,nan,nan,nan
1537,nan,nan,nan,nan,nan,nan,nan
1538,nan,nan,nan,nan,nan,nan,nan
1539,nan,nan,nan,nan,nan,nan,nan
1540,nan,nan,nan,nan,nan,nan,nan
1541,nan,nan,nan,nan,nan,nan,nan
1542,nan,nan,nan,nan,nan,nan,nan
1543,nan,nan,nan,nan,nan,nan,nan
1544,nan,nan,nan,nan,nan,nan,nan
1545,nan,nan,nan,nan,nan,nan,nan
1546,nan,nan,nan,nan,nan,nan,nan
1547,nan,nan,nan,nan,nan,nan,nan
1548,nan,nan,nan,nan,nan,nan,nan
1549,nan,nan,nan,nan,nan,nan,nan
1550,nan,nan,nan,nan,nan,nan,nan
1551,nan,nan,nan,nan,nan,nan,nan
1552,nan,nan,nan,nan,nan,nan,nan
1553,nan,nan,nan,nan,nan,nan,nan
1554,nan,nan,nan,nan,nan,nan,nan
1555,nan,nan,nan,nan,nan,nan,nan
1556,nan,nan,nan,nan,nan,nan,nan
1557,nan,nan,nan,nan,nan,nan,nan
1558,nan,nan,nan,nan,nan,nan,nan
1559,nan,nan,nan,nan,nan,nan,nan
1560,nan,nan,nan,nan,nan,nan,nan
1561,nan,nan,nan,nan,nan,nan,nan
1562,nan,nan,nan,nan,nan,nan,nan
1563,nan,nan,nan,nan,nan,nan,nan
1564,nan,nan,nan,nan,nan,nan,nan
1565,0.12137563526630402,458.6370849609375,211.1525115966797,512.9703369140625,256.68719482421875,485.8037109375,233.91985321044922
1566,nan,nan,nan,nan,nan,nan,nan
1567,nan,nan,nan,nan,nan,nan,nan
1568,nan,nan,nan,nan,nan,nan,nan
1569,nan,nan,nan,nan,nan,nan,nan
1570,nan,nan,nan,nan,nan,nan,nan
1571,nan,nan,nan,nan,nan,nan,nan
1572,nan,nan,nan,nan,nan,nan,nan
1573,nan,nan,nan,nan,nan,nan,nan
1574,nan,nan,nan,nan,nan,nan,nan
1575,nan,nan,nan,nan,nan,nan,nan
1576,nan,nan,nan,nan,nan,nan,nan
1577,nan,nan,nan,nan,nan,nan,nan
1578,nan,nan,nan,nan,nan,nan,nan
1579,nan,nan,nan,nan,nan,nan,nan
1580,nan,nan,nan,nan,nan,nan,nan
1581,nan,nan,nan,nan,nan,nan,nan
1582,nan,nan,nan,nan,nan,nan,nan
1583,nan,nan,nan,nan,nan,nan,nan
1584,nan,nan,nan,nan,nan,nan,nan
1585,nan,nan,nan,nan,nan,nan,nan
1586,nan,nan,nan,nan,nan,nan,nan
1587,nan,nan,nan,nan,nan,nan,nan
1588,0.10301204770803452,457.9329833984375,211.1776885986328,513.0205688476562,257.2984619140625,485.4767761230469,234.23807525634766
1589,nan,nan,nan,nan,nan,nan,nan
1590,nan,nan,nan,nan,nan,nan,nan
1591,nan,nan,nan,nan,nan,nan,nan
1592,nan,nan,nan,nan,nan,nan,nan
1593,nan,nan,nan,nan,nan,nan,nan
1594,nan,nan,nan,nan,nan,nan,nan
1595,nan,nan,nan,nan,nan,nan,nan
1596,nan,nan,nan,nan,nan,nan,nan
1597,nan,nan,nan,nan,nan,nan,nan
1598,nan,nan,nan,nan,nan,nan,nan
1599,nan,nan,nan,nan,nan,nan,nan
1600,nan,nan,nan,nan,nan,nan,nan
1601,nan,nan,nan,nan,nan,nan,nan
1602,nan,nan,nan,nan,nan,nan,nan
1603,nan,nan,nan,nan,nan,nan,nan
1604,nan,nan,nan,nan,nan,nan,nan
1605,nan,nan,nan,nan,nan,nan,nan
1606,nan,nan,nan,nan,nan,nan,nan
1607,nan,nan,nan,nan,nan,nan,nan
1608,nan,nan,nan,nan,nan,nan,nan
1609,nan,nan,nan,nan,nan,nan,nan
1610,nan,nan,nan,nan,nan,nan,nan
1611,0.11895333230495453,457.36138916015625,211.65621948242188,513.076904296875,257.4164733886719,485.2191467285156,234.53634643554688
1612,0.15773895382881165,457.4369201660156,211.85398864746094,513.0074462890625,257.3809814453125,485.22218322753906,234.61748504638672
1613,0.21149155497550964,457.6376953125,212.06195068359375,512.70849609375,257.280029296875,485.173095703125,234.67098999023438
1614,0.254781037569046,457.632568359375,212.04432678222656,512.8870849609375,257.43536376953125,485.25982666015625,234.7398452758789
1615,0.28254228830337524,457.6285400390625,211.7639923095703,512.9507446289062,257.41326904296875,485.2896423339844,234.58863067626953
1616,0.2551233172416687,457.45953369140625,212.03494262695312,512.8701782226562,257.35894775390625,485.16485595703125,234.6969451904297
1617,0.38034260272979736,457.85870361328125,211.82199096679688,512.853515625,257.2678527832031,485.3561096191406,234.544921875
1618,0.2828446328639984,457.7487487792969,211.47789001464844,513.05078125,257.34228515625,485.39976501464844,234.41008758544922
1619,0.27455779910087585,457.7326354980469,211.36129760742188,512.9876708984375,257.3456726074219,485.3601531982422,234.35348510742188
1620,0.20806041359901428,457.5674743652344,211.38514709472656,512.9559326171875,257.36444091796875,485.26170349121094,234.37479400634766
1621,0.20878151059150696,457.47918701171875,211.736572265625,512.5300903320312,257.3631591796875,485.004638671875,234.54986572265625
1622,0.20180179178714752,457.3927001953125,210.9283905029297,513.0985107421875,257.4654541015625,485.24560546875,234.1969223022461
1623,0.15954361855983734,457.22552490234375,210.99118041992188,513.2501220703125,257.49871826171875,485.2378234863281,234.2449493408203
1624,0.16925261914730072,457.2139892578125,210.83587646484375,513.306884765625,257.61492919921875,485.26043701171875,234.22540283203125
1625,nan,nan,nan,nan,nan,nan,nan
1626,nan,nan,nan,nan,nan,nan,nan
1627,0.10226727277040482,457.0978088378906,210.77691650390625,513.4814453125,257.6759033203125,485.2896270751953,234.22640991210938
1628,nan,nan,nan,nan,nan,nan,nan
1629,nan,nan,nan,nan,nan,nan,nan
1630,nan,nan,nan,nan,nan,nan,nan
1631,nan,nan,nan,nan,nan,nan,nan
1632,nan,nan,nan,nan,nan,nan,nan
1633,nan,nan,nan,nan,nan,nan,nan
1634,nan,nan,nan,nan,nan,nan,nan
1635,nan,nan,nan,nan,nan,nan,nan
1636,0.11653725802898407,457.12908935546875,210.70767211914062,513.6378173828125,257.5072021484375,485.3834533691406,234.10743713378906
1637,nan,nan,nan,nan,nan,nan,nan
1638,nan,nan,nan,nan,nan,nan,nan
1639,nan,nan,nan,nan,nan,nan,nan
1640,nan,nan,nan,nan,nan,nan,nan
1641,nan,nan,nan,nan,nan,nan,nan
1642,nan,nan,nan,nan,nan,nan,nan
1643,nan,nan,nan,nan,nan,nan,nan
1644,nan,nan,nan,nan,nan,nan,nan
1645,nan,nan,nan,nan,nan,nan,nan
1646,nan,nan,nan,nan,nan,nan,nan
1647,nan,nan,nan,nan,nan,nan,nan
1648,nan,nan,nan,nan,nan,nan,nan
1649,0.12039437144994736,457.55523681640625,211.50045776367188,513.3206787109375,257.54534912109375,485.4379577636719,234.5229034423828
1650,nan,nan,nan,nan,nan,nan,nan
1651,nan,nan,nan,nan,nan,nan,nan
1652,nan,nan,nan,nan,nan,nan,nan
1653,nan,nan,nan,nan,nan,nan,nan
1654,nan,nan,nan,nan,nan,nan,nan
1655,nan,nan,nan,nan,nan,nan,nan
1656,nan,nan,nan,nan,nan,nan,nan
1657,0.11428417265415192,457.2371520996094,210.94326782226562,513.3707275390625,257.4101257324219,485.30393981933594,234.17669677734375
1658,0.25468796491622925,458.4017028808594,211.5647735595703,513.4798583984375,257.1575927734375,485.94078063964844,234.3611831665039
1659,0.23763121664524078,458.72698974609375,211.44595336914062,513.3414916992188,256.9708251953125,486.03424072265625,234.20838928222656
1660,0.14559753239154816,458.2521057128906,211.9713592529297,513.5733642578125,257.56744384765625,485.91273498535156,234.76940155029297
1661,nan,nan,nan,nan,nan,nan,nan
1662,nan,nan,nan,nan,nan,nan,nan
1663,nan,nan,nan,nan,nan,nan,nan
1664,nan,nan,nan,nan,nan,nan,nan
1665,nan,nan,nan,nan,nan,nan,nan
1666,nan,nan,nan,nan,nan,nan,nan
1667,nan,nan,nan,nan,nan,nan,nan
1668,nan,nan,nan,nan,nan,nan,nan
1669,nan,nan,nan,nan,nan,nan,nan
1670,nan,nan,nan,nan,nan,nan,nan
1671,nan,nan,nan,nan,nan,nan,nan
1672,nan,nan,nan,nan,nan,nan,nan
1673,nan,nan,nan,nan,nan,nan,nan
1674,nan,nan,nan,nan,nan,nan,nan
1675,nan,nan,nan,nan,nan,nan,nan
1676,nan,nan,nan,nan,nan,nan,nan
1677,nan,nan,nan,nan,nan,nan,nan
1678,nan,nan,nan,nan,nan,nan,nan
1679,nan,nan,nan,nan,nan,nan,nan
1680,nan,nan,nan,nan,nan,nan,nan
1681,nan,nan,nan,nan,nan,nan,nan
1682,nan,nan,nan,nan,nan,nan,nan
1683,nan,nan,nan,nan,nan,nan,nan
1684,nan,nan,nan,nan,nan,nan,nan
1685,nan,nan,nan,nan,nan,nan,nan
1686,nan,nan,nan,nan,nan,nan,nan
1687,nan,nan,nan,nan,nan,nan,nan
1688,nan,nan,nan,nan,nan,nan,nan
1689,0.1773492842912674,252.05003356933594,187.5307159423828,347.468017578125,261.90191650390625,299.75902557373047,224.71631622314453
1690,0.1905445009469986,251.8066864013672,188.4023895263672,350.67962646484375,262.1944580078125,301.24315643310547,225.29842376708984
1691,0.28252336382865906,251.66294860839844,187.86058044433594,351.77789306640625,262.89801025390625,301.72042083740234,225.3792953491211
1692,0.24371081590652466,251.5648956298828,188.1302032470703,352.1745300292969,263.80877685546875,301.86971282958984,225.96949005126953
1693,0.1263992339372635,251.85073852539062,188.57373046875,352.78094482421875,264.66229248046875,302.3158416748047,226.61801147460938
1694,0.30071911215782166,251.98251342773438,188.35482788085938,352.93341064453125,266.56219482421875,302.4579620361328,227.45851135253906
1695,0.2961755394935608,252.0286102294922,188.4430389404297,352.9053955078125,266.35479736328125,302.46700286865234,227.39891815185547
1696,0.3695070445537567,252.3461151123047,188.30813598632812,352.4942626953125,263.8369445800781,302.4201889038086,226.07254028320312
1697,0.3955267369747162,253.0077667236328,190.1480712890625,350.3314208984375,263.0420837402344,301.66959381103516,226.59507751464844
1698,0.2596881091594696,252.167724609375,188.2104949951172,352.752685546875,264.6907958984375,302.460205078125,226.45064544677734
1699,0.26767635345458984,252.0743408203125,188.1302490234375,353.3949279785156,266.34332275390625,302.73463439941406,227.23678588867188
1700,0.6284886598587036,254.12635803222656,189.63894653320312,355.73760986328125,271.69757080078125,304.9319839477539,230.6682586669922
1701,0.6417917013168335,261.7572021484375,198.99661254882812,353.6849365234375,269.65570068359375,307.7210693359375,234.32615661621094
1702,nan,nan,nan,nan,nan,nan,nan
1703,0.37886208295822144,266.07159423828125,206.55563354492188,350.3753662109375,275.2783203125,308.2234802246094,240.91697692871094
1704,0.30169034004211426,266.00372314453125,206.76173400878906,350.0327453613281,274.97760009765625,308.0182342529297,240.86966705322266
1705,0.4258192181587219,266.1834411621094,206.95147705078125,349.9593200683594,274.3363952636719,308.0713806152344,240.64393615722656
1706,0.4416913688182831,266.08807373046875,207.77200317382812,349.83612060546875,274.488037109375,307.96209716796875,241.13002014160156
1707,0.49153125286102295,266.3448181152344,207.4053955078125,350.50897216796875,274.7232971191406,308.42689514160156,241.06434631347656
1708,0.5878793597221375,266.5770263671875,207.32730102539062,349.9386291503906,274.7075500488281,308.25782775878906,241.01742553710938
1709,0.5364924073219299,266.9217529296875,207.51251220703125,349.24969482421875,274.08453369140625,308.0857238769531,240.79852294921875
1710,0.37311306595802307,264.77642822265625,203.18943786621094,355.8119812011719,277.5667724609375,310.29420471191406,240.37810516357422
1711,0.44569042325019836,264.90960693359375,203.0145263671875,356.4842834472656,277.5555725097656,310.6969451904297,240.28504943847656
1712,0.3777421712875366,266.2153015136719,206.45196533203125,349.2560119628906,275.06500244140625,307.73565673828125,240.75848388671875
1713,0.42054522037506104,266.2587890625,206.89520263671875,348.9430847167969,274.7519226074219,307.60093688964844,240.8235626220703
1714,0.525421142578125,266.12274169921875,206.95562744140625,349.791015625,275.48779296875,307.9568786621094,241.22171020507812
1715,0.5366427898406982,266.2323303222656,206.88771057128906,349.3591003417969,275.054931640625,307.79571533203125,240.97132110595703
1716,0.523407518863678,266.16522216796875,206.70486450195312,349.7930603027344,275.16168212890625,307.97914123535156,240.9332733154297
1717,0.5997360944747925,266.5525817871094,206.38507080078125,349.9962158203125,275.1548156738281,308.27439880371094,240.7699432373047
1718,0.5246229767799377,266.3424072265625,206.3084716796875,350.50225830078125,274.8004455566406,308.4223327636719,240.55445861816406
1719,0.47726863622665405,266.25244140625,206.8228759765625,350.04052734375,274.56964111328125,308.146484375,240.69625854492188
1720,0.5717394948005676,266.292724609375,206.78073120117188,350.235595703125,274.67083740234375,308.26416015625,240.7257843017578
1721,0.5405837893486023,266.65411376953125,207.22366333007812,349.8201599121094,274.2030029296875,308.2371368408203,240.7133331298828
1722,0.42899760603904724,264.92236328125,203.85081481933594,357.902587890625,277.954345703125,311.4124755859375,240.90258026123047
1723,0.3957917392253876,264.9305419921875,203.67526245117188,357.6977233886719,277.83416748046875,311.3141326904297,240.7547149658203
1724,0.35802048444747925,264.8636474609375,203.75802612304688,357.5133056640625,277.9276428222656,311.1884765625,240.84283447265625
1725,0.39982444047927856,265.2467041015625,203.9735870361328,357.2593994140625,277.060546875,311.2530517578125,240.5170669555664
1726,0.29280340671539307,264.95904541015625,203.10813903808594,358.07305908203125,277.9066162109375,311.51605224609375,240.50737762451172
1727,0.22153770923614502,265.2252197265625,203.45657348632812,359.02252197265625,279.9897155761719,312.1238708496094,241.72314453125
1728,0.13558143377304077,265.5804748535156,204.13197326660156,357.54986572265625,279.34979248046875,311.56517028808594,241.74088287353516
1729,0.2407151758670807,266.4171142578125,204.2578125,356.0072937011719,278.9533996582031,311.2122039794922,241.60560607910156
1730,0.17908667027950287,266.22100830078125,204.03118896484375,357.26666259765625,279.58807373046875,311.74383544921875,241.80963134765625
1731,0.11134874075651169,266.2108154296875,204.0618438720703,357.9710998535156,279.9146728515625,312.09095764160156,241.9882583618164
1732,nan,nan,nan,nan,nan,nan,nan
1733,0.17354917526245117,266.3820495605469,203.72410583496094,359.0882873535156,280.55230712890625,312.73516845703125,242.1382064819336
1734,0.189622700214386,266.1243896484375,203.10374450683594,358.0011291503906,280.19390869140625,312.06275939941406,241.6488265991211
1735,0.14012502133846283,266.28814697265625,202.92283630371094,358.3722229003906,280.399169921875,312.33018493652344,241.66100311279297
1736,nan,nan,nan,nan,nan,nan,nan
1737,0.2148439586162567,267.0692138671875,202.66058349609375,359.1235656738281,279.509521484375,313.0963897705078,241.08505249023438
1738,0.10622548311948776,266.4333801269531,202.67620849609375,359.28717041015625,280.06170654296875,312.8602752685547,241.36895751953125
1739,0.13211698830127716,266.9431457519531,202.8321533203125,358.90045166015625,279.69635009765625,312.9217987060547,241.26425170898438
1740,nan,nan,nan,nan,nan,nan,nan
1741,0.11100255697965622,267.0260009765625,202.6688232421875,359.19744873046875,279.8579406738281,313.1117248535156,241.2633819580078
1742,0.12540303170681,267.0046081542969,202.65884399414062,359.1634216308594,279.54620361328125,313.0840148925781,241.10252380371094
1743,0.11885140091180801,267.1177673339844,202.88099670410156,359.3388366699219,279.4078369140625,313.2283020019531,241.14441680908203
1744,nan,nan,nan,nan,nan,nan,nan
1745,nan,nan,nan,nan,nan,nan,nan
1746,nan,nan,nan,nan,nan,nan,nan
1747,0.10275014489889145,268.15869140625,203.46189880371094,359.7615051269531,279.1920166015625,313.96009826660156,241.32695770263672
1748,0.39025843143463135,272.82733154296875,210.6280059814453,347.52630615234375,278.61114501953125,310.17681884765625,244.61957550048828
1749,0.3432903587818146,273.1826477050781,211.57498168945312,346.1499938964844,278.87060546875,309.66632080078125,245.22279357910156
1750,0.21387581527233124,272.904052734375,211.71917724609375,347.2574462890625,279.365234375,310.08074951171875,245.54220581054688
1751,0.35913366079330444,273.3013610839844,211.52078247070312,351.0351257324219,279.42626953125,312.1682434082031,245.47352600097656
1752,0.30415698885917664,273.2694396972656,211.6328887939453,345.63433837890625,279.88031005859375,309.45188903808594,245.75659942626953
1753,0.32100898027420044,273.22735595703125,211.43247985839844,347.13250732421875,280.015380859375,310.179931640625,245.72393035888672
1754,0.40323588252067566,273.4351806640625,211.35653686523438,347.8812561035156,280.0419616699219,310.65821838378906,245.69924926757812
1755,0.32245805859565735,273.30767822265625,211.58596801757812,347.6494445800781,280.467041015625,310.4785614013672,246.02650451660156
1756,0.2628268003463745,273.5132141113281,211.68267822265625,347.0846252441406,279.7731018066406,310.2989196777344,245.72789001464844
1757,0.3873082399368286,273.582763671875,211.52719116210938,346.388916015625,279.4067687988281,309.98583984375,245.46697998046875
1758,0.2287379652261734,273.66510009765625,210.61843872070312,347.1475524902344,279.6426086425781,310.4063262939453,245.13052368164062
1759,0.43114206194877625,273.875244140625,211.43760681152344,346.6247863769531,279.3802490234375,310.25001525878906,245.40892791748047
1760,0.333139568567276,273.62799072265625,211.3531036376953,347.13507080078125,279.91522216796875,310.38153076171875,245.63416290283203
1761,0.18503528833389282,273.5712890625,211.40615844726562,348.0986328125,280.17486572265625,310.8349609375,245.79051208496094
1762,0.26628369092941284,273.5067138671875,211.34165954589844,348.2169189453125,280.0333251953125,310.86181640625,245.68749237060547
1763,0.25793570280075073,273.4167175292969,211.6526641845703,348.6906433105469,280.5697021484375,311.0536804199219,246.1111831665039
1764,0.28821152448654175,273.6951904296875,211.35894775390625,348.1068420410156,280.2362976074219,310.90101623535156,245.79762268066406
1765,0.3460851311683655,273.932373046875,211.97447204589844,346.909423828125,280.0665283203125,310.4208984375,246.02050018310547
1766,0.3559589385986328,274.089111328125,212.11354064941406,347.09051513671875,280.4145812988281,310.5898132324219,246.2640609741211
1767,0.5162220597267151,273.9848327636719,211.71609497070312,346.77044677734375,280.323974609375,310.3776397705078,246.02003479003906
1768,0.32001182436943054,273.718994140625,211.48681640625,348.61749267578125,280.3699951171875,311.1682434082031,245.92840576171875
1769,0.2719373106956482,273.7674560546875,212.1990966796875,347.2716369628906,280.4317932128906,310.51954650878906,246.31544494628906
1770,0.364484578371048,273.4897155761719,212.23611450195312,345.3653869628906,280.1221008300781,309.42755126953125,246.17910766601562
1771,0.3244178593158722,273.2686767578125,212.1803741455078,344.1517333984375,279.6036376953125,308.710205078125,245.89200592041016
1772,0.17772695422172546,273.388671875,212.11326599121094,347.76934814453125,280.47021484375,310.5790100097656,246.29174041748047
1773,0.13536567986011505,273.5165100097656,212.32907104492188,347.8841247558594,280.31683349609375,310.7003173828125,246.3229522705078
1774,0.20778681337833405,273.751708984375,212.36294555664062,346.18316650390625,280.0130920410156,309.9674377441406,246.18801879882812
1775,0.23991703987121582,274.091796875,212.86062622070312,343.6957092285156,279.6619873046875,308.8937530517578,246.2613067626953
1776,0.3089612126350403,273.71600341796875,212.00733947753906,347.35430908203125,279.84521484375,310.53515625,245.92627716064453
1777,0.31671053171157837,273.6646728515625,211.8650665283203,347.4210205078125,279.8273620605469,310.5428466796875,245.8462142944336
1778,0.1912941187620163,273.81365966796875,211.94439697265625,347.352294921875,280.14642333984375,310.5829772949219,246.04541015625
1779,0.26623737812042236,273.4808349609375,211.45706176757812,347.5084533691406,279.966796875,310.49464416503906,245.71192932128906
1780,0.3206513524055481,273.508544921875,211.58746337890625,347.05596923828125,279.8318786621094,310.2822570800781,245.7096710205078
1781,0.33033913373947144,273.5534973144531,211.4919891357422,346.40374755859375,279.52886962890625,309.97862243652344,245.51042938232422
1782,0.2977950870990753,273.7332763671875,211.71759033203125,346.07635498046875,279.55670166015625,309.9048156738281,245.63714599609375
1783,0.356558233499527,273.88946533203125,211.9222412109375,345.96923828125,279.3902893066406,309.9293518066406,245.65626525878906
1784,0.35917928814888,273.98138427734375,212.01846313476562,345.27545166015625,279.457763671875,309.62841796875,245.7381134033203
1785,0.3970782458782196,273.9446716308594,211.95689392089844,345.9068603515625,279.68804931640625,309.92576599121094,245.82247161865234
1786,0.4063985347747803,274.0110168457031,212.1565704345703,346.68585205078125,279.69708251953125,310.3484344482422,245.92682647705078
1787,0.4750012159347534,274.2257995605469,212.48963928222656,346.0029602050781,279.830810546875,310.1143798828125,246.16022491455078
1788,0.31761929392814636,274.0745849609375,212.249267578125,347.0787353515625,279.7012023925781,310.57666015625,245.97523498535156
1789,0.3224545121192932,274.0299072265625,212.11436462402344,346.8192138671875,279.42486572265625,310.424560546875,245.76961517333984
1790,0.2812980115413666,273.76031494140625,211.95742797851562,347.9815673828125,279.76690673828125,310.8709411621094,245.86216735839844
1791,0.32220619916915894,273.8419189453125,212.4851531982422,345.2437744140625,279.63690185546875,309.5428466796875,246.06102752685547
1792,0.3357667624950409,273.9483337402344,212.26043701171875,346.43218994140625,279.6171569824219,310.1902618408203,245.9387969970703
1793,0.3029218316078186,274.00567626953125,212.0123291015625,346.69219970703125,279.44915771484375,310.34893798828125,245.73074340820312
1794,0.24264830350875854,274.00482177734375,212.1650848388672,346.4375,279.4351806640625,310.2211608886719,245.80013275146484
1795,0.3088811933994293,274.21673583984375,212.66006469726562,344.4608459472656,279.0980529785156,309.3387908935547,245.87905883789062
1796,0.2948968708515167,274.0318298339844,212.41366577148438,345.0460205078125,279.1697692871094,309.53892517089844,245.79171752929688
1797,0.25535526871681213,274.01568603515625,212.22457885742188,345.06207275390625,279.20367431640625,309.53887939453125,245.71412658691406
1798,0.26720261573791504,274.05224609375,212.39862060546875,345.18597412109375,279.2902526855469,309.6191101074219,245.8444366455078
1799,0.2482656091451645,273.7661437988281,212.39053344726562,344.8490905761719,279.2441711425781,309.3076171875,245.81735229492188
1800,0.19079189002513885,273.8523864746094,212.19625854492188,345.1546936035156,279.33087158203125,309.5035400390625,245.76356506347656
1801,0.19322392344474792,274.09417724609375,212.25064086914062,344.60382080078125,279.22430419921875,309.3489990234375,245.7374725341797
1802,0.2080213725566864,273.9324645996094,212.47314453125,344.60723876953125,279.4521179199219,309.2698516845703,245.96263122558594
1803,0.24687770009040833,273.8013610839844,212.47735595703125,344.4766845703125,279.6620788574219,309.13902282714844,246.06971740722656
1804,0.3117730915546417,273.855224609375,212.26889038085938,344.38623046875,279.20843505859375,309.1207275390625,245.73866271972656
1805,0.27095043659210205,274.0390625,212.269775390625,343.9794921875,278.8567199707031,309.00927734375,245.56324768066406
1806,0.25530728697776794,274.0300598144531,212.5774383544922,342.80126953125,278.7442626953125,308.41566467285156,245.66085052490234
1807,0.24342510104179382,273.9753723144531,211.9486541748047,344.69287109375,278.7010803222656,309.33412170410156,245.32486724853516
1808,0.1691170334815979,273.86090087890625,212.05810546875,345.37060546875,278.96392822265625,309.6157531738281,245.51101684570312
1809,0.19395457208156586,273.7777404785156,212.11459350585938,345.7330627441406,279.00457763671875,309.7554016113281,245.55958557128906
1810,0.1632678508758545,273.6949462890625,211.96719360351562,345.92828369140625,278.98541259765625,309.8116149902344,245.47630310058594
1811,nan,nan,nan,nan,nan,nan,nan
1812,0.12598134577274323,273.66943359375,212.03677368164062,346.6373291015625,279.26934814453125,310.15338134765625,245.65306091308594
1813,0.13111943006515503,273.53729248046875,212.27389526367188,345.84100341796875,279.259521484375,309.68914794921875,245.76670837402344
1814,nan,nan,nan,nan,nan,nan,nan
1815,nan,nan,nan,nan,nan,nan,nan
1816,nan,nan,nan,nan,nan,nan,nan
1817,nan,nan,nan,nan,nan,nan,nan
1818,nan,nan,nan,nan,nan,nan,nan
1819,0.11373946815729141,274.06982421875,211.86643981933594,348.35595703125,279.21795654296875,311.212890625,245.54219818115234
1820,0.1038283258676529,273.86895751953125,212.15464782714844,346.9678955078125,279.00469970703125,310.4184265136719,245.57967376708984
1821,nan,nan,nan,nan,nan,nan,nan
1822,0.13647250831127167,273.87115478515625,212.2122344970703,346.06756591796875,279.07952880859375,309.9693603515625,245.64588165283203
1823,0.15160144865512848,273.90386962890625,212.39556884765625,346.08074951171875,279.1760559082031,309.9923095703125,245.7858123779297
1824,0.13337883353233337,274.0377197265625,212.4708709716797,345.9422607421875,279.09619140625,309.989990234375,245.78353118896484
1825,0.18351399898529053,274.021484375,212.38279724121094,346.919189453125,279.26287841796875,310.4703369140625,245.82283782958984
1826,0.20829105377197266,273.9315185546875,212.22747802734375,346.3469543457031,279.2397766113281,310.1392364501953,245.73362731933594
1827,0.19255085289478302,273.84832763671875,211.9420623779297,346.5566711425781,279.10650634765625,310.20249938964844,245.52428436279297
1828,nan,nan,nan,nan,nan,nan,nan
1829,nan,nan,nan,nan,nan,nan,nan
1830,0.10457123070955276,273.927490234375,212.03416442871094,346.19818115234375,279.02862548828125,310.0628356933594,245.5313949584961
1831,0.11568165570497513,273.94378662109375,212.14434814453125,345.41790771484375,279.0581359863281,309.68084716796875,245.6012420654297
1832,0.11595407128334045,274.0056457519531,212.3214111328125,345.2035827636719,278.9267578125,309.6046142578125,245.62408447265625
1833,0.1861911416053772,273.9518127441406,212.503662109375,345.0080871582031,279.1895751953125,309.4799499511719,245.84661865234375
1834,nan,nan,nan,nan,nan,nan,nan
1835,nan,nan,nan,nan,nan,nan,nan
1836,nan,nan,nan,nan,nan,nan,nan
1837,nan,nan,nan,nan,nan,nan,nan
1838,nan,nan,nan,nan,nan,nan,nan
1839,nan,nan,nan,nan,nan,nan,nan
1840,nan,nan,nan,nan,nan,nan,nan
1841,nan,nan,nan,nan,nan,nan,nan
1842,nan,nan,nan,nan,nan,nan,nan
1843,nan,nan,nan,nan,nan,nan,nan
1844,nan,nan,nan,nan,nan,nan,nan
1845,nan,nan,nan,nan,nan,nan,nan
1846,nan,nan,nan,nan,nan,nan,nan
1847,nan,nan,nan,nan,nan,nan,nan
1848,nan,nan,nan,nan,nan,nan,nan
1849,nan,nan,nan,nan,nan,nan,nan
1850,nan,nan,nan,nan,nan,nan,nan
1851,0.10052555799484253,271.6422119140625,205.86854553222656,358.1116943359375,282.16748046875,314.876953125,244.01801300048828
1852,0.11088388413190842,271.57867431640625,205.42630004882812,358.5879211425781,282.4670104980469,315.0832977294922,243.9466552734375
1853,0.12980873882770538,271.71337890625,205.28704833984375,358.45062255859375,282.124755859375,315.0820007324219,243.70590209960938
1854,nan,nan,nan,nan,nan,nan,nan
1855,0.15885592997074127,271.45599365234375,205.05015563964844,358.60504150390625,282.64923095703125,315.030517578125,243.84969329833984
1856,nan,nan,nan,nan,nan,nan,nan
1857,0.1030413955450058,271.5562744140625,204.88613891601562,358.59893798828125,282.3401184082031,315.0776062011719,243.61312866210938
1858,nan,nan,nan,nan,nan,nan,nan
1859,0.13189615309238434,272.2251892089844,204.34030151367188,359.2145690917969,282.2733154296875,315.7198791503906,243.3068084716797
1860,nan,nan,nan,nan,nan,nan,nan
1861,nan,nan,nan,nan,nan,nan,nan
1862,nan,nan,nan,nan,nan,nan,nan
1863,nan,nan,nan,nan,nan,nan,nan
1864,0.12620055675506592,272.15069580078125,204.49342346191406,358.608154296875,282.11175537109375,315.3794250488281,243.3025894165039
1865,0.10659229010343552,272.1780700683594,204.42041015625,358.7398986816406,282.2339172363281,315.458984375,243.32716369628906
1866,nan,nan,nan,nan,nan,nan,nan
1867,0.20546811819076538,271.90325927734375,204.51187133789062,358.6489562988281,281.87823486328125,315.27610778808594,243.19505310058594
1868,0.12061884999275208,272.0379638671875,204.4388427734375,358.83013916015625,282.2437438964844,315.4340515136719,243.34129333496094
1869,0.12078587710857391,271.799072265625,204.4380340576172,358.0135498046875,282.0682067871094,314.90631103515625,243.25312042236328
1870,0.15783913433551788,272.00897216796875,204.30780029296875,357.5703125,281.79290771484375,314.7896423339844,243.05035400390625
1871,0.2217465043067932,271.89080810546875,204.40667724609375,356.9877624511719,281.61492919921875,314.4392852783203,243.01080322265625
1872,nan,nan,nan,nan,nan,nan,nan
1873,nan,nan,nan,nan,nan,nan,nan
1874,nan,nan,nan,nan,nan,nan,nan
1875,nan,nan,nan,nan,nan,nan,nan
1876,nan,nan,nan,nan,nan,nan,nan
1877,0.11188004165887833,272.13690185546875,204.4687957763672,358.4903564453125,282.08856201171875,315.3136291503906,243.27867889404297
1878,nan,nan,nan,nan,nan,nan,nan
1879,nan,nan,nan,nan,nan,nan,nan
1880,nan,nan,nan,nan,nan,nan,nan
1881,nan,nan,nan,nan,nan,nan,nan
1882,nan,nan,nan,nan,nan,nan,nan
1883,nan,nan,nan,nan,nan,nan,nan
1884,nan,nan,nan,nan,nan,nan,nan
1885,nan,nan,nan,nan,nan,nan,nan
1886,nan,nan,nan,nan,nan,nan,nan
1887,nan,nan,nan,nan,nan,nan,nan
1888,nan,nan,nan,nan,nan,nan,nan
1889,nan,nan,nan,nan,nan,nan,nan
1890,nan,nan,nan,nan,nan,nan,nan
1891,nan,nan,nan,nan,nan,nan,nan
1892,nan,nan,nan,nan,nan,nan,nan
1893,nan,nan,nan,nan,nan,nan,nan
1894,nan,nan,nan,nan,nan,nan,nan
1895,nan,nan,nan,nan,nan,nan,nan
1896,0.15364190936088562,310.7142333984375,238.4790802001953,398.66961669921875,341.8636474609375,354.6919250488281,290.1713638305664
1897,nan,nan,nan,nan,nan,nan,nan
1898,nan,nan,nan,nan,nan,nan,nan
1899,nan,nan,nan,nan,nan,nan,nan
1900,0.276969850063324,318.88067626953125,238.66049194335938,409.499755859375,343.90313720703125,364.1902160644531,291.2818145751953
1901,nan,nan,nan,nan,nan,nan,nan
1902,0.2433285266160965,382.8724670410156,209.81936645507812,504.5885009765625,295.98101806640625,443.73048400878906,252.9001922607422
1903,0.5283613204956055,412.4970703125,221.76319885253906,527.246826171875,345.7101745605469,469.8719482421875,283.73668670654297
1904,nan,nan,nan,nan,nan,nan,nan
1905,0.20652857422828674,562.9342651367188,360.6281433105469,663.9832153320312,447.18292236328125,613.458740234375,403.90553283691406
1906,nan,nan,nan,nan,nan,nan,nan
1907,0.8107109665870667,629.226806640625,355.193603515625,737.40185546875,466.386962890625,683.3143310546875,410.790283203125
1908,0.7726848125457764,691.44140625,358.8221740722656,793.8380126953125,450.61083984375,742.6397094726562,404.7165069580078
1909,0.6793978810310364,740.2279663085938,369.0709228515625,838.1209716796875,463.4863586425781,789.1744689941406,416.2786407470703
1910,0.8137402534484863,790.9608764648438,386.4927978515625,883.1185913085938,468.08770751953125,837.0397338867188,427.2902526855469
1911,0.8617355823516846,821.0189208984375,385.60992431640625,926.6630859375,485.0428466796875,873.8410034179688,435.3263854980469
1912,0.8056067824363708,859.8755493164062,401.7059326171875,967.3262329101562,494.3268127441406,913.6008911132812,448.01637268066406
1913,0.8312236070632935,906.935791015625,431.9698791503906,1001.1326904296875,513.763671875,954.0342407226562,472.8667755126953
1914,0.7626591324806213,932.9410400390625,437.75982666015625,1030.510986328125,522.4983520507812,981.7260131835938,480.12908935546875
1915,0.8465456366539001,985.4649658203125,441.08001708984375,1072.8809814453125,518.7857666015625,1029.1729736328125,479.9328918457031
1916,0.6694285869598389,1012.7393188476562,440.07574462890625,1103.42626953125,521.4865112304688,1058.0827941894531,480.7811279296875
1917,0.8733733892440796,1021.916015625,434.5643005371094,1120.2857666015625,520.0257568359375,1071.1008911132812,477.29502868652344
1918,0.8490599393844604,1040.9969482421875,434.4447021484375,1132.7791748046875,521.0243530273438,1086.8880615234375,477.7345275878906
1919,0.8107629418373108,1045.4783935546875,439.8326416015625,1137.553466796875,523.6221923828125,1091.5159301757812,481.7274169921875
1920,0.7634159326553345,1046.66943359375,435.8193054199219,1138.8466796875,518.8035888671875,1092.758056640625,477.3114471435547
1921,0.8132896423339844,1044.632080078125,433.3779602050781,1139.0716552734375,517.613525390625,1091.8518676757812,475.49574279785156
1922,0.8119317293167114,1043.404052734375,430.0406799316406,1139.559326171875,515.88232421875,1091.481689453125,472.9615020751953
1923,0.8215819597244263,1044.97509765625,429.9341125488281,1139.5234375,515.6636962890625,1092.249267578125,472.7989044189453
1924,0.8244924545288086,1044.9681396484375,430.6578369140625,1139.099365234375,515.7661743164062,1092.0337524414062,473.2120056152344
1925,0.8305705189704895,1045.404541015625,431.19427490234375,1139.000732421875,515.9216918945312,1092.20263671875,473.5579833984375
1926,0.8361556529998779,1048.168701171875,428.2821350097656,1140.99560546875,516.46484375,1094.5821533203125,472.3734893798828
1927,0.8566922545433044,1049.142822265625,442.29730224609375,1142.5501708984375,523.7199096679688,1095.8464965820312,483.00860595703125
1928,0.8755982518196106,1053.88671875,444.5327453613281,1144.4967041015625,526.025390625,1099.1917114257812,485.27906799316406
1929,0.8759302496910095,1054.599365234375,444.88006591796875,1144.579345703125,525.8484497070312,1099.58935546875,485.3642578125
1930,0.8796504735946655,1054.2138671875,446.10791015625,1144.41162109375,526.6378784179688,1099.312744140625,486.3728942871094
1931,0.8519122004508972,1046.053955078125,460.209228515625,1141.154541015625,538.93310546875,1093.604248046875,499.5711669921875
1932,0.873347818851471,1049.031005859375,483.22210693359375,1137.54638671875,562.5675659179688,1093.2886962890625,522.8948364257812
1933,0.766322672367096,1052.993896484375,496.743896484375,1141.048828125,575.4168090820312,1097.0213623046875,536.0803527832031
1934,0.8847454786300659,1063.95068359375,494.45782470703125,1151.62158203125,575.1600952148438,1107.7861328125,534.8089599609375
1935,0.8816943168640137,1080.5859375,494.9901123046875,1167.18896484375,571.7373046875,1123.887451171875,533.3637084960938
1936,0.8951568603515625,1090.869384765625,497.6455993652344,1177.199951171875,574.8077392578125,1134.03466796875,536.2266693115234
1937,0.8998192548751831,1093.072021484375,500.0435485839844,1178.436279296875,576.9501953125,1135.754150390625,538.4968719482422
1938,0.9000309705734253,1093.128173828125,500.27783203125,1178.23876953125,576.8994140625,1135.6834716796875,538.588623046875
1939,0.8984897136688232,1092.995361328125,500.6124572753906,1177.72412109375,576.918212890625,1135.3597412109375,538.7653350830078
1940,0.9017677307128906,1088.691162109375,507.35552978515625,1173.46240234375,581.917724609375,1131.0767822265625,544.6366271972656
1941,0.8847246766090393,1082.0908203125,520.4144287109375,1169.765869140625,596.3618774414062,1125.9283447265625,558.3881530761719
1942,0.8955702781677246,1074.3934326171875,534.966064453125,1164.6739501953125,612.53955078125,1119.53369140625,573.7528076171875
1943,0.8976454734802246,1075.3905029296875,546.4262084960938,1166.231689453125,624.0078125,1120.8110961914062,585.2170104980469
1944,0.8927520513534546,1078.89501953125,557.4149169921875,1169.240234375,634.12841796875,1124.067626953125,595.7716674804688
1945,0.8858416676521301,1079.00048828125,569.6973876953125,1165.803466796875,647.172119140625,1122.4019775390625,608.4347534179688
1946,0.8914568424224854,1088.698486328125,573.6465454101562,1171.750732421875,648.84375,1130.224609375,611.2451477050781
1947,0.8587178587913513,1087.041748046875,567.7220458984375,1174.8935546875,657.898193359375,1130.9676513671875,612.8101196289062
1948,0.8785215020179749,1096.40087890625,588.40966796875,1179.768798828125,666.4061889648438,1138.0848388671875,627.4079284667969
1949,0.8847611546516418,1102.29736328125,592.0582885742188,1185.15673828125,669.4080810546875,1143.72705078125,630.7331848144531
1950,0.870675802230835,1107.880126953125,599.5537109375,1187.991455078125,674.360107421875,1147.935791015625,636.9569091796875
1951,0.8758392333984375,1108.8489990234375,604.41259765625,1189.82568359375,680.511962890625,1149.3373413085938,642.4622802734375
1952,0.8775432705879211,1108.3046875,604.94140625,1191.22021484375,681.4605712890625,1149.762451171875,643.2009887695312
1953,0.8734033703804016,1109.7105712890625,604.2467041015625,1191.730712890625,680.3868408203125,1150.7206420898438,642.3167724609375
1954,0.8692099452018738,1109.15478515625,604.6157836914062,1190.5345458984375,681.08544921875,1149.8446655273438,642.8506164550781
1955,0.8808164596557617,1107.563720703125,604.926025390625,1190.101806640625,681.893798828125,1148.832763671875,643.409912109375
1956,0.880962610244751,1106.056640625,604.2196044921875,1190.865966796875,681.865478515625,1148.4613037109375,643.0425415039062
1957,0.8744730353355408,1105.75537109375,604.341796875,1190.819580078125,682.0301513671875,1148.2874755859375,643.1859741210938
1958,0.8706561326980591,1105.138671875,605.21435546875,1190.005126953125,682.4852294921875,1147.5718994140625,643.8497924804688
1959,0.891029953956604,1104.601318359375,607.9142456054688,1187.934814453125,685.083740234375,1146.26806640625,646.4989929199219
1960,0.8933427333831787,1104.7176513671875,608.0374755859375,1188.1865234375,684.9175415039062,1146.4520874023438,646.4775085449219
1961,0.893610417842865,1104.75048828125,607.9486083984375,1187.962158203125,684.9488525390625,1146.3563232421875,646.44873046875
1962,0.894791841506958,1104.707275390625,607.7461547851562,1188.061279296875,685.0438232421875,1146.38427734375,646.3949890136719
1963,0.8925753831863403,1105.2110595703125,608.1677856445312,1188.1336669921875,684.9391479492188,1146.67236328125,646.553466796875
1964,0.9002014398574829,1104.800537109375,608.775634765625,1188.3614501953125,685.337158203125,1146.5809936523438,647.056396484375
1965,0.9001392126083374,1104.212890625,608.6890258789062,1188.072265625,687.1414794921875,1146.142578125,647.9152526855469
1966,0.8989739418029785,1103.9493408203125,608.2039184570312,1188.083984375,686.48779296875,1146.0166625976562,647.3458557128906
1967,0.8973178267478943,1104.714111328125,609.2994384765625,1188.28857421875,687.110107421875,1146.5013427734375,648.2047729492188
1968,0.8968538641929626,1104.2342529296875,609.1030883789062,1188.4774169921875,687.6324462890625,1146.3558349609375,648.3677673339844
1969,0.8891922831535339,1098.2479248046875,615.2156982421875,1182.079833984375,695.502685546875,1140.1638793945312,655.3591918945312
1970,0.865062415599823,1086.79296875,639.0440673828125,1173.556640625,716.1759033203125,1130.1748046875,677.6099853515625
1971,0.8751327991485596,1079.092529296875,666.3096923828125,1165.111083984375,740.27880859375,1122.101806640625,703.2942504882812
1972,0.8368670344352722,1073.3411865234375,689.4563598632812,1159.06982421875,764.056640625,1116.2055053710938,726.7565002441406
1973,0.8443453311920166,1085.650390625,707.5257568359375,1167.19775390625,778.6846923828125,1126.424072265625,743.105224609375
1974,0.8387819528579712,1083.45166015625,658.9901123046875,1184.6300048828125,786.4095458984375,1134.0408325195312,722.6998291015625
1975,0.8659117221832275,1137.4443359375,713.3538818359375,1216.254150390625,784.5562744140625,1176.8492431640625,748.955078125
1976,0.8625972270965576,1162.518798828125,711.6170654296875,1241.77490234375,780.1195678710938,1202.1468505859375,745.8683166503906
1977,0.8646537065505981,1177.7845458984375,716.371826171875,1256.5078125,784.1995239257812,1217.1461791992188,750.2856750488281
1978,0.8656915426254272,1184.3818359375,721.4675903320312,1270.588623046875,789.9380493164062,1227.4852294921875,755.7028198242188
1979,0.89223712682724,1210.0264892578125,727.177978515625,1288.7369384765625,793.5496215820312,1249.3817138671875,760.3638000488281
1980,0.884807825088501,1229.505859375,731.6602783203125,1305.317626953125,800.4549560546875,1267.4117431640625,766.0576171875
1981,0.8690544366836548,1249.3460693359375,744.3951416015625,1319.7100830078125,807.0547485351562,1284.528076171875,775.7249450683594
1982,0.8817803859710693,1260.16162109375,740.89794921875,1335.3826904296875,811.1259765625,1297.7721557617188,776.011962890625
1983,0.7916404008865356,1270.7574462890625,751.6336059570312,1349.6766357421875,818.770751953125,1310.217041015625,785.2021789550781
1984,0.27146899700164795,1166.5264892578125,665.9482421875,1297.3839111328125,794.248779296875,1231.9552001953125,730.0985107421875
1985,0.3074045181274414,1309.395263671875,766.204833984375,1385.8568115234375,834.821044921875,1347.6260375976562,800.512939453125
1986,0.7965439558029175,1283.635498046875,759.878173828125,1365.59814453125,837.392578125,1324.6168212890625,798.6353759765625
1987,0.8037096858024597,1262.69580078125,770.0985717773438,1349.39892578125,837.3352661132812,1306.04736328125,803.7169189453125
1988,0.7670862078666687,1286.541748046875,766.293212890625,1366.92724609375,836.3114013671875,1326.7344970703125,801.3023071289062
1989,nan,nan,nan,nan,nan,nan,nan
1990,nan,nan,nan,nan,nan,nan,nan
1991,0.12614376842975616,1281.81396484375,779.5493774414062,1362.168212890625,847.6803588867188,1321.9910888671875,813.6148681640625
1992,0.6086381077766418,1281.7811279296875,770.9199829101562,1360.1572265625,839.1813354492188,1320.9691772460938,805.0506591796875
1993,0.6763105988502502,1280.839111328125,761.1668701171875,1357.088134765625,828.9620361328125,1318.963623046875,795.064453125
1994,0.690070629119873,1280.2020263671875,758.4105224609375,1357.3824462890625,826.822509765625,1318.792236328125,792.6165161132812
1995,0.22754274308681488,1267.4151611328125,739.5728759765625,1353.66259765625,812.2791137695312,1310.5388793945312,775.9259948730469
1996,nan,nan,nan,nan,nan,nan,nan
1997,nan,nan,nan,nan,nan,nan,nan
1998,0.26124751567840576,1273.3226318359375,694.86767578125,1366.3197021484375,766.0062255859375,1319.8211669921875,730.4369506835938
1999,nan,nan,nan,nan,nan,nan,nan
2000,nan,nan,nan,nan,nan,nan,nan
2001,nan,nan,nan,nan,nan,nan,nan
2002,nan,nan,nan,nan,nan,nan,nan
2003,nan,nan,nan,nan,nan,nan,nan
2004,nan,nan,nan,nan,nan,nan,nan
2005,0.5163208842277527,1254.744384765625,649.5016479492188,1338.6165771484375,731.2730712890625,1296.6804809570312,690.3873596191406
2006,0.5293422937393188,1245.822021484375,648.992919921875,1338.4931640625,731.1402587890625,1292.1575927734375,690.0665893554688
2007,0.5485965013504028,1253.022216796875,649.0572509765625,1336.50146484375,731.6731567382812,1294.7618408203125,690.3652038574219
2008,0.5211146473884583,1253.3553466796875,648.8592529296875,1337.0286865234375,732.6680908203125,1295.1920166015625,690.763671875
2009,0.47312086820602417,1255.14501953125,649.3309326171875,1337.128662109375,732.014892578125,1296.1368408203125,690.6729125976562
2010,0.48296868801116943,1253.102783203125,649.3344116210938,1336.814208984375,732.0531616210938,1294.95849609375,690.6937866210938
2011,0.44151777029037476,1254.23486328125,649.2681884765625,1337.72412109375,731.752685546875,1295.9794921875,690.5104370117188
2012,0.4915977418422699,1252.220458984375,649.6158447265625,1336.583740234375,730.2109375,1294.402099609375,689.9133911132812
2013,0.7552363276481628,1260.308837890625,652.0579223632812,1330.353759765625,722.5641479492188,1295.331298828125,687.31103515625
2014,0.6438285112380981,1249.6243896484375,656.6910400390625,1324.1973876953125,727.3080444335938,1286.910888671875,691.9995422363281
2015,0.8228899836540222,1243.5135498046875,655.2057495117188,1320.8741455078125,725.59716796875,1282.19384765625,690.4014587402344
2016,0.7671611309051514,1243.27734375,655.2064208984375,1320.726806640625,725.346435546875,1282.0020751953125,690.2764282226562
2017,0.7931444048881531,1243.625244140625,655.4124145507812,1321.253173828125,725.7901000976562,1282.439208984375,690.6012573242188
2018,0.8383628726005554,1246.522705078125,656.13330078125,1324.246337890625,726.9022216796875,1285.384521484375,691.5177612304688
2019,0.8592414259910583,1245.10009765625,657.3693237304688,1320.7421875,728.4124145507812,1282.921142578125,692.890869140625
2020,0.879752516746521,1244.98974609375,657.6614990234375,1320.3486328125,728.15234375,1282.669189453125,692.9069213867188
2021,0.86229008436203,1244.124267578125,658.4375610351562,1320.0523681640625,727.7118530273438,1282.0883178710938,693.07470703125
2022,0.861494779586792,1243.5728759765625,658.3082275390625,1319.937744140625,728.17333984375,1281.7553100585938,693.2407836914062
2023,0.868429958820343,1245.6181640625,658.5086059570312,1319.9761962890625,728.0782470703125,1282.7971801757812,693.2934265136719
2024,0.8655034303665161,1244.42529296875,658.7332763671875,1320.024169921875,728.38330078125,1282.2247314453125,693.5582885742188
2025,0.8631073832511902,1244.607421875,659.0250244140625,1320.024169921875,728.177734375,1282.3157958984375,693.6013793945312
2026,0.6828509569168091,1248.9818115234375,660.3350219726562,1326.92578125,732.3120727539062,1287.9537963867188,696.3235473632812
2027,0.8378766179084778,1248.8699951171875,654.1358642578125,1327.3515625,722.6597900390625,1288.1107788085938,688.3978271484375
2028,0.8515793085098267,1248.37548828125,652.5165405273438,1326.34765625,721.5869140625,1287.361572265625,687.0517272949219
2029,0.8569647669792175,1248.3843994140625,652.0877685546875,1326.8248291015625,720.864501953125,1287.6046142578125,686.4761352539062
2030,0.8658832907676697,1248.9200439453125,652.4452514648438,1326.50146484375,720.966796875,1287.7107543945312,686.7060241699219
2031,0.8664090633392334,1249.1810302734375,652.4677734375,1326.6705322265625,720.9296264648438,1287.92578125,686.6986999511719
2032,0.8667470216751099,1248.7596435546875,652.5625,1326.4334716796875,720.9415893554688,1287.5965576171875,686.7520446777344
2033,0.8629353046417236,1249.1910400390625,652.4876708984375,1326.61474609375,720.7978515625,1287.9028930664062,686.6427612304688
2034,0.8590494990348816,1248.3106689453125,652.4488525390625,1326.6219482421875,721.0302734375,1287.46630859375,686.7395629882812
2035,0.8661397099494934,1248.4390869140625,652.4779052734375,1326.6170654296875,721.2261962890625,1287.528076171875,686.85205078125
2036,0.864139199256897,1248.796142578125,652.55078125,1326.6474609375,720.9638671875,1287.7218017578125,686.75732421875
2037,0.8664863705635071,1248.884033203125,652.4249267578125,1326.6474609375,721.4430541992188,1287.7657470703125,686.9339904785156
2038,0.8472612500190735,1245.22412109375,638.0047607421875,1320.1474609375,710.1775512695312,1282.685791015625,674.0911560058594
2039,0.8213565945625305,1231.5662841796875,615.608642578125,1306.123779296875,702.2858276367188,1268.8450317382812,658.9472351074219
2040,0.8288974761962891,1229.543701171875,612.156005859375,1303.4447021484375,700.7032470703125,1266.4942016601562,656.4296264648438
2041,0.836821973323822,1227.7542724609375,611.9892578125,1304.2413330078125,700.386962890625,1265.997802734375,656.1881103515625
2042,0.8373938798904419,1230.47607421875,612.5712890625,1303.12353515625,699.6650390625,1266.7998046875,656.1181640625
2043,0.8384491801261902,1230.92724609375,612.471923828125,1303.178466796875,698.7540893554688,1267.0528564453125,655.6130065917969
2044,0.8431103229522705,1230.672607421875,612.6077880859375,1303.163330078125,698.7724609375,1266.91796875,655.6901245117188
2045,0.8412182927131653,1230.623779296875,612.7073364257812,1303.050537109375,698.6801147460938,1266.837158203125,655.6937255859375
2046,0.8386844992637634,1231.2779541015625,612.4168090820312,1302.767822265625,697.751708984375,1267.0228881835938,655.0842590332031
2047,0.8369996547698975,1231.2799072265625,612.5811767578125,1302.82568359375,697.7803955078125,1267.0527954101562,655.1807861328125
2048,0.8341379165649414,1231.147705078125,612.4148559570312,1303.0770263671875,697.8710327148438,1267.1123657226562,655.1429443359375
2049,0.8376819491386414,1231.07861328125,612.874267578125,1302.8388671875,698.2149658203125,1266.958740234375,655.5446166992188
2050,0.8415950536727905,1230.851806640625,612.5286254882812,1302.848876953125,698.349853515625,1266.850341796875,655.4392395019531
2051,0.8407527208328247,1231.340087890625,612.6177978515625,1302.5113525390625,697.7392578125,1266.9257202148438,655.1785278320312
2052,0.8318090438842773,1231.111572265625,612.9829711914062,1302.899169921875,698.2466430664062,1267.00537109375,655.6148071289062
2053,0.8372463583946228,1231.259521484375,612.7813110351562,1302.863037109375,698.2569580078125,1267.061279296875,655.5191345214844
2054,0.8387911915779114,1231.156982421875,612.804931640625,1302.70263671875,698.0927124023438,1266.9298095703125,655.4488220214844
2055,0.8361227512359619,1230.96630859375,612.7575073242188,1302.84765625,698.444580078125,1266.906982421875,655.6010437011719
2056,0.8408857583999634,1230.9761962890625,612.697265625,1302.77685546875,698.4049072265625,1266.8765258789062,655.5510864257812
2057,0.8487098217010498,1227.659423828125,612.6976318359375,1299.31494140625,700.4514770507812,1263.4871826171875,656.5745544433594
2058,0.7737784385681152,1191.302978515625,601.3331298828125,1289.822509765625,701.620849609375,1240.562744140625,651.4769897460938
2059,0.7101752758026123,1159.579345703125,592.9677734375,1254.1636962890625,687.162841796875,1206.8715209960938,640.0653076171875
2060,0.13046853244304657,1150.416015625,578.7559814453125,1237.943603515625,668.697021484375,1194.1798095703125,623.7265014648438
2061,0.5140003561973572,1111.331787109375,564.838623046875,1213.225830078125,661.1559448242188,1162.27880859375,612.9972839355469
2062,0.8654642105102539,1070.1888427734375,544.759521484375,1147.572021484375,617.9287719726562,1108.8804321289062,581.3441467285156
2063,0.7890051603317261,1028.8297119140625,520.7312622070312,1115.2144775390625,604.7523193359375,1072.0220947265625,562.7417907714844
2064,0.8436830639839172,981.6298828125,508.15301513671875,1075.5523681640625,619.33984375,1028.5911254882812,563.7464294433594
2065,0.8738349676132202,938.7907104492188,495.5895080566406,1032.18212890625,575.6602783203125,985.4864196777344,535.6248931884766
2066,0.8492006659507751,890.4728393554688,469.2693786621094,999.609375,550.09326171875,945.0411071777344,509.6813201904297
2067,0.8354095816612244,847.0887451171875,439.2122497558594,939.0897216796875,538.9908447265625,893.0892333984375,489.10154724121094
2068,0.8886743783950806,795.9892578125,413.90277099609375,890.445068359375,499.3865661621094,843.2171630859375,456.64466857910156
2069,0.8662540912628174,731.86767578125,398.67706298828125,842.7167358398438,484.03350830078125,787.2922058105469,441.35528564453125
2070,0.8415305614471436,670.4701538085938,364.2864074707031,760.0582275390625,442.9765319824219,715.2641906738281,403.6314697265625
2071,0.8529364466667175,628.4964599609375,319.576904296875,740.2960205078125,425.44537353515625,684.396240234375,372.5111389160156
2072,0.8223730325698853,578.799072265625,297.5171813964844,679.730224609375,381.531494140625,629.2646484375,339.5243377685547
2073,nan,nan,nan,nan,nan,nan,nan
2074,nan,nan,nan,nan,nan,nan,nan
2075,nan,nan,nan,nan,nan,nan,nan
2076,0.6215386986732483,392.9180603027344,233.27664184570312,489.0035705566406,314.247314453125,440.9608154296875,273.76197814941406
2077,0.35381707549095154,365.6985168457031,222.42787170410156,454.5066833496094,301.84429931640625,410.10260009765625,262.1360855102539
2078,nan,nan,nan,nan,nan,nan,nan
2079,nan,nan,nan,nan,nan,nan,nan
2080,nan,nan,nan,nan,nan,nan,nan
2081,0.11784310638904572,310.1393737792969,184.53099060058594,401.36297607421875,279.9575500488281,355.7511749267578,232.24427032470703
2082,nan,nan,nan,nan,nan,nan,nan
2083,nan,nan,nan,nan,nan,nan,nan
2084,nan,nan,nan,nan,nan,nan,nan
2085,nan,nan,nan,nan,nan,nan,nan
2086,nan,nan,nan,nan,nan,nan,nan
2087,nan,nan,nan,nan,nan,nan,nan
2088,nan,nan,nan,nan,nan,nan,nan
2089,nan,nan,nan,nan,nan,nan,nan
2090,nan,nan,nan,nan,nan,nan,nan
2091,nan,nan,nan,nan,nan,nan,nan
2092,nan,nan,nan,nan,nan,nan,nan
2093,nan,nan,nan,nan,nan,nan,nan
2094,nan,nan,nan,nan,nan,nan,nan
2095,nan,nan,nan,nan,nan,nan,nan
2096,nan,nan,nan,nan,nan,nan,nan
2097,nan,nan,nan,nan,nan,nan,nan
2098,nan,nan,nan,nan,nan,nan,nan
2099,nan,nan,nan,nan,nan,nan,nan
2100,nan,nan,nan,nan,nan,nan,nan
2101,nan,nan,nan,nan,nan,nan,nan
2102,nan,nan,nan,nan,nan,nan,nan
2103,nan,nan,nan,nan,nan,nan,nan
2104,nan,nan,nan,nan,nan,nan,nan
2105,nan,nan,nan,nan,nan,nan,nan
2106,nan,nan,nan,nan,nan,nan,nan
2107,nan,nan,nan,nan,nan,nan,nan
2108,nan,nan,nan,nan,nan,nan,nan
2109,nan,nan,nan,nan,nan,nan,nan
2110,nan,nan,nan,nan,nan,nan,nan
2111,nan,nan,nan,nan,nan,nan,nan
2112,nan,nan,nan,nan,nan,nan,nan
2113,nan,nan,nan,nan,nan,nan,nan
2114,nan,nan,nan,nan,nan,nan,nan
2115,nan,nan,nan,nan,nan,nan,nan
2116,nan,nan,nan,nan,nan,nan,nan
2117,nan,nan,nan,nan,nan,nan,nan
2118,nan,nan,nan,nan,nan,nan,nan
2119,nan,nan,nan,nan,nan,nan,nan
2120,nan,nan,nan,nan,nan,nan,nan
2121,nan,nan,nan,nan,nan,nan,nan
2122,nan,nan,nan,nan,nan,nan,nan
2123,nan,nan,nan,nan,nan,nan,nan
2124,nan,nan,nan,nan,nan,nan,nan
2125,0.20353780686855316,304.6756591796875,141.62213134765625,381.1502685546875,217.27528381347656,342.9129638671875,179.4487075805664
2126,0.254983514547348,311.36187744140625,141.28514099121094,390.6182556152344,218.82325744628906,350.9900665283203,180.05419921875
2127,0.5082923769950867,312.7905578613281,141.15652465820312,391.3080139160156,220.73048400878906,352.0492858886719,180.9435043334961
2128,0.4519203007221222,312.2523193359375,141.18359375,391.02264404296875,221.9037322998047,351.6374816894531,181.54366302490234
2129,0.416768342256546,312.41387939453125,140.6783447265625,390.1989440917969,221.7225341796875,351.30641174316406,181.200439453125
2130,0.5336983799934387,312.39886474609375,141.13238525390625,391.1302490234375,222.2010955810547,351.7645568847656,181.66674041748047
2131,0.4962449371814728,312.4300231933594,140.77481079101562,391.8114013671875,222.1824188232422,352.12071228027344,181.4786148071289
2132,0.5028008818626404,312.62274169921875,140.80731201171875,391.2428283691406,222.03802490234375,351.9327850341797,181.42266845703125
2133,0.452920138835907,312.5243225097656,140.57215881347656,391.3106689453125,222.30001831054688,351.91749572753906,181.43608856201172
2134,0.5309203863143921,312.4398193359375,141.08584594726562,391.6326599121094,223.11660766601562,352.03623962402344,182.10122680664062
2135,0.5127297639846802,312.5710144042969,140.99203491210938,391.17840576171875,223.1770477294922,351.8747100830078,182.08454132080078
2136,0.49863865971565247,312.5252380371094,141.35684204101562,391.12298583984375,223.4324951171875,351.82411193847656,182.39466857910156
2137,0.4641355574131012,312.5919189453125,141.80421447753906,390.98406982421875,223.56060791015625,351.7879943847656,182.68241119384766
2138,0.494189977645874,310.5006103515625,140.52134704589844,388.55810546875,225.93026733398438,349.52935791015625,183.2258071899414
2139,0.526829719543457,310.3953857421875,140.4842529296875,388.2426452636719,225.6532745361328,349.3190155029297,183.06876373291016
2140,0.44236359000205994,312.500244140625,141.4915313720703,391.65179443359375,223.57443237304688,352.0760192871094,182.5329818725586
2141,0.4867517650127411,312.47735595703125,141.4158935546875,391.4305419921875,222.7789764404297,351.9539489746094,182.0974349975586
2142,0.47722914814949036,310.458740234375,140.82997131347656,387.95263671875,225.39468383789062,349.2056884765625,183.1123275756836
2143,0.5017151832580566,310.4279479980469,140.9281005859375,387.94927978515625,225.54249572753906,349.18861389160156,183.23529815673828
2144,0.46351584792137146,310.626708984375,140.97610473632812,387.6719055175781,225.3859405517578,349.14930725097656,183.18102264404297
2145,0.4633185863494873,310.33599853515625,140.95916748046875,388.0370178222656,225.48609924316406,349.18650817871094,183.2226333618164
2146,0.5162334442138672,310.348876953125,140.8502197265625,388.63433837890625,225.84384155273438,349.4916076660156,183.34703063964844
2147,0.5653319954872131,310.3104248046875,140.87672424316406,388.70355224609375,225.70101928710938,349.5069885253906,183.28887176513672
2148,0.5567455887794495,310.230712890625,140.83160400390625,389.296630859375,226.24325561523438,349.763671875,183.5374298095703
2149,0.49889180064201355,309.912109375,140.69522094726562,390.61676025390625,226.3737030029297,350.2644348144531,183.53446197509766
2150,0.5555732250213623,310.1097412109375,140.90538024902344,389.242431640625,226.06324768066406,349.67608642578125,183.48431396484375
2151,0.5514512658119202,310.19805908203125,140.91505432128906,388.9034729003906,226.14019775390625,349.55076599121094,183.52762603759766
2152,0.48915791511535645,310.0915832519531,140.8238067626953,389.06591796875,226.4168701171875,349.57875061035156,183.6203384399414
2153,0.3501025438308716,309.9461669921875,140.535888671875,389.990966796875,226.70237731933594,349.96856689453125,183.61913299560547
2154,0.511178731918335,310.0707092285156,140.7487335205078,388.9721374511719,226.07839965820312,349.52142333984375,183.41356658935547
2155,0.5852168798446655,310.2311096191406,140.90541076660156,388.56744384765625,226.2432861328125,349.39927673339844,183.57434844970703
2156,0.5539195537567139,310.1135559082031,140.90052795410156,388.6912536621094,226.48512268066406,349.40240478515625,183.6928253173828
2157,0.5763370990753174,309.92999267578125,141.2183380126953,389.5329895019531,226.58963012695312,349.7314910888672,183.90398406982422
2158,0.5752431750297546,310.1104431152344,140.98915100097656,389.79217529296875,226.5373077392578,349.95130920410156,183.7632293701172
2159,0.5669284462928772,310.08001708984375,140.96812438964844,389.6712646484375,226.4783935546875,349.8756408691406,183.72325897216797
2160,0.5596839785575867,310.25445556640625,140.8842010498047,390.16387939453125,226.54696655273438,350.20916748046875,183.71558380126953
2161,0.5300112962722778,310.18048095703125,140.91659545898438,390.27703857421875,226.09185791015625,350.228759765625,183.5042266845703
2162,0.5418757200241089,310.177001953125,140.94354248046875,389.582763671875,226.4333953857422,349.8798828125,183.68846893310547
2163,0.47902625799179077,310.145263671875,140.75225830078125,390.34527587890625,226.1147918701172,350.2452697753906,183.43352508544922
2164,0.46205681562423706,310.12701416015625,140.8835906982422,389.737548828125,226.04727172851562,349.9322814941406,183.4654312133789
2165,0.4626484811306,310.1756591796875,141.00686645507812,388.05230712890625,225.6779022216797,349.1139831542969,183.3423843383789
2166,0.5079730153083801,309.91790771484375,141.00462341308594,388.7038879394531,226.3022918701172,349.31089782714844,183.65345764160156
2167,0.4514422118663788,309.99237060546875,140.93841552734375,389.2178649902344,226.5174560546875,349.60511779785156,183.72793579101562
2168,0.5344336032867432,310.09686279296875,140.87203979492188,388.93310546875,226.58453369140625,349.5149841308594,183.72828674316406
2169,0.49775174260139465,310.09967041015625,140.73143005371094,388.4498291015625,226.1653289794922,349.2747497558594,183.44837951660156
2170,0.5366406440734863,309.93756103515625,140.98654174804688,388.2611083984375,226.30252075195312,349.0993347167969,183.64453125
2171,0.5261682868003845,310.2384338378906,141.01048278808594,388.772216796875,226.3154296875,349.5053253173828,183.66295623779297
2172,0.4923078119754791,310.1671142578125,140.83856201171875,389.1097412109375,226.38999938964844,349.638427734375,183.6142807006836
2173,0.3977396786212921,310.3616943359375,140.86705017089844,388.5486145019531,226.46823120117188,349.4551544189453,183.66764068603516
2174,0.43433621525764465,310.02142333984375,140.9674835205078,388.45172119140625,226.40277099609375,349.236572265625,183.68512725830078
2175,0.4781528413295746,310.28173828125,141.1070556640625,388.04461669921875,225.95494079589844,349.1631774902344,183.53099822998047
2176,0.46765580773353577,310.31011962890625,141.06378173828125,387.62591552734375,225.8507537841797,348.968017578125,183.45726776123047
2177,0.4152982532978058,310.22283935546875,141.0296630859375,388.05517578125,225.96917724609375,349.1390075683594,183.49942016601562
2178,0.4613066017627716,310.5543212890625,140.91363525390625,388.95977783203125,226.10317993164062,349.7570495605469,183.50840759277344
2179,0.4374587833881378,310.561767578125,140.88047790527344,389.33868408203125,226.250244140625,349.9502258300781,183.56536102294922
2180,0.4571106731891632,310.2947998046875,141.01055908203125,388.70562744140625,226.127685546875,349.5002136230469,183.56912231445312
2181,0.4611537456512451,310.7917785644531,141.10113525390625,388.670166015625,226.01150512695312,349.73097229003906,183.5563201904297
2182,0.482904851436615,310.56884765625,141.0165252685547,388.9768981933594,225.9646453857422,349.7728729248047,183.49058532714844
2183,0.458818256855011,310.76678466796875,141.04591369628906,388.22332763671875,225.6452178955078,349.49505615234375,183.34556579589844
2184,0.4505009949207306,310.60296630859375,141.06814575195312,388.11761474609375,225.6371612548828,349.36029052734375,183.35265350341797
2185,0.4618173837661743,310.66717529296875,141.14181518554688,388.280517578125,225.5489044189453,349.4738464355469,183.3453598022461
2186,0.40933701395988464,310.5948486328125,141.1887969970703,387.96710205078125,225.8631591796875,349.2809753417969,183.5259780883789
2187,0.4174238443374634,310.4184265136719,141.07933044433594,388.2896728515625,226.2626953125,349.3540496826172,183.67101287841797
2188,0.4110783040523529,310.7135925292969,140.94921875,388.14715576171875,226.07147216796875,349.4303741455078,183.51034545898438
2189,0.37610024213790894,310.21923828125,140.6907958984375,389.8437194824219,226.61805725097656,350.03147888183594,183.65442657470703
2190,0.4298687279224396,310.632080078125,140.9799041748047,388.7618408203125,226.5468292236328,349.69696044921875,183.76336669921875
2191,0.42204955220222473,310.36639404296875,141.1038818359375,388.50811767578125,226.4040985107422,349.437255859375,183.75399017333984
2192,0.4201999008655548,310.40789794921875,139.67379760742188,397.2256164550781,226.14584350585938,353.81675720214844,182.90982055664062
2193,0.4004637897014618,311.0087890625,141.2862548828125,387.73602294921875,226.26429748535156,349.3724060058594,183.77527618408203
2194,0.3028886020183563,310.8357238769531,141.14108276367188,387.3240051269531,226.21426391601562,349.0798645019531,183.67767333984375
2195,0.3048114776611328,310.2898864746094,139.7204132080078,396.22119140625,226.45925903320312,353.2555389404297,183.08983612060547
2196,0.31111568212509155,310.82769775390625,140.9073486328125,388.08087158203125,226.54229736328125,349.45428466796875,183.72482299804688
2197,0.21468280255794525,310.138427734375,139.55477905273438,396.6330871582031,226.23106384277344,353.38575744628906,182.8929214477539
2198,0.32612282037734985,310.4048767089844,139.83804321289062,395.23468017578125,226.33570861816406,352.8197784423828,183.08687591552734
2199,0.24173526465892792,310.2900695800781,139.65560913085938,397.6875,226.45309448242188,353.98878479003906,183.05435180664062
2200,0.2981549799442291,310.372802734375,139.7628173828125,396.71221923828125,226.51797485351562,353.5425109863281,183.14039611816406
2201,0.35009974241256714,310.3440856933594,139.60946655273438,395.73895263671875,226.432861328125,353.04151916503906,183.0211639404297
2202,0.3640565872192383,310.4962158203125,141.2900390625,387.9324951171875,227.0606689453125,349.21435546875,184.17535400390625
2203,0.3376952111721039,310.0782165527344,139.86378479003906,395.4368591308594,226.68521118164062,352.7575378417969,183.27449798583984
2204,0.2977789342403412,309.91876220703125,139.7234649658203,396.4520263671875,226.6593017578125,353.1853942871094,183.1913833618164
2205,0.40419596433639526,309.61456298828125,141.36196899414062,388.870361328125,227.59283447265625,349.2424621582031,184.47740173339844
2206,0.3999059200286865,309.61187744140625,139.72633361816406,399.09552001953125,227.58197021484375,354.35369873046875,183.6541519165039
2207,0.3842589259147644,309.3273010253906,139.6483154296875,399.91278076171875,227.48291015625,354.6200408935547,183.56561279296875
2208,0.3573693037033081,309.5321044921875,139.46315002441406,400.9538269042969,227.39524841308594,355.2429656982422,183.42919921875
2209,0.37217602133750916,309.7115478515625,139.4707794189453,400.969970703125,227.121826171875,355.34075927734375,183.29630279541016
2210,0.40846267342567444,309.56463623046875,139.69520568847656,400.2750244140625,227.39346313476562,354.9198303222656,183.5443344116211
2211,0.3958281874656677,309.5235595703125,139.57568359375,400.7425537109375,227.44650268554688,355.133056640625,183.51109313964844
2212,0.4334041178226471,309.691650390625,141.8822479248047,388.41015625,228.00439453125,349.0509033203125,184.94332122802734
2213,0.43419232964515686,309.6490478515625,142.20167541503906,387.9906921386719,227.6418914794922,348.8198699951172,184.92178344726562
2214,0.3737662136554718,309.37939453125,139.5278778076172,398.3246154785156,227.23997497558594,353.8520050048828,183.38392639160156
2215,0.37187322974205017,309.24957275390625,139.53427124023438,399.0619812011719,227.2858428955078,354.15577697753906,183.4100570678711
2216,0.40078139305114746,309.4162902832031,142.0682830810547,387.9408874511719,228.36749267578125,348.6785888671875,185.21788787841797
2217,0.36106571555137634,309.5657043457031,141.94094848632812,387.412353515625,227.85548400878906,348.48902893066406,184.8982162475586
2218,0.3787411153316498,309.46990966796875,139.2908172607422,396.671630859375,226.74929809570312,353.0707702636719,183.02005767822266
2219,0.38824737071990967,309.67083740234375,141.8902587890625,387.66766357421875,227.69837951660156,348.66925048828125,184.79431915283203
2220,0.38779401779174805,309.8927001953125,141.8057403564453,387.73651123046875,227.57821655273438,348.8146057128906,184.69197845458984
2221,0.25134411454200745,309.70068359375,141.79183959960938,387.38592529296875,226.41046142578125,348.5433044433594,184.1011505126953
2222,0.37869468331336975,309.7373046875,142.01051330566406,387.5216064453125,227.479248046875,348.62945556640625,184.74488067626953
2223,0.33512619137763977,309.6114501953125,141.87583923339844,387.345947265625,227.69879150390625,348.47869873046875,184.78731536865234
2224,0.3382888734340668,309.1988525390625,142.03475952148438,387.32086181640625,227.58099365234375,348.2598571777344,184.80787658691406
2225,0.4398864507675171,309.56494140625,141.873046875,387.25341796875,228.2548828125,348.4091796875,185.06396484375
2226,0.49814650416374207,309.2538757324219,142.13226318359375,387.3565979003906,228.6409149169922,348.30523681640625,185.38658905029297
2227,0.43447065353393555,309.5152587890625,142.1580810546875,387.3289489746094,228.4800567626953,348.42210388183594,185.3190689086914
2228,0.45763134956359863,309.5157165527344,142.12625122070312,387.2564697265625,228.924560546875,348.38609313964844,185.52540588378906
2229,0.4218011200428009,309.6874694824219,142.09115600585938,387.2255859375,228.48446655273438,348.45652770996094,185.28781127929688
2230,0.4801996648311615,309.72723388671875,142.0684051513672,387.0037536621094,228.64755249023438,348.36549377441406,185.35797882080078
2231,0.542912483215332,309.7259521484375,142.0474853515625,386.9222412109375,229.0935516357422,348.3240966796875,185.57051849365234
2232,0.44078612327575684,309.0755310058594,139.20819091796875,394.1300354003906,227.8681182861328,351.602783203125,183.53815460205078
2233,0.5033273100852966,309.2740173339844,138.88511657714844,396.98193359375,228.32272338867188,353.1279754638672,183.60391998291016
2234,0.4573821425437927,309.0345153808594,138.92250061035156,400.4503173828125,228.264404296875,354.74241638183594,183.59345245361328
2235,0.4626949727535248,309.095458984375,138.94815063476562,400.2384338378906,228.2845001220703,354.6669464111328,183.61632537841797
2236,0.46264728903770447,308.7366943359375,139.002197265625,399.79180908203125,228.2593994140625,354.2642517089844,183.63079833984375
2237,0.49018415808677673,309.1703796386719,138.99093627929688,399.639404296875,228.23167419433594,354.40489196777344,183.6113052368164
2238,0.48050180077552795,309.30181884765625,139.1249237060547,401.5185546875,228.50344848632812,355.4101867675781,183.8141860961914
2239,0.4261308014392853,309.486572265625,139.43568420410156,400.2823486328125,228.37156677246094,354.88446044921875,183.90362548828125
2240,0.4264029860496521,309.27618408203125,139.21844482421875,402.35693359375,228.63771057128906,355.8165588378906,183.9280776977539
2241,0.41544806957244873,309.7684020996094,139.1964111328125,400.2444763183594,228.4595489501953,355.0064392089844,183.8279800415039
2242,0.3234817385673523,309.5303649902344,139.52256774902344,397.3408203125,228.63294982910156,353.4355926513672,184.0777587890625
2243,0.3387356102466583,309.4131774902344,139.39048767089844,400.210205078125,228.73141479492188,354.8116912841797,184.06095123291016
2244,0.339603453874588,309.08807373046875,139.44403076171875,399.6513977050781,228.9540252685547,354.36973571777344,184.19902801513672
2245,0.38053634762763977,309.5250549316406,139.69805908203125,396.1930847167969,228.4174346923828,352.85906982421875,184.05774688720703
2246,0.39659592509269714,309.2588195800781,139.6383514404297,397.9034729003906,228.77838134765625,353.5811462402344,184.20836639404297
2247,0.4561232328414917,309.2912292480469,139.77732849121094,396.8936462402344,229.00479125976562,353.0924377441406,184.39105987548828
2248,0.38388779759407043,308.96673583984375,139.94473266601562,395.7054443359375,228.8671417236328,352.3360900878906,184.40593719482422
2249,0.32498225569725037,308.9329833984375,139.94091796875,396.1522521972656,228.93846130371094,352.54261779785156,184.43968963623047
2250,0.2802976667881012,308.84393310546875,140.09193420410156,395.78411865234375,229.10572814941406,352.31402587890625,184.5988311767578
2251,0.26633742451667786,309.3573303222656,139.21315002441406,413.7073974609375,229.34490966796875,361.53236389160156,184.2790298461914
2252,0.3555440902709961,309.25909423828125,139.23910522460938,415.64501953125,229.94976806640625,362.4520568847656,184.5944366455078
2253,0.3652757704257965,309.2884826660156,139.28762817382812,414.015380859375,229.53536987304688,361.6519317626953,184.4114990234375
2254,0.31587982177734375,309.09649658203125,139.37332153320312,412.761474609375,229.06826782226562,360.9289855957031,184.22079467773438
2255,0.3829406797885895,309.3939208984375,139.474609375,409.5546875,229.2814178466797,359.47430419921875,184.37801361083984
2256,0.46055328845977783,309.2877502441406,140.0023651123047,405.89501953125,229.11419677734375,357.5913848876953,184.55828094482422
2257,0.4805191457271576,309.4385986328125,140.1561737060547,408.80975341796875,229.92672729492188,359.1241760253906,185.04145050048828
2258,0.5601732134819031,309.3225402832031,140.3358612060547,409.10498046875,229.84689331054688,359.21376037597656,185.09137725830078
2259,0.5915822386741638,308.90264892578125,140.245361328125,411.22442626953125,230.68655395507812,360.06353759765625,185.46595764160156
2260,0.5106099247932434,309.3497314453125,140.4379119873047,408.59307861328125,230.83804321289062,358.9714050292969,185.63797760009766
2261,0.5112655162811279,309.4397277832031,140.45973205566406,409.99127197265625,230.99212646484375,359.7154998779297,185.7259292602539
2262,0.5305700302124023,309.6322021484375,140.69358825683594,408.39617919921875,231.30111694335938,359.0141906738281,185.99735260009766
2263,0.42360377311706543,310.3028564453125,140.7370147705078,406.5802917480469,231.4490203857422,358.4415740966797,186.093017578125
2264,0.47339069843292236,310.1465148925781,141.06307983398438,403.97100830078125,231.5507354736328,357.0587615966797,186.3069076538086
2265,0.41667425632476807,310.34173583984375,141.16867065429688,403.23455810546875,231.31765747070312,356.78814697265625,186.2431640625
2266,0.3666023313999176,309.96307373046875,141.03086853027344,404.357421875,231.25167846679688,357.1602478027344,186.14127349853516
2267,0.5060307383537292,310.405029296875,141.14332580566406,405.170166015625,231.841552734375,357.78759765625,186.49243927001953
2268,0.5215363502502441,310.1737976074219,141.54995727539062,410.2196960449219,231.82960510253906,360.1967468261719,186.68978118896484
2269,0.44994300603866577,310.13433837890625,141.28138732910156,410.6128234863281,232.04095458984375,360.3735809326172,186.66117095947266
2270,0.4359470009803772,310.0093688964844,141.81784057617188,410.2958679199219,232.01705932617188,360.1526184082031,186.91744995117188
2271,0.3897610902786255,310.05352783203125,141.60145568847656,407.41912841796875,232.20437622070312,358.736328125,186.90291595458984
2272,0.1857457458972931,309.9051513671875,141.59677124023438,409.0765380859375,232.43934631347656,359.4908447265625,187.01805877685547
2273,nan,nan,nan,nan,nan,nan,nan
2274,0.10193874686956406,310.24334716796875,141.74636840820312,406.2047119140625,232.5653076171875,358.2240295410156,187.1558380126953
2275,nan,nan,nan,nan,nan,nan,nan
2276,0.10503971576690674,310.1179504394531,142.52777099609375,405.2566223144531,232.1150665283203,357.6872863769531,187.32141876220703
2277,nan,nan,nan,nan,nan,nan,nan
2278,0.10526890307664871,309.9241943359375,142.55001831054688,404.5811767578125,232.57704162597656,357.252685546875,187.56352996826172
2279,nan,nan,nan,nan,nan,nan,nan
2280,nan,nan,nan,nan,nan,nan,nan
2281,0.11529027670621872,309.9571533203125,142.44692993164062,402.66644287109375,232.64901733398438,356.3117980957031,187.5479736328125
2282,0.1468803882598877,309.7237243652344,142.3344268798828,404.1295166015625,232.721923828125,356.92662048339844,187.5281753540039
2283,0.12766514718532562,309.9947509765625,142.66494750976562,399.9139404296875,232.80023193359375,354.954345703125,187.7325897216797
2284,0.23525726795196533,310.3856201171875,143.00790405273438,402.0222473144531,232.48605346679688,356.2039337158203,187.74697875976562
2285,0.2320723831653595,310.3399658203125,143.44419860839844,403.2879638671875,232.20858764648438,356.81396484375,187.8263931274414
2286,0.2337346076965332,310.51824951171875,143.4580078125,399.4219970703125,232.081787109375,354.9701232910156,187.7698974609375
2287,0.17648835480213165,311.28631591796875,143.53985595703125,400.2838134765625,232.62908935546875,355.7850646972656,188.08447265625
2288,0.2943155765533447,310.447021484375,143.981689453125,400.21954345703125,232.38674926757812,355.3332824707031,188.18421936035156
2289,0.3102566599845886,310.5704040527344,143.99063110351562,401.844482421875,232.52108764648438,356.2074432373047,188.255859375
2290,0.2703535854816437,310.831787109375,144.20008850097656,401.6011047363281,232.67147827148438,356.21644592285156,188.43578338623047
2291,0.1882304847240448,310.26251220703125,143.88861083984375,399.77581787109375,232.5011444091797,355.0191650390625,188.19487762451172
2292,0.24190156161785126,310.2289123535156,144.40354919433594,402.19842529296875,232.72604370117188,356.2136688232422,188.5647964477539
2293,0.28082653880119324,310.22369384765625,144.43162536621094,403.65545654296875,232.8907470703125,356.9395751953125,188.66118621826172
2294,0.1689312607049942,310.40533447265625,144.4759521484375,400.20526123046875,232.76803588867188,355.3052978515625,188.6219940185547
2295,0.24896672368049622,310.15093994140625,144.6951141357422,399.04638671875,232.88978576660156,354.5986633300781,188.79244995117188
2296,0.21135450899600983,310.19671630859375,144.95184326171875,405.8311767578125,233.7993621826172,358.0139465332031,189.37560272216797
2297,0.21641653776168823,310.3221130371094,145.04750061035156,404.2425537109375,233.5880584716797,357.28233337402344,189.31777954101562
2298,0.13389447331428528,310.4176940917969,145.03817749023438,399.95233154296875,233.5687255859375,355.1850128173828,189.30345153808594
2299,0.11863072216510773,310.212158203125,144.868896484375,399.2465515136719,234.17153930664062,354.72935485839844,189.5202178955078
2300,0.12526525557041168,310.323974609375,144.92123413085938,399.84881591796875,234.1849822998047,355.0863952636719,189.55310821533203
2301,nan,nan,nan,nan,nan,nan,nan
2302,0.14667508006095886,310.4403991699219,145.17274475097656,399.4237060546875,234.0337371826172,354.9320526123047,189.60324096679688
2303,0.16303783655166626,310.7806091308594,145.37469482421875,396.66229248046875,233.92013549804688,353.72145080566406,189.6474151611328
2304,nan,nan,nan,nan,nan,nan,nan
2305,nan,nan,nan,nan,nan,nan,nan
2306,0.1137123554944992,310.048095703125,144.3181610107422,405.17889404296875,234.07241821289062,357.6134948730469,189.1952896118164
2307,0.11675544828176498,310.10137939453125,144.35897827148438,406.12847900390625,233.95436096191406,358.11492919921875,189.15666961669922
2308,nan,nan,nan,nan,nan,nan,nan
2309,nan,nan,nan,nan,nan,nan,nan
2310,nan,nan,nan,nan,nan,nan,nan
2311,0.11025850474834442,309.78515625,143.92160034179688,405.5854797363281,234.72103881835938,357.68531799316406,189.32131958007812
2312,0.16837593913078308,310.00311279296875,144.2213897705078,410.18695068359375,234.61981201171875,360.09503173828125,189.42060089111328
2313,0.13386471569538116,309.99176025390625,144.1317901611328,410.01025390625,234.52249145507812,360.0010070800781,189.32714080810547
2314,0.1361660361289978,310.092041015625,143.88992309570312,408.64581298828125,234.62130737304688,359.3689270019531,189.255615234375
2315,0.13144081830978394,310.61175537109375,144.07461547851562,406.8089599609375,234.79856872558594,358.7103576660156,189.43659210205078
2316,nan,nan,nan,nan,nan,nan,nan
2317,0.11413246393203735,309.9488525390625,143.9739227294922,408.9062805175781,234.22979736328125,359.4275665283203,189.10186004638672
2318,0.10514384508132935,309.80706787109375,143.95469665527344,408.83624267578125,234.24911499023438,359.3216552734375,189.1019058227539
2319,0.11987370997667313,309.78656005859375,143.798095703125,409.9637145996094,234.71234130859375,359.87513732910156,189.25521850585938
2320,0.10812291502952576,309.8290100097656,144.36790466308594,408.56036376953125,234.4057159423828,359.19468688964844,189.38681030273438
2321,0.10503765195608139,309.7984313964844,143.84764099121094,407.4764099121094,234.37417602539062,358.6374206542969,189.11090850830078
2322,0.1490347981452942,309.8410949707031,143.74227905273438,407.5009460449219,234.6397247314453,358.6710205078125,189.19100189208984
2323,0.14320969581604004,309.7421875,144.0414276123047,409.58624267578125,235.35946655273438,359.6642150878906,189.70044708251953
2324,0.14095833897590637,310.258544921875,144.39630126953125,408.88262939453125,234.6055908203125,359.5705871582031,189.50094604492188
2325,nan,nan,nan,nan,nan,nan,nan
2326,0.14674684405326843,309.9703369140625,144.52066040039062,407.3304748535156,234.70550537109375,358.65040588378906,189.6130828857422
2327,0.15287360548973083,310.1243591308594,144.41966247558594,403.451416015625,234.25323486328125,356.7878875732422,189.3364486694336
2328,0.14459934830665588,310.1450500488281,144.36373901367188,404.95367431640625,234.54689025878906,357.5493621826172,189.45531463623047
2329,0.17727972567081451,310.18048095703125,144.4365692138672,406.0458984375,234.70687866210938,358.1131896972656,189.57172393798828
2330,nan,nan,nan,nan,nan,nan,nan
2331,nan,nan,nan,nan,nan,nan,nan
2332,nan,nan,nan,nan,nan,nan,nan
2333,nan,nan,nan,nan,nan,nan,nan
2334,nan,nan,nan,nan,nan,nan,nan
2335,nan,nan,nan,nan,nan,nan,nan
2336,nan,nan,nan,nan,nan,nan,nan
2337,nan,nan,nan,nan,nan,nan,nan
2338,nan,nan,nan,nan,nan,nan,nan
2339,nan,nan,nan,nan,nan,nan,nan
2340,nan,nan,nan,nan,nan,nan,nan
2341,nan,nan,nan,nan,nan,nan,nan
2342,nan,nan,nan,nan,nan,nan,nan
2343,nan,nan,nan,nan,nan,nan,nan
2344,nan,nan,nan,nan,nan,nan,nan
2345,nan,nan,nan,nan,nan,nan,nan
2346,nan,nan,nan,nan,nan,nan,nan
2347,nan,nan,nan,nan,nan,nan,nan
2348,nan,nan,nan,nan,nan,nan,nan
2349,nan,nan,nan,nan,nan,nan,nan
2350,nan,nan,nan,nan,nan,nan,nan
2351,nan,nan,nan,nan,nan,nan,nan
2352,nan,nan,nan,nan,nan,nan,nan
2353,nan,nan,nan,nan,nan,nan,nan
2354,nan,nan,nan,nan,nan,nan,nan
2355,nan,nan,nan,nan,nan,nan,nan
2356,nan,nan,nan,nan,nan,nan,nan
2357,nan,nan,nan,nan,nan,nan,nan
2358,nan,nan,nan,nan,nan,nan,nan
2359,nan,nan,nan,nan,nan,nan,nan
2360,nan,nan,nan,nan,nan,nan,nan
2361,nan,nan,nan,nan,nan,nan,nan
2362,0.10329870134592056,313.35614013671875,150.31204223632812,408.59136962890625,237.96995544433594,360.9737548828125,194.14099884033203
2363,0.10865584760904312,313.2561950683594,150.14019775390625,410.2304992675781,238.14894104003906,361.74334716796875,194.14456939697266
2364,nan,nan,nan,nan,nan,nan,nan
2365,nan,nan,nan,nan,nan,nan,nan
2366,nan,nan,nan,nan,nan,nan,nan
2367,nan,nan,nan,nan,nan,nan,nan
2368,nan,nan,nan,nan,nan,nan,nan
2369,nan,nan,nan,nan,nan,nan,nan
2370,nan,nan,nan,nan,nan,nan,nan
2371,nan,nan,nan,nan,nan,nan,nan
2372,nan,nan,nan,nan,nan,nan,nan
2373,nan,nan,nan,nan,nan,nan,nan
2374,nan,nan,nan,nan,nan,nan,nan
2375,nan,nan,nan,nan,nan,nan,nan
2376,nan,nan,nan,nan,nan,nan,nan
2377,nan,nan,nan,nan,nan,nan,nan
2378,nan,nan,nan,nan,nan,nan,nan
2379,nan,nan,nan,nan,nan,nan,nan
2380,nan,nan,nan,nan,nan,nan,nan
2381,nan,nan,nan,nan,nan,nan,nan
2382,nan,nan,nan,nan,nan,nan,nan
2383,nan,nan,nan,nan,nan,nan,nan
2384,nan,nan,nan,nan,nan,nan,nan
2385,nan,nan,nan,nan,nan,nan,nan
2386,nan,nan,nan,nan,nan,nan,nan
2387,nan,nan,nan,nan,nan,nan,nan
2388,nan,nan,nan,nan,nan,nan,nan
2389,nan,nan,nan,nan,nan,nan,nan
2390,nan,nan,nan,nan,nan,nan,nan
2391,nan,nan,nan,nan,nan,nan,nan
2392,nan,nan,nan,nan,nan,nan,nan
2393,nan,nan,nan,nan,nan,nan,nan
2394,nan,nan,nan,nan,nan,nan,nan
2395,nan,nan,nan,nan,nan,nan,nan
2396,nan,nan,nan,nan,nan,nan,nan
2397,nan,nan,nan,nan,nan,nan,nan
2398,nan,nan,nan,nan,nan,nan,nan
2399,nan,nan,nan,nan,nan,nan,nan
2400,nan,nan,nan,nan,nan,nan,nan
2401,nan,nan,nan,nan,nan,nan,nan
2402,nan,nan,nan,nan,nan,nan,nan
2403,nan,nan,nan,nan,nan,nan,nan
2404,nan,nan,nan,nan,nan,nan,nan
2405,nan,nan,nan,nan,nan,nan,nan
2406,nan,nan,nan,nan,nan,nan,nan
2407,nan,nan,nan,nan,nan,nan,nan
2408,nan,nan,nan,nan,nan,nan,nan
2409,nan,nan,nan,nan,nan,nan,nan
2410,nan,nan,nan,nan,nan,nan,nan
2411,nan,nan,nan,nan,nan,nan,nan
2412,nan,nan,nan,nan,nan,nan,nan
2413,nan,nan,nan,nan,nan,nan,nan
2414,nan,nan,nan,nan,nan,nan,nan
2415,nan,nan,nan,nan,nan,nan,nan
2416,nan,nan,nan,nan,nan,nan,nan
2417,nan,nan,nan,nan,nan,nan,nan
2418,nan,nan,nan,nan,nan,nan,nan
2419,nan,nan,nan,nan,nan,nan,nan
2420,nan,nan,nan,nan,nan,nan,nan
2421,nan,nan,nan,nan,nan,nan,nan
2422,nan,nan,nan,nan,nan,nan,nan
2423,nan,nan,nan,nan,nan,nan,nan
2424,nan,nan,nan,nan,nan,nan,nan
2425,nan,nan,nan,nan,nan,nan,nan
2426,nan,nan,nan,nan,nan,nan,nan
2427,nan,nan,nan,nan,nan,nan,nan
2428,nan,nan,nan,nan,nan,nan,nan
2429,nan,nan,nan,nan,nan,nan,nan
2430,nan,nan,nan,nan,nan,nan,nan
2431,nan,nan,nan,nan,nan,nan,nan
2432,nan,nan,nan,nan,nan,nan,nan
2433,nan,nan,nan,nan,nan,nan,nan
2434,nan,nan,nan,nan,nan,nan,nan
2435,nan,nan,nan,nan,nan,nan,nan
2436,nan,nan,nan,nan,nan,nan,nan
2437,nan,nan,nan,nan,nan,nan,nan
2438,nan,nan,nan,nan,nan,nan,nan
2439,nan,nan,nan,nan,nan,nan,nan
2440,0.13782793283462524,265.60699462890625,202.71578979492188,362.5308532714844,281.8459167480469,314.0689239501953,242.28085327148438
2441,0.2162904292345047,266.8917236328125,203.21694946289062,363.07794189453125,284.00921630859375,314.9848327636719,243.6130828857422
2442,0.13131344318389893,266.51837158203125,203.07894897460938,362.85760498046875,283.6810607910156,314.68798828125,243.3800048828125
2443,nan,nan,nan,nan,nan,nan,nan
2444,0.1504342406988144,266.82330322265625,202.25440979003906,363.4765625,282.56658935546875,315.1499328613281,242.4104995727539
2445,0.16309042274951935,266.8705749511719,201.98492431640625,363.103759765625,282.6953125,314.98716735839844,242.34011840820312
2446,0.19910351932048798,266.7843017578125,202.26287841796875,363.0312194824219,282.5987548828125,314.9077606201172,242.43081665039062
2447,0.2891678810119629,267.66241455078125,202.0649871826172,363.16876220703125,282.2974853515625,315.41558837890625,242.18123626708984
2448,0.1728643923997879,267.134033203125,201.76943969726562,363.0954895019531,282.99072265625,315.11476135253906,242.3800811767578
2449,0.16281667351722717,266.9808654785156,203.51829528808594,361.5632629394531,281.75506591796875,314.2720642089844,242.63668060302734
2450,nan,nan,nan,nan,nan,nan,nan
2451,nan,nan,nan,nan,nan,nan,nan
2452,nan,nan,nan,nan,nan,nan,nan
2453,nan,nan,nan,nan,nan,nan,nan
2454,nan,nan,nan,nan,nan,nan,nan
2455,nan,nan,nan,nan,nan,nan,nan
2456,nan,nan,nan,nan,nan,nan,nan
2457,nan,nan,nan,nan,nan,nan,nan
2458,nan,nan,nan,nan,nan,nan,nan
2459,nan,nan,nan,nan,nan,nan,nan
2460,nan,nan,nan,nan,nan,nan,nan
2461,nan,nan,nan,nan,nan,nan,nan
2462,nan,nan,nan,nan,nan,nan,nan
2463,nan,nan,nan,nan,nan,nan,nan
2464,nan,nan,nan,nan,nan,nan,nan
2465,nan,nan,nan,nan,nan,nan,nan
2466,nan,nan,nan,nan,nan,nan,nan
2467,nan,nan,nan,nan,nan,nan,nan
2468,nan,nan,nan,nan,nan,nan,nan
2469,nan,nan,nan,nan,nan,nan,nan
2470,nan,nan,nan,nan,nan,nan,nan
2471,nan,nan,nan,nan,nan,nan,nan
2472,nan,nan,nan,nan,nan,nan,nan
2473,nan,nan,nan,nan,nan,nan,nan
2474,nan,nan,nan,nan,nan,nan,nan
2475,nan,nan,nan,nan,nan,nan,nan
2476,nan,nan,nan,nan,nan,nan,nan
2477,nan,nan,nan,nan,nan,nan,nan
2478,0.11560143530368805,271.4850769042969,206.43841552734375,363.2963562011719,282.9588623046875,317.3907165527344,244.69863891601562
2479,nan,nan,nan,nan,nan,nan,nan
2480,nan,nan,nan,nan,nan,nan,nan
2481,nan,nan,nan,nan,nan,nan,nan
2482,nan,nan,nan,nan,nan,nan,nan
2483,nan,nan,nan,nan,nan,nan,nan
2484,nan,nan,nan,nan,nan,nan,nan
2485,nan,nan,nan,nan,nan,nan,nan
2486,nan,nan,nan,nan,nan,nan,nan
2487,nan,nan,nan,nan,nan,nan,nan
2488,nan,nan,nan,nan,nan,nan,nan
2489,nan,nan,nan,nan,nan,nan,nan
2490,nan,nan,nan,nan,nan,nan,nan
2491,nan,nan,nan,nan,nan,nan,nan
2492,nan,nan,nan,nan,nan,nan,nan
2493,nan,nan,nan,nan,nan,nan,nan
2494,nan,nan,nan,nan,nan,nan,nan
2495,nan,nan,nan,nan,nan,nan,nan
2496,nan,nan,nan,nan,nan,nan,nan
2497,nan,nan,nan,nan,nan,nan,nan
2498,nan,nan,nan,nan,nan,nan,nan
2499,nan,nan,nan,nan,nan,nan,nan
2500,nan,nan,nan,nan,nan,nan,nan
2501,0.11254940927028656,272.3359680175781,204.7865753173828,362.1528625488281,282.58587646484375,317.2444152832031,243.68622589111328
2502,0.11461565643548965,272.1943359375,205.06361389160156,362.15289306640625,283.08685302734375,317.1736145019531,244.07523345947266
2503,nan,nan,nan,nan,nan,nan,nan
2504,nan,nan,nan,nan,nan,nan,nan
2505,nan,nan,nan,nan,nan,nan,nan
2506,nan,nan,nan,nan,nan,nan,nan
2507,nan,nan,nan,nan,nan,nan,nan
2508,nan,nan,nan,nan,nan,nan,nan
2509,0.11538174003362656,271.8976135253906,204.96473693847656,361.4839782714844,283.8014831542969,316.6907958984375,244.38311004638672
2510,0.10022647678852081,272.00244140625,204.69168090820312,361.9303894042969,283.3259582519531,316.96641540527344,244.00881958007812
2511,nan,nan,nan,nan,nan,nan,nan
2512,nan,nan,nan,nan,nan,nan,nan
2513,nan,nan,nan,nan,nan,nan,nan
2514,nan,nan,nan,nan,nan,nan,nan
2515,0.10437572747468948,272.15130615234375,204.62246704101562,361.7769470214844,283.5010070800781,316.96412658691406,244.06173706054688
2516,0.10163994133472443,265.92449951171875,203.97006225585938,363.1466979980469,282.87945556640625,314.5355987548828,243.4247589111328
2517,0.3294239342212677,263.494384765625,200.2789764404297,361.684326171875,279.02313232421875,312.58935546875,239.65105438232422
2518,0.17764689028263092,262.4705810546875,202.28013610839844,358.7498474121094,281.16357421875,310.61021423339844,241.72185516357422
2519,0.35594451427459717,262.9322204589844,205.1817626953125,354.46307373046875,279.5596618652344,308.69764709472656,242.37071228027344
2520,0.22676189243793488,262.5438537597656,204.62901306152344,355.95245361328125,281.06512451171875,309.24815368652344,242.8470687866211
2521,0.38068947196006775,262.8690490722656,204.65538024902344,356.20751953125,279.77362060546875,309.5382843017578,242.2145004272461
2522,0.36159610748291016,262.58203125,205.1092071533203,355.1023864746094,280.49664306640625,308.8422088623047,242.80292510986328
2523,0.2998887002468109,262.932861328125,204.68637084960938,355.7113037109375,281.5679626464844,309.32208251953125,243.12716674804688
2524,nan,nan,nan,nan,nan,nan,nan
2525,nan,nan,nan,nan,nan,nan,nan
2526,nan,nan,nan,nan,nan,nan,nan
2527,nan,nan,nan,nan,nan,nan,nan
2528,0.6224678158760071,308.77301025390625,232.32554626464844,401.3492431640625,344.2662353515625,355.0611267089844,288.29589080810547
2529,0.47128668427467346,312.4642639160156,232.92398071289062,403.6161804199219,347.61529541015625,358.04022216796875,290.26963806152344
2530,0.16529841721057892,312.0401916503906,232.0972137451172,403.4953308105469,346.60162353515625,357.76776123046875,289.3494186401367
2531,nan,nan,nan,nan,nan,nan,nan
2532,0.7631801962852478,316.8247375488281,235.3772735595703,405.647705078125,347.5621337890625,361.23622131347656,291.4697036743164
2533,nan,nan,nan,nan,nan,nan,nan
2534,nan,nan,nan,nan,nan,nan,nan
2535,nan,nan,nan,nan,nan,nan,nan
2536,nan,nan,nan,nan,nan,nan,nan
2537,0.5811043977737427,421.8071594238281,238.10897827148438,538.9642333984375,383.32427978515625,480.3856964111328,310.7166290283203
2538,0.2158086597919464,430.632568359375,342.82220458984375,502.7339172363281,393.53857421875,466.68324279785156,368.1803894042969
2539,nan,nan,nan,nan,nan,nan,nan
2540,nan,nan,nan,nan,nan,nan,nan
2541,nan,nan,nan,nan,nan,nan,nan
2542,0.1714225560426712,632.2491455078125,398.0419921875,725.4835205078125,494.86376953125,678.8663330078125,446.452880859375
2543,0.11592601984739304,670.5926513671875,417.5955505371094,772.4104614257812,499.0550537109375,721.5015563964844,458.32530212402344
2544,nan,nan,nan,nan,nan,nan,nan
2545,0.8072226643562317,730.0841064453125,389.2777404785156,836.0590209960938,509.064697265625,783.0715637207031,449.1712188720703
2546,nan,nan,nan,nan,nan,nan,nan
2547,0.7589573264122009,810.2290649414062,392.58050537109375,909.2528686523438,482.85736083984375,859.740966796875,437.71893310546875
2548,0.7971845269203186,832.0517578125,384.4215087890625,935.7213134765625,493.43206787109375,883.8865356445312,438.9267883300781
2549,0.8107532858848572,877.1757202148438,397.7240295410156,972.4000854492188,483.6239318847656,924.7879028320312,440.6739807128906
2550,0.7268393039703369,885.4469604492188,390.84613037109375,1007.0568237304688,520.0387573242188,946.2518920898438,455.44244384765625
2551,0.8782000541687012,926.4173583984375,382.4543151855469,1029.8477783203125,485.56585693359375,978.132568359375,434.0100860595703
2552,0.8581671714782715,950.3864135742188,388.4088134765625,1049.51416015625,469.77227783203125,999.9502868652344,429.0905456542969
2553,0.8652798533439636,971.0084838867188,388.19677734375,1064.01904296875,468.5665283203125,1017.5137634277344,428.38165283203125
2554,0.7393438220024109,958.0189819335938,368.4619445800781,1072.185546875,469.4565124511719,1015.1022644042969,418.959228515625
2555,0.6383647322654724,980.5924072265625,369.7088623046875,1076.82275390625,454.95526123046875,1028.7075805664062,412.3320617675781
2556,0.6325191259384155,980.794921875,355.63580322265625,1076.208251953125,437.61297607421875,1028.5015869140625,396.6243896484375
2557,0.6296078562736511,982.4100341796875,345.33843994140625,1072.8536376953125,426.33935546875,1027.6318359375,385.8388977050781
2558,0.6362449526786804,980.7940063476562,344.49591064453125,1071.5723876953125,426.1976623535156,1026.1831970214844,385.34678649902344
2559,0.6840781569480896,981.3603515625,345.0460205078125,1072.6241455078125,426.46099853515625,1026.9922485351562,385.7535095214844
2560,0.623518168926239,980.22412109375,341.3157958984375,1071.726806640625,422.7657165527344,1025.9754638671875,382.04075622558594
2561,0.8259789943695068,976.0892333984375,324.21856689453125,1069.9857177734375,403.2010498046875,1023.0374755859375,363.7098083496094
2562,0.8571211695671082,979.4141235351562,305.33123779296875,1068.7314453125,379.5218811035156,1024.0727844238281,342.4265594482422
2563,0.8485179543495178,984.1605834960938,290.3260498046875,1073.546630859375,363.7857971191406,1028.8536071777344,327.05592346191406
2564,0.8522126078605652,989.4662475585938,278.8369140625,1079.939697265625,354.17010498046875,1034.7029724121094,316.5035095214844
2565,0.8729283213615417,1006.8233642578125,269.53668212890625,1095.859130859375,346.55889892578125,1051.3412475585938,308.04779052734375
2566,0.8492925763130188,1013.7160034179688,263.5926818847656,1102.712646484375,337.05059814453125,1058.2143249511719,300.32164001464844
2567,0.8565699458122253,1020.7791137695312,252.67959594726562,1109.3505859375,327.77728271484375,1065.0648498535156,290.2284393310547
2568,0.8397611975669861,1033.55517578125,239.86380004882812,1120.0140380859375,311.6042785644531,1076.7846069335938,275.7340393066406
2569,0.8211078643798828,1046.8402099609375,222.9652862548828,1132.99169921875,293.50860595703125,1089.9159545898438,258.23694610595703
2570,0.831386148929596,1059.275634765625,212.361328125,1144.09033203125,282.1537170410156,1101.6829833984375,247.2575225830078
2571,0.8022337555885315,1074.705322265625,210.18804931640625,1158.0384521484375,288.6801452636719,1116.3718872070312,249.43409729003906
2572,0.8510713577270508,1087.119873046875,216.36277770996094,1171.1689453125,289.092529296875,1129.1444091796875,252.72765350341797
2573,0.8748556971549988,1106.4755859375,229.4165496826172,1190.874755859375,300.316650390625,1148.6751708984375,264.8666000366211
2574,0.8901090025901794,1127.0,234.66476440429688,1207.916259765625,305.5306091308594,1167.4581298828125,270.0976867675781
2575,0.8532426357269287,1144.71630859375,229.85133361816406,1231.36474609375,304.3689880371094,1188.04052734375,267.1101608276367
2576,0.7991580963134766,1159.871826171875,227.68739318847656,1254.026123046875,299.62017822265625,1206.948974609375,263.6537857055664
2577,0.871863603591919,1198.779296875,218.64096069335938,1279.8975830078125,292.1021728515625,1239.3384399414062,255.37156677246094
2578,0.8502933979034424,1211.4560546875,216.20663452148438,1294.923095703125,289.8880920410156,1253.1895751953125,253.04736328125
2579,0.8499266505241394,1227.3642578125,213.33421325683594,1307.2454833984375,287.248779296875,1267.3048706054688,250.29149627685547
2580,0.5149696469306946,1250.0947265625,211.80313110351562,1330.6966552734375,285.55047607421875,1290.3956909179688,248.6768035888672
2581,nan,nan,nan,nan,nan,nan,nan
2582,nan,nan,nan,nan,nan,nan,nan
2583,nan,nan,nan,nan,nan,nan,nan
2584,nan,nan,nan,nan,nan,nan,nan
2585,nan,nan,nan,nan,nan,nan,nan
2586,nan,nan,nan,nan,nan,nan,nan
2587,nan,nan,nan,nan,nan,nan,nan
2588,nan,nan,nan,nan,nan,nan,nan
2589,0.5428491234779358,1291.05419921875,198.7847442626953,1367.942626953125,266.5284423828125,1329.4984130859375,232.6565933227539
2590,0.16159410774707794,1274.95068359375,200.56846618652344,1361.521728515625,273.059814453125,1318.2362060546875,236.81414031982422
2591,nan,nan,nan,nan,nan,nan,nan
2592,nan,nan,nan,nan,nan,nan,nan
2593,0.3793303370475769,1296.1463623046875,189.59706115722656,1381.49169921875,259.55743408203125,1338.8190307617188,224.5772476196289
2594,nan,nan,nan,nan,nan,nan,nan
2595,0.7143537402153015,1277.994384765625,188.76724243164062,1361.8251953125,257.6627502441406,1319.9097900390625,223.21499633789062
2596,0.6440834403038025,1273.8658447265625,183.34007263183594,1354.859619140625,253.54000854492188,1314.3627319335938,218.4400405883789
2597,0.8104540109634399,1274.2371826171875,184.6031494140625,1352.0167236328125,251.35806274414062,1313.126953125,217.98060607910156
2598,0.8013349771499634,1274.704833984375,184.89976501464844,1352.004638671875,251.17881774902344,1313.354736328125,218.03929138183594
2599,0.7954645752906799,1275.21435546875,184.9459991455078,1352.2222900390625,251.2364959716797,1313.7183227539062,218.09124755859375
2600,0.7813273668289185,1274.5850830078125,185.02105712890625,1352.3675537109375,251.52313232421875,1313.476318359375,218.2720947265625
2601,0.8141250014305115,1276.49169921875,185.5843048095703,1352.0225830078125,251.66322326660156,1314.2571411132812,218.62376403808594
2602,0.466634601354599,1273.9610595703125,182.80384826660156,1354.4599609375,252.41720581054688,1314.2105102539062,217.61052703857422
2603,nan,nan,nan,nan,nan,nan,nan
2604,nan,nan,nan,nan,nan,nan,nan
2605,nan,nan,nan,nan,nan,nan,nan
2606,nan,nan,nan,nan,nan,nan,nan
2607,nan,nan,nan,nan,nan,nan,nan
2608,nan,nan,nan,nan,nan,nan,nan
2609,nan,nan,nan,nan,nan,nan,nan
2610,nan,nan,nan,nan,nan,nan,nan
2611,0.7101248502731323,1266.8250732421875,184.21604919433594,1350.2142333984375,250.5648651123047,1308.5196533203125,217.3904571533203
2612,0.7473633885383606,1268.26513671875,179.70314025878906,1349.798095703125,247.18441772460938,1309.0316162109375,213.44377899169922
2613,0.7567524313926697,1267.957763671875,180.6508026123047,1350.1519775390625,248.9373321533203,1309.0548706054688,214.7940673828125
2614,0.7328757047653198,1266.9013671875,180.36195373535156,1350.565673828125,249.2644500732422,1308.7335205078125,214.81320190429688
2615,0.7593395709991455,1267.8577880859375,180.41258239746094,1350.2274169921875,249.02783203125,1309.0426025390625,214.72020721435547
2616,0.7190114855766296,1267.717041015625,180.28042602539062,1350.3355712890625,249.1314697265625,1309.0263061523438,214.70594787597656
2617,0.7576816082000732,1268.25537109375,180.37924194335938,1350.2120361328125,249.01834106445312,1309.2337036132812,214.69879150390625
2618,0.7531625032424927,1267.780029296875,180.5360870361328,1350.285400390625,249.35398864746094,1309.03271484375,214.94503784179688
2619,0.7117072343826294,1266.802734375,180.07740783691406,1348.8775634765625,248.7871856689453,1307.8401489257812,214.4322967529297
2620,0.13313128054141998,1267.45703125,170.3528594970703,1343.72705078125,239.84339904785156,1305.592041015625,205.09812927246094
2621,0.11592283844947815,1267.8131103515625,165.46914672851562,1342.02685546875,234.68734741210938,1304.9199829101562,200.0782470703125
2622,nan,nan,nan,nan,nan,nan,nan
2623,nan,nan,nan,nan,nan,nan,nan
2624,nan,nan,nan,nan,nan,nan,nan
2625,nan,nan,nan,nan,nan,nan,nan
2626,nan,nan,nan,nan,nan,nan,nan
2627,nan,nan,nan,nan,nan,nan,nan
2628,0.41457292437553406,1241.009521484375,138.98236083984375,1322.98193359375,214.4673614501953,1281.9957275390625,176.72486114501953
2629,0.4020252525806427,1230.40771484375,137.89590454101562,1314.034912109375,215.53375244140625,1272.2213134765625,176.71482849121094
2630,0.5980284214019775,1229.441650390625,140.5322723388672,1313.3516845703125,220.85623168945312,1271.3966674804688,180.69425201416016
2631,0.5243197083473206,1230.194580078125,140.326416015625,1314.027587890625,219.73907470703125,1272.111083984375,180.03274536132812
2632,0.5977287888526917,1230.5826416015625,140.5015411376953,1312.753173828125,219.78135681152344,1271.6679077148438,180.14144897460938
2633,0.5787797570228577,1230.9180908203125,140.83895874023438,1312.7431640625,219.95924377441406,1271.8306274414062,180.39910125732422
2634,0.7003051042556763,1230.7021484375,140.8677978515625,1311.47119140625,220.7035675048828,1271.086669921875,180.78568267822266
2635,0.7224635481834412,1230.507568359375,141.00387573242188,1311.1923828125,220.6644744873047,1270.8499755859375,180.83417510986328
2636,0.6954911351203918,1230.194091796875,140.92813110351562,1311.4537353515625,220.63929748535156,1270.8239135742188,180.7837142944336
2637,0.7171974182128906,1230.6748046875,140.7473602294922,1310.939453125,220.3997039794922,1270.80712890625,180.5735321044922
2638,0.7840078473091125,1230.9091796875,140.79080200195312,1310.171875,220.19284057617188,1270.54052734375,180.4918212890625
2639,0.7734479308128357,1231.2630615234375,140.86367797851562,1310.01171875,220.01422119140625,1270.6373901367188,180.43894958496094
2640,0.7974022030830383,1231.861572265625,140.9131622314453,1309.599853515625,219.75865173339844,1270.730712890625,180.33590698242188
2641,0.7762564420700073,1230.7379150390625,140.93365478515625,1309.470703125,220.4700164794922,1270.1043090820312,180.70183563232422
2642,0.7818629741668701,1230.521728515625,141.01849365234375,1309.94482421875,221.37918090820312,1270.2332763671875,181.19883728027344
2643,0.7970013618469238,1231.01025390625,140.9620361328125,1309.9281005859375,220.95965576171875,1270.4691772460938,180.96084594726562
2644,0.7901191115379333,1230.704833984375,140.97714233398438,1309.9801025390625,221.47206115722656,1270.3424682617188,181.22460174560547
2645,0.7855569124221802,1231.1746826171875,140.9817657470703,1309.26220703125,220.37924194335938,1270.2184448242188,180.68050384521484
2646,0.7365762591362,1230.7392578125,141.09835815429688,1310.171630859375,221.3936004638672,1270.4554443359375,181.24597930908203
2647,0.7922037839889526,1231.054931640625,141.115478515625,1309.107177734375,220.61412048339844,1270.0810546875,180.86479949951172
2648,0.8128530979156494,1228.229736328125,141.46189880371094,1307.7857666015625,218.78054809570312,1268.0077514648438,180.12122344970703
2649,0.7112005949020386,1208.5623779296875,141.324951171875,1293.4775390625,219.89279174804688,1251.0199584960938,180.60887145996094
2650,0.35823288559913635,1194.41943359375,145.7618408203125,1270.869384765625,219.82933044433594,1232.6444091796875,182.79558563232422
2651,nan,nan,nan,nan,nan,nan,nan
2652,0.23865275084972382,1106.6396484375,145.39459228515625,1179.0260009765625,200.11837768554688,1142.8328247070312,172.75648498535156
2653,0.8238429427146912,1058.4482421875,140.37538146972656,1129.715087890625,201.41571044921875,1094.0816650390625,170.89554595947266
2654,0.6694825887680054,1020.303955078125,137.26577758789062,1111.8017578125,227.31459045410156,1066.0528564453125,182.2901840209961
2655,0.8317922353744507,983.3406982421875,142.35757446289062,1066.23876953125,232.49298095703125,1024.7897338867188,187.42527770996094
2656,0.6634340882301331,963.901611328125,150.7588348388672,1053.317138671875,230.9996795654297,1008.609375,190.87925720214844
2657,0.7862852215766907,959.2525634765625,160.58128356933594,1036.180419921875,220.60079956054688,997.7164916992188,190.5910415649414
2658,0.8240875601768494,947.4552612304688,163.25711059570312,1017.9849243164062,220.38592529296875,982.7200927734375,191.82151794433594
2659,0.7734236717224121,934.72705078125,162.61013793945312,1006.7449951171875,219.23890686035156,970.7360229492188,190.92452239990234
2660,0.7636287212371826,925.862548828125,157.87423706054688,1012.376953125,222.35855102539062,969.1197509765625,190.11639404296875
2661,0.790443480014801,909.2162475585938,160.09588623046875,989.5237426757812,222.0794677734375,949.3699951171875,191.08767700195312
2662,0.8395865559577942,887.3529052734375,151.29937744140625,970.3106689453125,226.98545837402344,928.831787109375,189.14241790771484
2663,0.8015071153640747,853.7569580078125,171.33404541015625,938.776123046875,233.46849060058594,896.2665405273438,202.4012680053711
2664,0.8263404369354248,817.3480224609375,176.90184020996094,921.443115234375,259.5021057128906,869.3955688476562,218.20197296142578
2665,0.8435208201408386,788.9349975585938,193.94647216796875,886.8554077148438,265.6477966308594,837.8952026367188,229.79713439941406
2666,0.852881669998169,759.8167724609375,188.5455322265625,856.6265869140625,278.0589294433594,808.2216796875,233.30223083496094
2667,0.8670583963394165,715.605224609375,207.7954559326172,824.03857421875,286.5400085449219,769.8218994140625,247.16773223876953
2668,0.8629087805747986,665.2060546875,211.46795654296875,764.9727172851562,282.49273681640625,715.0893859863281,246.9803466796875
2669,0.8358449339866638,621.2315673828125,204.2779541015625,721.2574462890625,285.484130859375,671.2445068359375,244.88104248046875
2670,nan,nan,nan,nan,nan,nan,nan
2671,0.18064920604228973,519.3909301757812,231.68746948242188,611.6575927734375,302.8774108886719,565.5242614746094,267.2824401855469
2672,0.1049567237496376,574.4012451171875,232.3846893310547,685.7687377929688,344.72271728515625,630.0849914550781,288.55370330810547
2673,0.18867920339107513,424.7991943359375,220.87449645996094,509.45361328125,298.58795166015625,467.12640380859375,259.7312240600586
2674,nan,nan,nan,nan,nan,nan,nan
2675,nan,nan,nan,nan,nan,nan,nan
2676,nan,nan,nan,nan,nan,nan,nan
2677,nan,nan,nan,nan,nan,nan,nan
2678,nan,nan,nan,nan,nan,nan,nan
2679,nan,nan,nan,nan,nan,nan,nan
2680,nan,nan,nan,nan,nan,nan,nan
2681,nan,nan,nan,nan,nan,nan,nan
2682,nan,nan,nan,nan,nan,nan,nan
2683,nan,nan,nan,nan,nan,nan,nan
2684,nan,nan,nan,nan,nan,nan,nan
2685,nan,nan,nan,nan,nan,nan,nan
2686,nan,nan,nan,nan,nan,nan,nan
2687,nan,nan,nan,nan,nan,nan,nan
2688,nan,nan,nan,nan,nan,nan,nan
2689,nan,nan,nan,nan,nan,nan,nan
2690,nan,nan,nan,nan,nan,nan,nan
2691,nan,nan,nan,nan,nan,nan,nan
2692,nan,nan,nan,nan,nan,nan,nan
2693,nan,nan,nan,nan,nan,nan,nan
2694,nan,nan,nan,nan,nan,nan,nan
2695,nan,nan,nan,nan,nan,nan,nan
2696,nan,nan,nan,nan,nan,nan,nan
2697,nan,nan,nan,nan,nan,nan,nan
2698,nan,nan,nan,nan,nan,nan,nan
2699,nan,nan,nan,nan,nan,nan,nan
2700,nan,nan,nan,nan,nan,nan,nan
2701,nan,nan,nan,nan,nan,nan,nan
2702,nan,nan,nan,nan,nan,nan,nan
2703,nan,nan,nan,nan,nan,nan,nan
2704,0.21814720332622528,570.4851684570312,194.4286651611328,625.5936279296875,249.57225036621094,598.0393981933594,222.00045776367188
2705,nan,nan,nan,nan,nan,nan,nan
2706,0.13831929862499237,566.04052734375,192.1903839111328,625.8440551757812,250.04713439941406,595.9422912597656,221.11875915527344
2707,nan,nan,nan,nan,nan,nan,nan
2708,nan,nan,nan,nan,nan,nan,nan
2709,nan,nan,nan,nan,nan,nan,nan
2710,nan,nan,nan,nan,nan,nan,nan
2711,nan,nan,nan,nan,nan,nan,nan
2712,nan,nan,nan,nan,nan,nan,nan
2713,nan,nan,nan,nan,nan,nan,nan
2714,nan,nan,nan,nan,nan,nan,nan
2715,nan,nan,nan,nan,nan,nan,nan
2716,nan,nan,nan,nan,nan,nan,nan
2717,0.1113881915807724,353.29998779296875,202.8717498779297,410.9905700683594,240.77545166015625,382.14527893066406,221.82360076904297
2718,0.11510276049375534,353.60699462890625,203.4089813232422,411.13580322265625,240.66824340820312,382.37139892578125,222.03861236572266
2719,0.11598319560289383,353.4716491699219,203.1991424560547,411.763916015625,240.5752716064453,382.61778259277344,221.88720703125
2720,nan,nan,nan,nan,nan,nan,nan
2721,nan,nan,nan,nan,nan,nan,nan
2722,nan,nan,nan,nan,nan,nan,nan
2723,nan,nan,nan,nan,nan,nan,nan
2724,nan,nan,nan,nan,nan,nan,nan
2725,nan,nan,nan,nan,nan,nan,nan
2726,nan,nan,nan,nan,nan,nan,nan
2727,nan,nan,nan,nan,nan,nan,nan
2728,nan,nan,nan,nan,nan,nan,nan
2729,nan,nan,nan,nan,nan,nan,nan
2730,nan,nan,nan,nan,nan,nan,nan
2731,nan,nan,nan,nan,nan,nan,nan
2732,nan,nan,nan,nan,nan,nan,nan
2733,nan,nan,nan,nan,nan,nan,nan
2734,nan,nan,nan,nan,nan,nan,nan
2735,nan,nan,nan,nan,nan,nan,nan
2736,nan,nan,nan,nan,nan,nan,nan
2737,nan,nan,nan,nan,nan,nan,nan
2738,nan,nan,nan,nan,nan,nan,nan
2739,nan,nan,nan,nan,nan,nan,nan
2740,nan,nan,nan,nan,nan,nan,nan
2741,nan,nan,nan,nan,nan,nan,nan
2742,nan,nan,nan,nan,nan,nan,nan
2743,nan,nan,nan,nan,nan,nan,nan
2744,nan,nan,nan,nan,nan,nan,nan
2745,nan,nan,nan,nan,nan,nan,nan
2746,nan,nan,nan,nan,nan,nan,nan
2747,nan,nan,nan,nan,nan,nan,nan
2748,nan,nan,nan,nan,nan,nan,nan
2749,nan,nan,nan,nan,nan,nan,nan
2750,nan,nan,nan,nan,nan,nan,nan
2751,nan,nan,nan,nan,nan,nan,nan
2752,nan,nan,nan,nan,nan,nan,nan
2753,nan,nan,nan,nan,nan,nan,nan
2754,nan,nan,nan,nan,nan,nan,nan
2755,nan,nan,nan,nan,nan,nan,nan
2756,nan,nan,nan,nan,nan,nan,nan
2757,nan,nan,nan,nan,nan,nan,nan
2758,nan,nan,nan,nan,nan,nan,nan
2759,nan,nan,nan,nan,nan,nan,nan
2760,nan,nan,nan,nan,nan,nan,nan
2761,nan,nan,nan,nan,nan,nan,nan
2762,nan,nan,nan,nan,nan,nan,nan
2763,nan,nan,nan,nan,nan,nan,nan
2764,nan,nan,nan,nan,nan,nan,nan
2765,nan,nan,nan,nan,nan,nan,nan
2766,nan,nan,nan,nan,nan,nan,nan
2767,0.15615539252758026,282.8910827636719,230.1515350341797,367.4306945800781,298.13641357421875,325.160888671875,264.1439743041992
2768,nan,nan,nan,nan,nan,nan,nan
2769,0.12559007108211517,339.49261474609375,197.8577880859375,404.5531005859375,241.26852416992188,372.0228576660156,219.5631561279297
2770,nan,nan,nan,nan,nan,nan,nan
2771,nan,nan,nan,nan,nan,nan,nan
2772,0.10942652076482773,341.1418762207031,199.18084716796875,405.9698486328125,241.12637329101562,373.5558624267578,220.1536102294922
2773,nan,nan,nan,nan,nan,nan,nan
2774,nan,nan,nan,nan,nan,nan,nan
2775,nan,nan,nan,nan,nan,nan,nan
2776,nan,nan,nan,nan,nan,nan,nan
2777,nan,nan,nan,nan,nan,nan,nan
2778,nan,nan,nan,nan,nan,nan,nan
2779,nan,nan,nan,nan,nan,nan,nan
2780,nan,nan,nan,nan,nan,nan,nan
2781,nan,nan,nan,nan,nan,nan,nan
2782,nan,nan,nan,nan,nan,nan,nan
2783,nan,nan,nan,nan,nan,nan,nan
2784,nan,nan,nan,nan,nan,nan,nan
2785,nan,nan,nan,nan,nan,nan,nan
2786,nan,nan,nan,nan,nan,nan,nan
2787,nan,nan,nan,nan,nan,nan,nan
2788,nan,nan,nan,nan,nan,nan,nan
2789,nan,nan,nan,nan,nan,nan,nan
2790,nan,nan,nan,nan,nan,nan,nan
2791,nan,nan,nan,nan,nan,nan,nan
2792,nan,nan,nan,nan,nan,nan,nan
2793,nan,nan,nan,nan,nan,nan,nan
2794,nan,nan,nan,nan,nan,nan,nan
2795,nan,nan,nan,nan,nan,nan,nan
2796,nan,nan,nan,nan,nan,nan,nan
2797,nan,nan,nan,nan,nan,nan,nan
2798,nan,nan,nan,nan,nan,nan,nan
2799,nan,nan,nan,nan,nan,nan,nan
2800,nan,nan,nan,nan,nan,nan,nan
2801,nan,nan,nan,nan,nan,nan,nan
2802,nan,nan,nan,nan,nan,nan,nan
2803,nan,nan,nan,nan,nan,nan,nan
2804,nan,nan,nan,nan,nan,nan,nan
2805,nan,nan,nan,nan,nan,nan,nan
2806,nan,nan,nan,nan,nan,nan,nan
2807,nan,nan,nan,nan,nan,nan,nan
2808,nan,nan,nan,nan,nan,nan,nan
2809,nan,nan,nan,nan,nan,nan,nan
2810,nan,nan,nan,nan,nan,nan,nan
2811,nan,nan,nan,nan,nan,nan,nan
2812,nan,nan,nan,nan,nan,nan,nan
2813,nan,nan,nan,nan,nan,nan,nan
2814,nan,nan,nan,nan,nan,nan,nan
2815,nan,nan,nan,nan,nan,nan,nan
2816,nan,nan,nan,nan,nan,nan,nan
2817,nan,nan,nan,nan,nan,nan,nan
2818,nan,nan,nan,nan,nan,nan,nan
2819,nan,nan,nan,nan,nan,nan,nan
2820,nan,nan,nan,nan,nan,nan,nan
2821,nan,nan,nan,nan,nan,nan,nan
2822,nan,nan,nan,nan,nan,nan,nan
2823,nan,nan,nan,nan,nan,nan,nan
2824,nan,nan,nan,nan,nan,nan,nan
2825,nan,nan,nan,nan,nan,nan,nan
2826,nan,nan,nan,nan,nan,nan,nan
2827,nan,nan,nan,nan,nan,nan,nan
2828,nan,nan,nan,nan,nan,nan,nan
2829,nan,nan,nan,nan,nan,nan,nan
2830,nan,nan,nan,nan,nan,nan,nan
2831,nan,nan,nan,nan,nan,nan,nan
2832,nan,nan,nan,nan,nan,nan,nan
2833,nan,nan,nan,nan,nan,nan,nan
2834,nan,nan,nan,nan,nan,nan,nan
2835,nan,nan,nan,nan,nan,nan,nan
2836,nan,nan,nan,nan,nan,nan,nan
2837,nan,nan,nan,nan,nan,nan,nan
2838,nan,nan,nan,nan,nan,nan,nan
2839,nan,nan,nan,nan,nan,nan,nan
2840,nan,nan,nan,nan,nan,nan,nan
2841,nan,nan,nan,nan,nan,nan,nan
2842,nan,nan,nan,nan,nan,nan,nan
2843,nan,nan,nan,nan,nan,nan,nan
2844,nan,nan,nan,nan,nan,nan,nan
2845,nan,nan,nan,nan,nan,nan,nan
2846,nan,nan,nan,nan,nan,nan,nan
2847,nan,nan,nan,nan,nan,nan,nan
2848,nan,nan,nan,nan,nan,nan,nan
2849,nan,nan,nan,nan,nan,nan,nan
2850,nan,nan,nan,nan,nan,nan,nan
2851,nan,nan,nan,nan,nan,nan,nan
2852,nan,nan,nan,nan,nan,nan,nan
2853,nan,nan,nan,nan,nan,nan,nan
2854,nan,nan,nan,nan,nan,nan,nan
2855,nan,nan,nan,nan,nan,nan,nan
2856,nan,nan,nan,nan,nan,nan,nan
2857,nan,nan,nan,nan,nan,nan,nan
2858,nan,nan,nan,nan,nan,nan,nan
2859,nan,nan,nan,nan,nan,nan,nan
2860,nan,nan,nan,nan,nan,nan,nan
2861,nan,nan,nan,nan,nan,nan,nan
2862,nan,nan,nan,nan,nan,nan,nan
2863,nan,nan,nan,nan,nan,nan,nan
2864,nan,nan,nan,nan,nan,nan,nan
2865,nan,nan,nan,nan,nan,nan,nan
2866,nan,nan,nan,nan,nan,nan,nan
2867,nan,nan,nan,nan,nan,nan,nan
2868,nan,nan,nan,nan,nan,nan,nan
2869,nan,nan,nan,nan,nan,nan,nan
2870,nan,nan,nan,nan,nan,nan,nan
2871,nan,nan,nan,nan,nan,nan,nan
2872,nan,nan,nan,nan,nan,nan,nan
2873,nan,nan,nan,nan,nan,nan,nan
2874,nan,nan,nan,nan,nan,nan,nan
2875,nan,nan,nan,nan,nan,nan,nan
2876,nan,nan,nan,nan,nan,nan,nan
2877,nan,nan,nan,nan,nan,nan,nan
2878,nan,nan,nan,nan,nan,nan,nan
2879,nan,nan,nan,nan,nan,nan,nan
2880,nan,nan,nan,nan,nan,nan,nan
2881,nan,nan,nan,nan,nan,nan,nan
2882,nan,nan,nan,nan,nan,nan,nan
2883,nan,nan,nan,nan,nan,nan,nan
2884,nan,nan,nan,nan,nan,nan,nan
2885,nan,nan,nan,nan,nan,nan,nan
2886,nan,nan,nan,nan,nan,nan,nan
2887,nan,nan,nan,nan,nan,nan,nan
2888,nan,nan,nan,nan,nan,nan,nan
2889,nan,nan,nan,nan,nan,nan,nan
2890,nan,nan,nan,nan,nan,nan,nan
2891,nan,nan,nan,nan,nan,nan,nan
2892,nan,nan,nan,nan,nan,nan,nan
2893,nan,nan,nan,nan,nan,nan,nan
2894,nan,nan,nan,nan,nan,nan,nan
2895,nan,nan,nan,nan,nan,nan,nan
2896,nan,nan,nan,nan,nan,nan,nan
2897,nan,nan,nan,nan,nan,nan,nan
2898,nan,nan,nan,nan,nan,nan,nan
2899,nan,nan,nan,nan,nan,nan,nan
2900,nan,nan,nan,nan,nan,nan,nan
2901,nan,nan,nan,nan,nan,nan,nan
2902,nan,nan,nan,nan,nan,nan,nan
2903,nan,nan,nan,nan,nan,nan,nan
2904,nan,nan,nan,nan,nan,nan,nan
2905,nan,nan,nan,nan,nan,nan,nan
2906,nan,nan,nan,nan,nan,nan,nan
2907,nan,nan,nan,nan,nan,nan,nan
2908,nan,nan,nan,nan,nan,nan,nan
2909,nan,nan,nan,nan,nan,nan,nan
2910,nan,nan,nan,nan,nan,nan,nan
2911,nan,nan,nan,nan,nan,nan,nan
2912,nan,nan,nan,nan,nan,nan,nan
2913,nan,nan,nan,nan,nan,nan,nan
2914,nan,nan,nan,nan,nan,nan,nan
2915,nan,nan,nan,nan,nan,nan,nan
2916,nan,nan,nan,nan,nan,nan,nan
2917,nan,nan,nan,nan,nan,nan,nan
2918,nan,nan,nan,nan,nan,nan,nan
2919,nan,nan,nan,nan,nan,nan,nan
2920,nan,nan,nan,nan,nan,nan,nan
2921,nan,nan,nan,nan,nan,nan,nan
2922,nan,nan,nan,nan,nan,nan,nan
2923,nan,nan,nan,nan,nan,nan,nan
2924,nan,nan,nan,nan,nan,nan,nan
2925,nan,nan,nan,nan,nan,nan,nan
2926,nan,nan,nan,nan,nan,nan,nan
2927,nan,nan,nan,nan,nan,nan,nan
2928,nan,nan,nan,nan,nan,nan,nan
2929,nan,nan,nan,nan,nan,nan,nan
2930,nan,nan,nan,nan,nan,nan,nan
2931,nan,nan,nan,nan,nan,nan,nan
2932,nan,nan,nan,nan,nan,nan,nan
2933,nan,nan,nan,nan,nan,nan,nan
2934,nan,nan,nan,nan,nan,nan,nan
2935,nan,nan,nan,nan,nan,nan,nan
2936,nan,nan,nan,nan,nan,nan,nan
2937,nan,nan,nan,nan,nan,nan,nan
2938,nan,nan,nan,nan,nan,nan,nan
2939,nan,nan,nan,nan,nan,nan,nan
2940,nan,nan,nan,nan,nan,nan,nan
2941,nan,nan,nan,nan,nan,nan,nan
2942,nan,nan,nan,nan,nan,nan,nan
2943,nan,nan,nan,nan,nan,nan,nan
2944,nan,nan,nan,nan,nan,nan,nan
2945,nan,nan,nan,nan,nan,nan,nan
2946,nan,nan,nan,nan,nan,nan,nan
2947,nan,nan,nan,nan,nan,nan,nan
2948,nan,nan,nan,nan,nan,nan,nan
2949,nan,nan,nan,nan,nan,nan,nan
2950,nan,nan,nan,nan,nan,nan,nan
2951,nan,nan,nan,nan,nan,nan,nan
2952,nan,nan,nan,nan,nan,nan,nan
2953,nan,nan,nan,nan,nan,nan,nan
2954,nan,nan,nan,nan,nan,nan,nan
2955,nan,nan,nan,nan,nan,nan,nan
2956,nan,nan,nan,nan,nan,nan,nan
2957,nan,nan,nan,nan,nan,nan,nan
2958,nan,nan,nan,nan,nan,nan,nan
2959,nan,nan,nan,nan,nan,nan,nan
2960,nan,nan,nan,nan,nan,nan,nan
2961,nan,nan,nan,nan,nan,nan,nan
2962,nan,nan,nan,nan,nan,nan,nan
2963,nan,nan,nan,nan,nan,nan,nan
2964,nan,nan,nan,nan,nan,nan,nan
2965,nan,nan,nan,nan,nan,nan,nan
2966,nan,nan,nan,nan,nan,nan,nan
2967,nan,nan,nan,nan,nan,nan,nan
2968,nan,nan,nan,nan,nan,nan,nan
2969,nan,nan,nan,nan,nan,nan,nan
2970,nan,nan,nan,nan,nan,nan,nan
2971,nan,nan,nan,nan,nan,nan,nan
2972,nan,nan,nan,nan,nan,nan,nan
2973,nan,nan,nan,nan,nan,nan,nan
2974,nan,nan,nan,nan,nan,nan,nan
2975,nan,nan,nan,nan,nan,nan,nan
2976,nan,nan,nan,nan,nan,nan,nan
2977,nan,nan,nan,nan,nan,nan,nan
2978,nan,nan,nan,nan,nan,nan,nan
2979,nan,nan,nan,nan,nan,nan,nan
2980,nan,nan,nan,nan,nan,nan,nan
2981,nan,nan,nan,nan,nan,nan,nan
2982,nan,nan,nan,nan,nan,nan,nan
2983,nan,nan,nan,nan,nan,nan,nan
2984,nan,nan,nan,nan,nan,nan,nan
2985,nan,nan,nan,nan,nan,nan,nan
2986,nan,nan,nan,nan,nan,nan,nan
2987,nan,nan,nan,nan,nan,nan,nan
2988,nan,nan,nan,nan,nan,nan,nan
2989,nan,nan,nan,nan,nan,nan,nan
2990,nan,nan,nan,nan,nan,nan,nan
2991,nan,nan,nan,nan,nan,nan,nan
2992,nan,nan,nan,nan,nan,nan,nan
2993,nan,nan,nan,nan,nan,nan,nan
2994,nan,nan,nan,nan,nan,nan,nan
2995,nan,nan,nan,nan,nan,nan,nan
2996,nan,nan,nan,nan,nan,nan,nan
2997,nan,nan,nan,nan,nan,nan,nan
2998,nan,nan,nan,nan,nan,nan,nan
2999,nan,nan,nan,nan,nan,nan,nan
3000,nan,nan,nan,nan,nan,nan,nan
3001,nan,nan,nan,nan,nan,nan,nan
3002,nan,nan,nan,nan,nan,nan,nan
3003,nan,nan,nan,nan,nan,nan,nan
3004,nan,nan,nan,nan,nan,nan,nan
3005,nan,nan,nan,nan,nan,nan,nan
3006,nan,nan,nan,nan,nan,nan,nan
3007,nan,nan,nan,nan,nan,nan,nan
3008,nan,nan,nan,nan,nan,nan,nan
3009,0.10863105207681656,655.4584350585938,265.52398681640625,739.0789794921875,330.47222900390625,697.2687072753906,297.99810791015625
3010,nan,nan,nan,nan,nan,nan,nan
3011,nan,nan,nan,nan,nan,nan,nan
3012,nan,nan,nan,nan,nan,nan,nan
3013,0.11537396162748337,656.4607543945312,265.5427551269531,738.673828125,330.3988952636719,697.5672912597656,297.9708251953125
3014,nan,nan,nan,nan,nan,nan,nan
3015,nan,nan,nan,nan,nan,nan,nan
3016,nan,nan,nan,nan,nan,nan,nan
3017,nan,nan,nan,nan,nan,nan,nan
3018,nan,nan,nan,nan,nan,nan,nan
3019,nan,nan,nan,nan,nan,nan,nan
3020,nan,nan,nan,nan,nan,nan,nan
3021,nan,nan,nan,nan,nan,nan,nan
3022,nan,nan,nan,nan,nan,nan,nan
3023,nan,nan,nan,nan,nan,nan,nan
3024,nan,nan,nan,nan,nan,nan,nan
3025,nan,nan,nan,nan,nan,nan,nan
3026,nan,nan,nan,nan,nan,nan,nan
3027,nan,nan,nan,nan,nan,nan,nan
3028,nan,nan,nan,nan,nan,nan,nan
3029,nan,nan,nan,nan,nan,nan,nan
3030,nan,nan,nan,nan,nan,nan,nan
3031,nan,nan,nan,nan,nan,nan,nan
3032,nan,nan,nan,nan,nan,nan,nan
3033,nan,nan,nan,nan,nan,nan,nan
3034,nan,nan,nan,nan,nan,nan,nan
3035,nan,nan,nan,nan,nan,nan,nan
3036,nan,nan,nan,nan,nan,nan,nan
3037,nan,nan,nan,nan,nan,nan,nan
3038,nan,nan,nan,nan,nan,nan,nan
3039,0.2636747360229492,353.57763671875,202.80807495117188,421.054931640625,239.55413818359375,387.3162841796875,221.1811065673828
3040,0.20933029055595398,351.4964599609375,203.1386260986328,421.6035461425781,240.09750366210938,386.5500030517578,221.6180648803711
3041,0.11800237745046616,350.875732421875,202.50558471679688,425.54669189453125,240.96212768554688,388.2112121582031,221.73385620117188
3042,0.12957720458507538,351.2425842285156,202.6743621826172,424.33905029296875,240.8858642578125,387.7908172607422,221.78011322021484
3043,0.12327396869659424,351.8081359863281,202.75552368164062,424.7617492675781,240.96853637695312,388.2849426269531,221.86203002929688
3044,0.12291392683982849,351.8160095214844,202.88836669921875,425.117431640625,241.09149169921875,388.4667205810547,221.98992919921875
3045,nan,nan,nan,nan,nan,nan,nan
3046,nan,nan,nan,nan,nan,nan,nan
3047,nan,nan,nan,nan,nan,nan,nan
3048,nan,nan,nan,nan,nan,nan,nan
3049,0.13441722095012665,284.71466064453125,222.93368530273438,390.7781982421875,303.15814208984375,337.7464294433594,263.04591369628906
3050,nan,nan,nan,nan,nan,nan,nan
3051,nan,nan,nan,nan,nan,nan,nan
3052,nan,nan,nan,nan,nan,nan,nan
3053,nan,nan,nan,nan,nan,nan,nan
3054,nan,nan,nan,nan,nan,nan,nan
3055,nan,nan,nan,nan,nan,nan,nan
3056,nan,nan,nan,nan,nan,nan,nan
3057,nan,nan,nan,nan,nan,nan,nan
3058,nan,nan,nan,nan,nan,nan,nan
3059,nan,nan,nan,nan,nan,nan,nan
3060,nan,nan,nan,nan,nan,nan,nan
3061,nan,nan,nan,nan,nan,nan,nan
3062,nan,nan,nan,nan,nan,nan,nan
3063,nan,nan,nan,nan,nan,nan,nan
3064,nan,nan,nan,nan,nan,nan,nan
3065,nan,nan,nan,nan,nan,nan,nan
3066,nan,nan,nan,nan,nan,nan,nan
3067,nan,nan,nan,nan,nan,nan,nan
3068,nan,nan,nan,nan,nan,nan,nan
3069,nan,nan,nan,nan,nan,nan,nan
3070,nan,nan,nan,nan,nan,nan,nan
3071,nan,nan,nan,nan,nan,nan,nan
3072,nan,nan,nan,nan,nan,nan,nan
3073,nan,nan,nan,nan,nan,nan,nan
3074,nan,nan,nan,nan,nan,nan,nan
3075,0.10838141292333603,285.7159423828125,223.80068969726562,391.6191101074219,302.9642333984375,338.6675262451172,263.38246154785156
3076,0.1168249100446701,285.6764831542969,223.67372131347656,391.7513427734375,302.48492431640625,338.7139129638672,263.0793228149414
3077,0.15518410503864288,285.6922607421875,223.78591918945312,391.5245361328125,302.54302978515625,338.6083984375,263.1644744873047
3078,0.11694973707199097,285.65057373046875,223.796142578125,391.6092224121094,302.2131652832031,338.62989807128906,263.00465393066406
3079,0.1384577453136444,285.7332763671875,223.84927368164062,391.4764709472656,302.476318359375,338.60487365722656,263.1627960205078
3080,nan,nan,nan,nan,nan,nan,nan
3081,nan,nan,nan,nan,nan,nan,nan
3082,0.10592678189277649,285.9219970703125,223.8372802734375,392.2698669433594,303.01226806640625,339.09593200683594,263.4247741699219
3083,0.12179556488990784,285.66705322265625,223.7896270751953,392.5007629394531,303.4755859375,339.0839080810547,263.63260650634766
3084,0.13590867817401886,285.84417724609375,223.8739471435547,392.2762451171875,302.52252197265625,339.0602111816406,263.19823455810547
3085,0.20634672045707703,285.72198486328125,223.98208618164062,391.9831237792969,302.70379638671875,338.85255432128906,263.3429412841797
3086,0.1753137707710266,285.4969482421875,223.9515380859375,391.88592529296875,302.84869384765625,338.6914367675781,263.4001159667969
3087,0.21151703596115112,285.536376953125,223.99896240234375,391.3056640625,302.3883361816406,338.4210205078125,263.1936492919922
3088,0.1305568963289261,285.84716796875,223.99801635742188,391.93646240234375,302.4977111816406,338.8918151855469,263.24786376953125
3089,0.12730690836906433,285.7247314453125,224.11061096191406,392.54827880859375,303.1517333984375,339.1365051269531,263.6311721801758
3090,0.11073710769414902,285.72943115234375,224.12713623046875,391.73883056640625,302.29290771484375,338.734130859375,263.21002197265625
3091,0.12628476321697235,285.7381591796875,223.98614501953125,391.6776123046875,302.1456298828125,338.7078857421875,263.0658874511719
3092,nan,nan,nan,nan,nan,nan,nan
3093,0.1429746001958847,285.79864501953125,223.98165893554688,392.2008056640625,302.92694091796875,338.9997253417969,263.4542999267578
3094,nan,nan,nan,nan,nan,nan,nan
3095,nan,nan,nan,nan,nan,nan,nan
3096,nan,nan,nan,nan,nan,nan,nan
3097,0.16529947519302368,286.0414123535156,223.91680908203125,391.608154296875,301.9820556640625,338.8247833251953,262.9494323730469
3098,0.10844778269529343,285.751220703125,224.035400390625,391.5927734375,302.58245849609375,338.6719970703125,263.3089294433594
3099,nan,nan,nan,nan,nan,nan,nan
3100,nan,nan,nan,nan,nan,nan,nan
3101,0.11873789131641388,286.004150390625,223.9931640625,391.47320556640625,301.6186218261719,338.7386779785156,262.80589294433594
3102,nan,nan,nan,nan,nan,nan,nan
3103,0.31179335713386536,292.23809814453125,229.4011688232422,390.45159912109375,305.3380126953125,341.3448486328125,267.36959075927734
3104,0.5915320515632629,299.7894287109375,231.2764892578125,391.1036682128906,305.06103515625,345.44654846191406,268.16876220703125
3105,0.6911697387695312,301.5072326660156,232.27024841308594,387.8714599609375,305.599853515625,344.68934631347656,268.93505096435547
3106,0.6784318089485168,305.7342224121094,233.08349609375,382.7095642089844,305.1095886230469,344.2218933105469,269.09654235839844
3107,0.7422338128089905,308.6252746582031,229.73130798339844,388.4530029296875,303.264892578125,348.5391387939453,266.4981002807617
3108,0.723050594329834,308.9345703125,229.48516845703125,390.134033203125,303.7601623535156,349.5343017578125,266.62266540527344
3109,0.7633987069129944,309.0326843261719,229.9182586669922,389.1365661621094,304.11474609375,349.0846252441406,267.0165023803711
3110,0.5669909119606018,309.2000732421875,229.63653564453125,389.6102600097656,304.1314392089844,349.40516662597656,266.8839874267578
3111,0.7707533836364746,308.8206481933594,230.07769775390625,389.97198486328125,304.76605224609375,349.3963165283203,267.421875
3112,0.6845977306365967,308.77447509765625,230.09274291992188,389.1448974609375,304.7445983886719,348.9596862792969,267.4186706542969
3113,0.7742311358451843,308.7779541015625,231.23304748535156,387.86102294921875,304.882568359375,348.3194885253906,268.0578079223633
3114,0.7706413269042969,309.00823974609375,231.03062438964844,389.9841613769531,305.05780029296875,349.49620056152344,268.0442123413086
3115,0.7611998915672302,309.09765625,231.02687072753906,390.11181640625,305.0653076171875,349.604736328125,268.0460891723633
3116,0.7258695363998413,309.4464111328125,230.91696166992188,391.3173522949219,305.13427734375,350.3818817138672,268.02561950683594
3117,0.7638521194458008,309.4608154296875,231.3552703857422,391.51312255859375,305.1929931640625,350.4869689941406,268.27413177490234
3118,0.7671294212341309,309.41973876953125,230.922607421875,392.00469970703125,305.1355285644531,350.71221923828125,268.02906799316406
3119,0.7679423093795776,309.34918212890625,231.2376251220703,391.80670166015625,305.16845703125,350.57794189453125,268.20304107666016
3120,0.7408946752548218,309.3011169433594,231.57290649414062,390.8022766113281,305.1818542480469,350.05169677734375,268.37738037109375
3121,0.7803834676742554,309.45892333984375,231.5159454345703,391.5484619140625,305.1561279296875,350.5036926269531,268.3360366821289
3122,0.689909040927887,309.6102294921875,231.0086669921875,391.67822265625,305.1882629394531,350.64422607421875,268.0984649658203
3123,0.6555961966514587,309.69268798828125,230.91229248046875,392.30841064453125,305.20465087890625,351.00054931640625,268.0584716796875
3124,0.7141211032867432,309.67236328125,230.52496337890625,393.1678161621094,305.21490478515625,351.4200897216797,267.86993408203125
3125,0.673698365688324,309.81280517578125,230.42953491210938,393.64385986328125,305.26080322265625,351.72833251953125,267.8451690673828
3126,0.6477237939834595,309.7387390136719,230.69334411621094,393.80560302734375,305.296875,351.7721710205078,267.99510955810547
3127,0.7028276920318604,309.832275390625,230.3459930419922,394.4736328125,305.23834228515625,352.1529541015625,267.7921676635742
3128,0.661171019077301,309.9117431640625,230.06661987304688,394.75323486328125,305.2689208984375,352.3324890136719,267.6677703857422
3129,0.6856259703636169,309.97052001953125,230.5652618408203,395.1204528808594,305.14849853515625,352.5454864501953,267.8568801879883
3130,0.6184366345405579,310.18524169921875,230.39881896972656,394.374755859375,305.281005859375,352.2799987792969,267.8399124145508
3131,0.650130033493042,309.95880126953125,230.09385681152344,395.1080322265625,305.3792724609375,352.5334167480469,267.73656463623047
3132,0.6340327262878418,310.10150146484375,230.55487060546875,393.86376953125,305.33306884765625,351.9826354980469,267.9439697265625
3133,0.6801871657371521,310.07733154296875,231.2420654296875,392.9947509765625,305.435791015625,351.5360412597656,268.33892822265625
3134,0.6407904028892517,310.10064697265625,230.59255981445312,394.18292236328125,305.42950439453125,352.14178466796875,268.0110321044922
3135,0.691644012928009,310.056396484375,230.4635467529297,394.4513854980469,305.42364501953125,352.25389099121094,267.94359588623047
3136,0.6424763202667236,310.0280456542969,230.661865234375,394.0509338378906,305.3450622558594,352.03948974609375,268.0034637451172
3137,0.696056604385376,309.8583984375,231.01971435546875,393.2530517578125,305.3705139160156,351.55572509765625,268.1951141357422
3138,0.6316065192222595,309.78411865234375,230.6538848876953,393.28594970703125,305.39013671875,351.5350341796875,268.02201080322266
3139,0.703449547290802,309.89471435546875,230.29820251464844,394.25,305.40179443359375,352.0723571777344,267.8499984741211
3140,0.6387945413589478,309.87664794921875,230.38235473632812,393.859375,305.4040222167969,351.8680114746094,267.8931884765625
3141,0.6791292428970337,309.8326721191406,231.2647705078125,392.0647888183594,305.4488525390625,350.94873046875,268.3568115234375
3142,0.6726774573326111,309.7537536621094,230.68972778320312,392.93829345703125,305.4344787597656,351.3460235595703,268.0621032714844
3143,0.6879015564918518,309.7940368652344,230.6883087158203,393.284423828125,305.48486328125,351.5392303466797,268.08658599853516
3144,0.6921213865280151,309.7259521484375,230.6421661376953,393.15521240234375,305.49267578125,351.4405822753906,268.06742095947266
3145,0.6932681798934937,309.7640075683594,231.5877227783203,391.71051025390625,305.5980224609375,350.7372589111328,268.5928726196289
3146,0.6896874308586121,309.7006530761719,230.8594207763672,393.1866760253906,305.54132080078125,351.44366455078125,268.2003707885742
3147,0.6940317749977112,309.70526123046875,230.66256713867188,393.50933837890625,305.4830627441406,351.6072998046875,268.07281494140625
3148,0.7011570334434509,309.74517822265625,230.6678009033203,393.48492431640625,305.46636962890625,351.61505126953125,268.0670852661133
3149,0.1760483682155609,313.9105224609375,229.80807495117188,402.12689208984375,309.02178955078125,358.0187072753906,269.41493225097656
3150,0.22390146553516388,321.76690673828125,221.254638671875,417.21270751953125,323.9852294921875,369.48980712890625,272.61993408203125
3151,0.8249186277389526,342.55621337890625,225.5802001953125,432.9906921386719,335.7281494140625,387.77345275878906,280.6541748046875
3152,0.812147319316864,347.48223876953125,226.82034301757812,445.9501953125,339.3798522949219,396.7162170410156,283.10009765625
3153,0.82924485206604,347.62823486328125,227.47723388671875,443.06256103515625,339.0218505859375,395.34539794921875,283.2495422363281
3154,0.8358041644096375,346.52276611328125,227.1299285888672,444.16192626953125,338.9598083496094,395.34234619140625,283.0448684692383
3155,0.8394657969474792,346.4986572265625,227.34613037109375,443.64227294921875,339.327392578125,395.0704650878906,283.3367614746094
3156,0.8419089317321777,347.4658203125,229.35218811035156,443.35479736328125,339.81207275390625,395.4103088378906,284.5821304321289
3157,0.6963817477226257,355.5124206542969,228.9792022705078,458.7989501953125,341.0915222167969,407.1556854248047,285.03536224365234
3158,nan,nan,nan,nan,nan,nan,nan
3159,0.13405978679656982,425.88446044921875,229.4469451904297,477.91424560546875,306.92425537109375,451.89935302734375,268.1856002807617
3160,nan,nan,nan,nan,nan,nan,nan
3161,nan,nan,nan,nan,nan,nan,nan
3162,nan,nan,nan,nan,nan,nan,nan
3163,0.586115300655365,601.3468017578125,402.3013916015625,699.5736083984375,482.85662841796875,650.460205078125,442.5790100097656
3164,0.19938379526138306,630.7666015625,394.6524658203125,726.505615234375,482.5921630859375,678.6361083984375,438.622314453125
3165,0.7242067456245422,649.53759765625,369.9847412109375,760.8599243164062,498.5995788574219,705.1987609863281,434.2921600341797
3166,nan,nan,nan,nan,nan,nan,nan
3167,0.3812042772769928,751.4163818359375,395.967041015625,842.643798828125,483.6470947265625,797.0300903320312,439.80706787109375
3168,0.7554421424865723,786.3211669921875,402.9319152832031,878.2027587890625,483.3174133300781,832.261962890625,443.1246643066406
3169,0.731316864490509,824.4207763671875,391.39349365234375,921.04443359375,479.76275634765625,872.7326049804688,435.578125
3170,0.7497552633285522,836.42138671875,388.7962646484375,948.732421875,497.62628173828125,892.576904296875,443.2112731933594
3171,0.7034183740615845,861.7527465820312,392.4595642089844,965.5350952148438,486.2718200683594,913.6439208984375,439.3656921386719
3172,0.8649093508720398,886.6206665039062,397.039306640625,985.9008178710938,485.1170654296875,936.2607421875,441.07818603515625
3173,0.8417796492576599,906.5020751953125,401.4207763671875,1003.6116943359375,485.43341064453125,955.056884765625,443.4270935058594
3174,0.8309863805770874,927.864990234375,395.57958984375,1018.8486328125,478.10797119140625,973.3568115234375,436.8437805175781
3175,0.8360579013824463,934.7290649414062,386.8618469238281,1030.642578125,470.703369140625,982.6858215332031,428.78260803222656
3176,0.8458608984947205,948.619140625,385.5484619140625,1040.61083984375,465.834716796875,994.614990234375,425.69158935546875
3177,0.843783438205719,951.4954833984375,383.9491882324219,1042.5574951171875,465.0348815917969,997.0264892578125,424.4920349121094
3178,0.8388417363166809,951.5855712890625,385.75494384765625,1043.5447998046875,465.61810302734375,997.565185546875,425.6865234375
3179,0.8395589590072632,952.059814453125,384.87628173828125,1043.934814453125,465.08209228515625,997.997314453125,424.97918701171875
3180,0.8367870450019836,952.4719848632812,384.21148681640625,1043.9609375,464.3081359863281,998.2164611816406,424.2598114013672
3181,0.8436664342880249,952.36962890625,383.36737060546875,1043.65625,461.5514831542969,998.012939453125,422.4594268798828
3182,0.8820425868034363,951.2841796875,372.24884033203125,1043.60595703125,452.87548828125,997.445068359375,412.5621643066406
3183,0.8340179324150085,951.0027465820312,351.4234313964844,1044.330078125,430.1249084472656,997.6664123535156,390.774169921875
3184,0.8042059540748596,949.6458740234375,337.5957946777344,1050.2071533203125,417.89630126953125,999.926513671875,377.7460479736328
3185,0.83790522813797,960.7761840820312,335.037353515625,1052.487060546875,413.135986328125,1006.6316223144531,374.086669921875
3186,0.8681166172027588,968.9566650390625,336.41064453125,1060.9144287109375,415.54132080078125,1014.935546875,375.9759826660156
3187,0.86566561460495,972.9786376953125,337.4234619140625,1064.07470703125,415.6167297363281,1018.5266723632812,376.5200958251953
3188,0.8748122453689575,975.5633544921875,337.04864501953125,1066.367919921875,416.9863586425781,1020.9656372070312,377.0175018310547
3189,0.8826878666877747,975.3409423828125,335.7959899902344,1066.8116455078125,414.68701171875,1021.0762939453125,375.2415008544922
3190,0.8690186142921448,972.6048583984375,323.26690673828125,1063.26025390625,401.77728271484375,1017.9325561523438,362.5220947265625
3191,0.8360471725463867,969.7020263671875,305.636962890625,1061.26611328125,380.97772216796875,1015.4840698242188,343.3073425292969
3192,0.8422242403030396,970.8308715820312,285.3937683105469,1060.0850830078125,357.819580078125,1015.4579772949219,321.60667419433594
3193,0.8352481126785278,971.8197021484375,265.06787109375,1059.32421875,336.22137451171875,1015.5719604492188,300.6446228027344
3194,0.8457728028297424,972.2371215820312,253.97804260253906,1059.893310546875,325.14593505859375,1016.0652160644531,289.5619888305664
3195,0.8507518172264099,973.1083374023438,254.682861328125,1062.783935546875,329.54754638671875,1017.9461364746094,292.1152038574219
3196,0.8322761058807373,977.8209228515625,254.7392578125,1067.384033203125,331.5138244628906,1022.6024780273438,293.1265411376953
3197,0.8395147919654846,978.8580322265625,255.02902221679688,1068.3369140625,330.43597412109375,1023.5974731445312,292.7324981689453
3198,0.8346560597419739,978.830078125,254.71987915039062,1068.16064453125,329.734375,1023.495361328125,292.2271270751953
3199,0.8312171697616577,979.0372924804688,254.19131469726562,1068.62158203125,328.9552001953125,1023.8294372558594,291.57325744628906
3200,0.8321772813796997,978.7137451171875,254.14837646484375,1068.68994140625,329.30303955078125,1023.7018432617188,291.7257080078125
3201,0.8370754718780518,979.5526123046875,254.37657165527344,1068.579833984375,329.16827392578125,1024.0662231445312,291.77242279052734
3202,0.8355228900909424,980.57958984375,254.32736206054688,1069.40185546875,328.1593017578125,1024.99072265625,291.2433319091797
3203,0.8483180999755859,984.6091918945312,252.72193908691406,1073.69775390625,325.70806884765625,1029.1534729003906,289.21500396728516
3204,0.8391059041023254,993.8897094726562,249.81871032714844,1083.9970703125,326.6904296875,1038.9433898925781,288.2545700073242
3205,0.838624894618988,1012.3765869140625,250.03326416015625,1103.06982421875,324.4344177246094,1057.7232055664062,287.2338409423828
3206,0.8721849918365479,1045.8470458984375,264.3580627441406,1133.8155517578125,337.3447265625,1089.831298828125,300.8513946533203
3207,0.8637722730636597,1066.6405029296875,256.53765869140625,1155.7969970703125,329.8533020019531,1111.21875,293.1954803466797
3208,0.8458595871925354,1079.552978515625,242.0851593017578,1172.48828125,315.16217041015625,1126.0206298828125,278.62366485595703
3209,0.8592700362205505,1107.711669921875,236.31875610351562,1192.5595703125,306.88897705078125,1150.1356201171875,271.60386657714844
3210,0.8386858701705933,1125.3599853515625,227.65316772460938,1213.29833984375,297.9981384277344,1169.3291625976562,262.8256530761719
3211,0.855431854724884,1146.1002197265625,225.92239379882812,1230.240478515625,298.8761901855469,1188.1703491210938,262.3992919921875
3212,0.8673727512359619,1166.9307861328125,237.00277709960938,1252.4871826171875,309.7316589355469,1209.708984375,273.3672180175781
3213,0.8788914084434509,1193.171875,247.5871124267578,1275.86767578125,320.5555114746094,1234.519775390625,284.0713119506836
3214,0.8038411140441895,1208.1708984375,248.7334442138672,1292.665283203125,319.30377197265625,1250.4180908203125,284.0186080932617
3215,0.8484223484992981,1223.336669921875,244.93414306640625,1300.291015625,315.462890625,1261.8138427734375,280.1985168457031
3216,0.8333425521850586,1241.970458984375,242.1020965576172,1320.25439453125,313.04107666015625,1281.1124267578125,277.5715866088867
3217,0.6795299649238586,1257.0615234375,237.45423889160156,1334.49609375,301.8011474609375,1295.77880859375,269.62769317626953
3218,0.24466760456562042,1257.345458984375,233.44525146484375,1341.155029296875,297.19384765625,1299.250244140625,265.3195495605469
3219,0.5101079940795898,1257.167724609375,231.71890258789062,1344.266357421875,310.8114013671875,1300.717041015625,271.26515197753906
3220,0.4745660424232483,1260.392822265625,232.8839111328125,1349.75439453125,304.82220458984375,1305.0736083984375,268.8530578613281
3221,nan,nan,nan,nan,nan,nan,nan
3222,0.27942678332328796,1282.1231689453125,212.1671905517578,1367.3111572265625,285.8658447265625,1324.7171630859375,249.01651763916016
3223,0.6641175150871277,1268.190185546875,217.3088836669922,1357.51806640625,290.980712890625,1312.8541259765625,254.1447982788086
3224,0.6882239580154419,1269.440673828125,214.42422485351562,1352.85693359375,287.8665466308594,1311.1488037109375,251.1453857421875
3225,0.7145465612411499,1266.7816162109375,213.93763732910156,1349.7193603515625,287.84478759765625,1308.25048828125,250.8912124633789
3226,0.6596501469612122,1268.7578125,214.80148315429688,1350.439697265625,284.70916748046875,1309.5987548828125,249.7553253173828
3227,0.6957371234893799,1268.8582763671875,214.4864501953125,1350.301025390625,284.0993957519531,1309.5796508789062,249.2929229736328
3228,0.6781408786773682,1269.0157470703125,214.5794677734375,1350.4105224609375,284.5805969238281,1309.713134765625,249.5800323486328
3229,0.6760380268096924,1268.797119140625,214.63714599609375,1350.90380859375,285.9544372558594,1309.8504638671875,250.29579162597656
3230,0.5401380062103271,1268.806640625,214.47958374023438,1350.918212890625,283.76300048828125,1309.8624267578125,249.1212921142578
3231,0.29219701886177063,1265.572998046875,214.21737670898438,1352.9871826171875,286.14373779296875,1309.2800903320312,250.18055725097656
3232,0.4849431812763214,1263.1834716796875,214.1763153076172,1352.0020751953125,288.5487060546875,1307.5927734375,251.36251068115234
3233,0.6194074749946594,1264.6934814453125,213.86373901367188,1351.5159912109375,287.85162353515625,1308.104736328125,250.85768127441406
3234,0.620702862739563,1264.89013671875,213.80516052246094,1351.7685546875,287.75262451171875,1308.329345703125,250.77889251708984
3235,0.6306178569793701,1264.59130859375,213.8089141845703,1351.71630859375,287.89703369140625,1308.15380859375,250.85297393798828
3236,0.6217970252037048,1264.857177734375,213.89154052734375,1351.600830078125,288.00445556640625,1308.22900390625,250.947998046875
3237,0.6643370389938354,1265.65625,213.8385772705078,1351.273193359375,287.32366943359375,1308.4647216796875,250.58112335205078
3238,0.6523498296737671,1265.88330078125,213.72560119628906,1351.552490234375,287.5886535644531,1308.7178955078125,250.6571273803711
3239,0.6330246329307556,1265.441650390625,214.31524658203125,1351.282958984375,287.68817138671875,1308.3623046875,251.001708984375
3240,0.5932694673538208,1265.280517578125,214.23683166503906,1352.0504150390625,286.8697814941406,1308.6654663085938,250.55330657958984
3241,0.34431833028793335,1263.168212890625,215.38888549804688,1351.011962890625,286.08013916015625,1307.090087890625,250.73451232910156
3242,0.2923581004142761,1263.0999755859375,214.52938842773438,1351.1649169921875,285.8748779296875,1307.1324462890625,250.20213317871094
3243,0.4143678545951843,1262.875244140625,216.18338012695312,1348.707763671875,286.83154296875,1305.79150390625,251.50746154785156
3244,0.47043484449386597,1263.884521484375,216.3889617919922,1347.9610595703125,286.44970703125,1305.9227905273438,251.4193344116211
3245,0.5683479905128479,1261.1383056640625,216.22352600097656,1346.0172119140625,287.19677734375,1303.5777587890625,251.71015167236328
3246,0.5868581533432007,1260.770263671875,216.09979248046875,1346.228271484375,288.06683349609375,1303.499267578125,252.08331298828125
3247,0.5737553834915161,1260.4500732421875,215.63658142089844,1346.6669921875,287.89031982421875,1303.5585327148438,251.7634506225586
3248,0.5592547655105591,1260.293212890625,215.60845947265625,1346.380859375,288.2444763183594,1303.3370361328125,251.9264678955078
3249,0.5903512239456177,1260.14794921875,215.5781707763672,1346.3602294921875,288.428955078125,1303.2540893554688,252.0035629272461
3250,0.5891754031181335,1260.335205078125,215.65159606933594,1346.46435546875,288.4700927734375,1303.3997802734375,252.06084442138672
3251,0.6374893188476562,1261.770263671875,216.40383911132812,1345.1591796875,287.4006042480469,1303.4647216796875,251.9022216796875
3252,0.6933444142341614,1262.101318359375,218.04039001464844,1345.4864501953125,287.18072509765625,1303.7938842773438,252.61055755615234
3253,0.6381956338882446,1262.720703125,217.224609375,1345.098876953125,287.260986328125,1303.9097900390625,252.2427978515625
3254,0.6644348502159119,1262.02294921875,218.59812927246094,1345.62158203125,287.2559814453125,1303.822265625,252.92705535888672
3255,0.6479840278625488,1261.7386474609375,216.9949951171875,1344.3734130859375,287.2676696777344,1303.0560302734375,252.13133239746094
3256,0.6943989992141724,1261.5777587890625,217.75025939941406,1345.0977783203125,287.1920166015625,1303.3377685546875,252.47113800048828
3257,0.6709820628166199,1261.4073486328125,217.7057647705078,1345.054443359375,287.1424560546875,1303.2308959960938,252.42411041259766
3258,0.6836686730384827,1261.743408203125,217.86410522460938,1344.887451171875,286.9852294921875,1303.3154296875,252.42466735839844
3259,0.6852622628211975,1261.404052734375,217.70059204101562,1345.3751220703125,287.2953186035156,1303.3895874023438,252.49795532226562
3260,0.69110107421875,1261.2896728515625,217.50439453125,1345.2840576171875,287.2145690917969,1303.286865234375,252.35948181152344
3261,0.6779991388320923,1261.378662109375,217.48228454589844,1345.432861328125,287.463134765625,1303.40576171875,252.47270965576172
3262,0.6827729344367981,1261.3941650390625,217.57754516601562,1345.2799072265625,287.4198303222656,1303.3370361328125,252.49868774414062
3263,0.6666627526283264,1261.152587890625,217.5234832763672,1345.41162109375,287.489990234375,1303.2821044921875,252.5067367553711
3264,0.6647341847419739,1261.6297607421875,216.4749755859375,1344.7784423828125,287.7693786621094,1303.2041015625,252.12217712402344
3265,0.6736560463905334,1261.2353515625,217.2074432373047,1345.5740966796875,287.67926025390625,1303.4047241210938,252.44335174560547
3266,0.6617083549499512,1261.425537109375,216.36093139648438,1344.644287109375,287.5741271972656,1303.034912109375,251.967529296875
3267,0.6501892805099487,1261.32958984375,216.3357696533203,1344.792236328125,286.64154052734375,1303.0609130859375,251.48865509033203
3268,0.6073107123374939,1258.646728515625,215.77267456054688,1344.6427001953125,288.38720703125,1301.6447143554688,252.07994079589844
3269,0.5548485517501831,1259.5975341796875,214.7262725830078,1347.4229736328125,286.70068359375,1303.51025390625,250.7134780883789
3270,0.5792526006698608,1263.677734375,218.23452758789062,1344.0531005859375,288.83367919921875,1303.8654174804688,253.5341033935547
3271,0.5361897945404053,1262.4315185546875,218.43475341796875,1344.5426025390625,290.326904296875,1303.487060546875,254.38082885742188
3272,0.4647905230522156,1261.448486328125,218.09051513671875,1344.7974853515625,289.4213562011719,1303.1229858398438,253.7559356689453
3273,0.4917478859424591,1260.810302734375,218.78265380859375,1344.410400390625,289.8078918457031,1302.6103515625,254.29527282714844
3274,0.4451241195201874,1260.135009765625,218.6880340576172,1344.41064453125,289.89117431640625,1302.2728271484375,254.28960418701172
3275,0.4707760512828827,1261.29833984375,218.6580047607422,1344.5042724609375,289.2119140625,1302.9013061523438,253.9349594116211
3276,nan,nan,nan,nan,nan,nan,nan
3277,nan,nan,nan,nan,nan,nan,nan
3278,nan,nan,nan,nan,nan,nan,nan
3279,nan,nan,nan,nan,nan,nan,nan
3280,nan,nan,nan,nan,nan,nan,nan
3281,nan,nan,nan,nan,nan,nan,nan
3282,nan,nan,nan,nan,nan,nan,nan
3283,nan,nan,nan,nan,nan,nan,nan
3284,nan,nan,nan,nan,nan,nan,nan
3285,nan,nan,nan,nan,nan,nan,nan
3286,nan,nan,nan,nan,nan,nan,nan
3287,nan,nan,nan,nan,nan,nan,nan
3288,nan,nan,nan,nan,nan,nan,nan
3289,nan,nan,nan,nan,nan,nan,nan
3290,nan,nan,nan,nan,nan,nan,nan
3291,nan,nan,nan,nan,nan,nan,nan
3292,nan,nan,nan,nan,nan,nan,nan
3293,nan,nan,nan,nan,nan,nan,nan
3294,nan,nan,nan,nan,nan,nan,nan
3295,0.10103010386228561,1227.795654296875,241.23776245117188,1304.31103515625,321.1324157714844,1266.0533447265625,281.1850891113281
3296,nan,nan,nan,nan,nan,nan,nan
3297,nan,nan,nan,nan,nan,nan,nan
3298,nan,nan,nan,nan,nan,nan,nan
3299,nan,nan,nan,nan,nan,nan,nan
3300,0.37051984667778015,1227.47314453125,242.78033447265625,1303.7655029296875,322.0474853515625,1265.6193237304688,282.4139099121094
3301,0.8046311736106873,1227.0048828125,246.72152709960938,1299.859130859375,322.7712707519531,1263.4320068359375,284.74639892578125
3302,0.7941973805427551,1218.7913818359375,239.69540405273438,1298.2408447265625,322.53717041015625,1258.51611328125,281.1162872314453
3303,0.756523072719574,1220.2261962890625,242.55857849121094,1298.279296875,324.7313232421875,1259.2527465820312,283.6449508666992
3304,0.7816921472549438,1220.2659912109375,244.82809448242188,1298.1663818359375,325.22833251953125,1259.2161865234375,285.02821350097656
3305,0.7696573138237,1219.58740234375,245.50820922851562,1297.94873046875,325.273193359375,1258.76806640625,285.3907012939453
3306,0.7760722041130066,1219.609130859375,245.12155151367188,1298.086669921875,325.3448181152344,1258.847900390625,285.2331848144531
3307,0.7909080982208252,1221.97021484375,249.00778198242188,1297.55859375,325.2296142578125,1259.764404296875,287.1186981201172
3308,0.7816199064254761,1220.165771484375,245.81039428710938,1297.7724609375,325.23028564453125,1258.9691162109375,285.5203399658203
3309,0.7803815007209778,1220.26513671875,246.1516571044922,1297.933837890625,325.2175598144531,1259.0994873046875,285.68460845947266
3310,0.7991101741790771,1220.3758544921875,246.8211669921875,1297.7593994140625,325.34906005859375,1259.067626953125,286.0851135253906
3311,0.7884359359741211,1221.33251953125,248.2818145751953,1297.49169921875,325.33428955078125,1259.412109375,286.8080520629883
3312,0.793598473072052,1220.927978515625,246.37393188476562,1297.576416015625,325.6217346191406,1259.252197265625,285.9978332519531
3313,0.7701568603515625,1220.404052734375,245.7118377685547,1297.446044921875,325.39019775390625,1258.925048828125,285.55101776123047
3314,0.7664496898651123,1219.5509033203125,244.64886474609375,1297.5194091796875,325.39453125,1258.53515625,285.0216979980469
3315,0.7789746522903442,1220.477783203125,245.68621826171875,1297.5362548828125,325.287353515625,1259.0070190429688,285.4867858886719
3316,0.7633499503135681,1220.92724609375,245.8772735595703,1297.695556640625,325.85406494140625,1259.3114013671875,285.8656692504883
3317,0.7534099221229553,1220.795166015625,246.1621856689453,1297.513671875,325.83148193359375,1259.1544189453125,285.99683380126953
3318,0.7570633888244629,1220.3760986328125,245.14108276367188,1297.79248046875,325.9327087402344,1259.0842895507812,285.5368957519531
3319,0.7695581912994385,1219.6234130859375,244.27537536621094,1297.79736328125,325.700439453125,1258.7103881835938,284.98790740966797
3320,0.7256125807762146,1219.2879638671875,244.55465698242188,1297.49560546875,325.98687744140625,1258.3917846679688,285.27076721191406
3321,0.7624209523200989,1218.896484375,243.14620971679688,1297.600341796875,325.91162109375,1258.2484130859375,284.52891540527344
3322,0.7607823610305786,1219.962890625,244.9632568359375,1297.4776611328125,325.9948425292969,1258.7202758789062,285.4790496826172
3323,0.795455813407898,1220.82666015625,246.55978393554688,1297.5166015625,325.554443359375,1259.171630859375,286.05711364746094
3324,0.7491202354431152,1220.3828125,245.4158935546875,1297.507568359375,325.99456787109375,1258.9451904296875,285.7052307128906
3325,0.7814694046974182,1220.5518798828125,245.17098999023438,1297.4837646484375,326.0792541503906,1259.017822265625,285.6251220703125
3326,0.756725013256073,1220.395751953125,244.83880615234375,1297.3868408203125,325.9403991699219,1258.8912963867188,285.3896026611328
3327,0.7418771386146545,1219.8831787109375,243.9272003173828,1297.375732421875,326.0001525878906,1258.6294555664062,284.9636764526367
3328,0.7550603747367859,1219.0360107421875,243.00050354003906,1297.2864990234375,326.0228271484375,1258.1612548828125,284.5116653442383
3329,0.7522675395011902,1218.36279296875,245.85704040527344,1296.912353515625,326.52099609375,1257.6375732421875,286.1890182495117
3330,0.7477821707725525,1219.08056640625,243.4449920654297,1297.366943359375,326.00543212890625,1258.2237548828125,284.72521209716797
3331,0.7500242590904236,1220.048095703125,245.69482421875,1297.2076416015625,325.8040771484375,1258.6278686523438,285.74945068359375
3332,0.7150475978851318,1218.132080078125,242.6513671875,1297.3048095703125,325.9073181152344,1257.7184448242188,284.2793426513672
3333,0.7238786220550537,1216.2044677734375,241.64959716796875,1297.0250244140625,326.27581787109375,1256.61474609375,283.96270751953125
3334,0.7323043346405029,1217.9183349609375,241.29917907714844,1297.3934326171875,326.3154602050781,1257.6558837890625,283.8073196411133
3335,0.7154251337051392,1219.306884765625,245.22056579589844,1297.236572265625,325.50177001953125,1258.271728515625,285.36116790771484
3336,0.7168479561805725,1217.1943359375,243.70692443847656,1296.8529052734375,326.0420837402344,1257.0236206054688,284.87450408935547
3337,0.7148252129554749,1217.866455078125,245.05874633789062,1296.84619140625,325.9582214355469,1257.3563232421875,285.50848388671875
3338,0.7294539213180542,1217.6239013671875,244.78213500976562,1296.8349609375,326.04443359375,1257.2294311523438,285.4132843017578
3339,0.7317618727684021,1217.841552734375,244.61769104003906,1296.782470703125,326.116455078125,1257.31201171875,285.36707305908203
3340,0.7289043664932251,1217.67822265625,244.2227783203125,1296.810546875,326.08575439453125,1257.244384765625,285.1542663574219
3341,0.7237069010734558,1217.041748046875,243.4207305908203,1296.83935546875,326.18194580078125,1256.9405517578125,284.8013381958008
3342,0.7227433919906616,1216.88134765625,243.03721618652344,1296.819580078125,326.25323486328125,1256.8504638671875,284.64522552490234
3343,0.7440047860145569,1216.877685546875,243.31866455078125,1296.792724609375,326.1436767578125,1256.835205078125,284.7311706542969
3344,0.7278896570205688,1214.32958984375,239.40065002441406,1296.957763671875,326.2301330566406,1255.6436767578125,282.81539154052734
3345,0.7188307642936707,1215.1220703125,240.6053009033203,1296.864013671875,326.3125,1255.9930419921875,283.45890045166016
3346,0.7249851226806641,1214.9560546875,240.66165161132812,1296.8836669921875,326.2700500488281,1255.9198608398438,283.4658508300781
3347,0.7196499705314636,1216.446044921875,241.69070434570312,1296.852783203125,326.3762512207031,1256.6494140625,284.0334777832031
3348,0.6231305003166199,1216.56689453125,237.26564025878906,1295.529541015625,320.129638671875,1256.0482177734375,278.69763946533203
3349,0.5911814570426941,1216.3970947265625,249.35939025878906,1287.721435546875,321.16571044921875,1252.0592651367188,285.2625503540039
3350,nan,nan,nan,nan,nan,nan,nan
3351,0.7724246978759766,1194.50048828125,257.4979553222656,1262.98583984375,325.619140625,1228.7431640625,291.5585479736328
3352,0.5439578890800476,1180.36181640625,252.11558532714844,1252.6123046875,329.8057861328125,1216.487060546875,290.96068572998047
3353,0.5674191117286682,1178.2122802734375,256.824951171875,1252.653076171875,335.9840393066406,1215.4326782226562,296.4044952392578
3354,0.5071864128112793,1179.14599609375,255.78868103027344,1253.467041015625,335.3494873046875,1216.3065185546875,295.56908416748047
3355,0.6516865491867065,1180.4224853515625,254.87008666992188,1253.2684326171875,333.2549743652344,1216.845458984375,294.0625305175781
3356,0.6388880610466003,1179.9635009765625,254.6522216796875,1253.219970703125,332.7265930175781,1216.5917358398438,293.6894073486328
3357,0.6076922416687012,1180.923095703125,256.25372314453125,1253.119384765625,332.0962829589844,1217.021240234375,294.1750030517578
3358,0.5838750004768372,1180.92236328125,255.2424774169922,1253.33544921875,332.68499755859375,1217.12890625,293.96373748779297
3359,0.6554708480834961,1179.9940185546875,254.5228271484375,1250.7159423828125,331.67132568359375,1215.35498046875,293.0970764160156
3360,0.3483952581882477,1165.614501953125,256.5804748535156,1245.818115234375,331.7802429199219,1205.71630859375,294.18035888671875
3361,0.48352691531181335,1158.75048828125,253.455322265625,1239.247314453125,340.8710632324219,1198.9989013671875,297.16319274902344
3362,0.1219509094953537,1160.802001953125,256.8885498046875,1234.391845703125,333.04925537109375,1197.596923828125,294.9689025878906
3363,0.11636883020401001,1128.45068359375,265.2315368652344,1217.989501953125,337.2823181152344,1173.2200927734375,301.2569274902344
3364,0.17055843770503998,1130.0416259765625,283.04925537109375,1203.834228515625,356.53057861328125,1166.9379272460938,319.7899169921875
3365,0.4833671748638153,1100.7147216796875,302.5851745605469,1186.506591796875,385.5399169921875,1143.6106567382812,344.0625457763672
3366,0.7677146792411804,1063.7734375,334.74359130859375,1155.681396484375,422.2748107910156,1109.7274169921875,378.5092010498047
3367,0.7276211977005005,1028.2855224609375,368.16387939453125,1136.8524169921875,455.614990234375,1082.5689697265625,411.8894348144531
3368,0.8292356729507446,987.7941284179688,378.88970947265625,1090.435302734375,469.373291015625,1039.1147155761719,424.1315002441406
3369,0.861973762512207,942.7655639648438,385.96160888671875,1054.6431884765625,468.40228271484375,998.7043762207031,427.18194580078125
3370,0.7730293273925781,912.4359741210938,384.7112731933594,1009.1713256835938,467.3989562988281,960.8036499023438,426.05511474609375
3371,0.7906675338745117,881.50927734375,364.88494873046875,971.2371826171875,446.5073547363281,926.3732299804688,405.69615173339844
3372,0.8551430702209473,838.1720581054688,360.3924560546875,932.3256225585938,440.9083557128906,885.2488403320312,400.65040588378906
3373,0.85493004322052,796.612060546875,335.2562561035156,899.1632080078125,424.00689697265625,847.8876342773438,379.63157653808594
3374,0.8477681279182434,753.72705078125,306.72210693359375,843.4180908203125,381.95550537109375,798.5725708007812,344.33880615234375
3375,0.7199192643165588,713.2901611328125,271.177490234375,823.95361328125,381.3604736328125,768.6218872070312,326.26898193359375
3376,0.8223574757575989,662.3545532226562,244.26544189453125,760.509521484375,328.1100769042969,711.4320373535156,286.18775939941406
3377,0.733100414276123,609.0722045898438,231.076171875,716.676513671875,312.6976318359375,662.8743591308594,271.88690185546875
3378,0.22514046728610992,561.861572265625,218.8824920654297,654.517333984375,294.91796875,608.189453125,256.90023040771484
3379,0.7417441606521606,511.7024230957031,203.9080352783203,615.7568359375,294.296142578125,563.7296295166016,249.10208892822266
3380,0.28085842728614807,467.96356201171875,199.71243286132812,568.4417724609375,279.3370361328125,518.2026672363281,239.5247344970703
3381,nan,nan,nan,nan,nan,nan,nan
3382,nan,nan,nan,nan,nan,nan,nan
3383,nan,nan,nan,nan,nan,nan,nan
3384,nan,nan,nan,nan,nan,nan,nan
3385,nan,nan,nan,nan,nan,nan,nan
3386,nan,nan,nan,nan,nan,nan,nan
3387,nan,nan,nan,nan,nan,nan,nan
3388,nan,nan,nan,nan,nan,nan,nan
3389,nan,nan,nan,nan,nan,nan,nan
3390,nan,nan,nan,nan,nan,nan,nan
3391,nan,nan,nan,nan,nan,nan,nan
3392,nan,nan,nan,nan,nan,nan,nan
3393,0.15913137793540955,258.58416748046875,147.60751342773438,344.11700439453125,214.99827575683594,301.3505859375,181.30289459228516
3394,nan,nan,nan,nan,nan,nan,nan
3395,nan,nan,nan,nan,nan,nan,nan
3396,nan,nan,nan,nan,nan,nan,nan
3397,nan,nan,nan,nan,nan,nan,nan
3398,nan,nan,nan,nan,nan,nan,nan
3399,nan,nan,nan,nan,nan,nan,nan
3400,nan,nan,nan,nan,nan,nan,nan
3401,nan,nan,nan,nan,nan,nan,nan
3402,nan,nan,nan,nan,nan,nan,nan
3403,nan,nan,nan,nan,nan,nan,nan
3404,nan,nan,nan,nan,nan,nan,nan
3405,nan,nan,nan,nan,nan,nan,nan
3406,nan,nan,nan,nan,nan,nan,nan
3407,nan,nan,nan,nan,nan,nan,nan
3408,nan,nan,nan,nan,nan,nan,nan
3409,nan,nan,nan,nan,nan,nan,nan
3410,nan,nan,nan,nan,nan,nan,nan
3411,nan,nan,nan,nan,nan,nan,nan
3412,nan,nan,nan,nan,nan,nan,nan
3413,nan,nan,nan,nan,nan,nan,nan
3414,nan,nan,nan,nan,nan,nan,nan
3415,nan,nan,nan,nan,nan,nan,nan
3416,nan,nan,nan,nan,nan,nan,nan
3417,nan,nan,nan,nan,nan,nan,nan
3418,0.16294103860855103,267.2134704589844,209.8135986328125,328.34136962890625,266.6216125488281,297.7774200439453,238.2176055908203
3419,nan,nan,nan,nan,nan,nan,nan
3420,nan,nan,nan,nan,nan,nan,nan
3421,nan,nan,nan,nan,nan,nan,nan
3422,0.15971803665161133,269.6643981933594,209.35940551757812,328.505615234375,266.0537109375,299.0850067138672,237.70655822753906
3423,nan,nan,nan,nan,nan,nan,nan
3424,nan,nan,nan,nan,nan,nan,nan
3425,nan,nan,nan,nan,nan,nan,nan
3426,nan,nan,nan,nan,nan,nan,nan
3427,nan,nan,nan,nan,nan,nan,nan
3428,nan,nan,nan,nan,nan,nan,nan
3429,nan,nan,nan,nan,nan,nan,nan
3430,nan,nan,nan,nan,nan,nan,nan
3431,nan,nan,nan,nan,nan,nan,nan
3432,nan,nan,nan,nan,nan,nan,nan
3433,nan,nan,nan,nan,nan,nan,nan
3434,nan,nan,nan,nan,nan,nan,nan
3435,nan,nan,nan,nan,nan,nan,nan
3436,nan,nan,nan,nan,nan,nan,nan
3437,nan,nan,nan,nan,nan,nan,nan
3438,nan,nan,nan,nan,nan,nan,nan
3439,nan,nan,nan,nan,nan,nan,nan
3440,nan,nan,nan,nan,nan,nan,nan
3441,nan,nan,nan,nan,nan,nan,nan
3442,nan,nan,nan,nan,nan,nan,nan
3443,nan,nan,nan,nan,nan,nan,nan
3444,nan,nan,nan,nan,nan,nan,nan
3445,nan,nan,nan,nan,nan,nan,nan
3446,nan,nan,nan,nan,nan,nan,nan
3447,nan,nan,nan,nan,nan,nan,nan
3448,nan,nan,nan,nan,nan,nan,nan
3449,nan,nan,nan,nan,nan,nan,nan
3450,nan,nan,nan,nan,nan,nan,nan
3451,nan,nan,nan,nan,nan,nan,nan
3452,nan,nan,nan,nan,nan,nan,nan
3453,nan,nan,nan,nan,nan,nan,nan
3454,nan,nan,nan,nan,nan,nan,nan
3455,nan,nan,nan,nan,nan,nan,nan
3456,nan,nan,nan,nan,nan,nan,nan
3457,nan,nan,nan,nan,nan,nan,nan
3458,nan,nan,nan,nan,nan,nan,nan
3459,nan,nan,nan,nan,nan,nan,nan
3460,nan,nan,nan,nan,nan,nan,nan
3461,nan,nan,nan,nan,nan,nan,nan
3462,nan,nan,nan,nan,nan,nan,nan
3463,nan,nan,nan,nan,nan,nan,nan
3464,nan,nan,nan,nan,nan,nan,nan
3465,nan,nan,nan,nan,nan,nan,nan
3466,nan,nan,nan,nan,nan,nan,nan
3467,nan,nan,nan,nan,nan,nan,nan
3468,nan,nan,nan,nan,nan,nan,nan
3469,nan,nan,nan,nan,nan,nan,nan
3470,nan,nan,nan,nan,nan,nan,nan
3471,nan,nan,nan,nan,nan,nan,nan
3472,nan,nan,nan,nan,nan,nan,nan
3473,nan,nan,nan,nan,nan,nan,nan
3474,nan,nan,nan,nan,nan,nan,nan
3475,nan,nan,nan,nan,nan,nan,nan
3476,nan,nan,nan,nan,nan,nan,nan
3477,nan,nan,nan,nan,nan,nan,nan
3478,nan,nan,nan,nan,nan,nan,nan
3479,nan,nan,nan,nan,nan,nan,nan
3480,nan,nan,nan,nan,nan,nan,nan
3481,nan,nan,nan,nan,nan,nan,nan
3482,nan,nan,nan,nan,nan,nan,nan
3483,nan,nan,nan,nan,nan,nan,nan
3484,nan,nan,nan,nan,nan,nan,nan
3485,nan,nan,nan,nan,nan,nan,nan
3486,nan,nan,nan,nan,nan,nan,nan
3487,nan,nan,nan,nan,nan,nan,nan
3488,nan,nan,nan,nan,nan,nan,nan
3489,nan,nan,nan,nan,nan,nan,nan
3490,nan,nan,nan,nan,nan,nan,nan
3491,nan,nan,nan,nan,nan,nan,nan
3492,nan,nan,nan,nan,nan,nan,nan
3493,nan,nan,nan,nan,nan,nan,nan
3494,nan,nan,nan,nan,nan,nan,nan
3495,nan,nan,nan,nan,nan,nan,nan
3496,nan,nan,nan,nan,nan,nan,nan
3497,nan,nan,nan,nan,nan,nan,nan
3498,nan,nan,nan,nan,nan,nan,nan
3499,nan,nan,nan,nan,nan,nan,nan
3500,nan,nan,nan,nan,nan,nan,nan
3501,nan,nan,nan,nan,nan,nan,nan
3502,nan,nan,nan,nan,nan,nan,nan
3503,nan,nan,nan,nan,nan,nan,nan
3504,nan,nan,nan,nan,nan,nan,nan
3505,nan,nan,nan,nan,nan,nan,nan
3506,nan,nan,nan,nan,nan,nan,nan
3507,nan,nan,nan,nan,nan,nan,nan
3508,nan,nan,nan,nan,nan,nan,nan
3509,nan,nan,nan,nan,nan,nan,nan
3510,nan,nan,nan,nan,nan,nan,nan
3511,nan,nan,nan,nan,nan,nan,nan
3512,nan,nan,nan,nan,nan,nan,nan
3513,nan,nan,nan,nan,nan,nan,nan
3514,nan,nan,nan,nan,nan,nan,nan
3515,nan,nan,nan,nan,nan,nan,nan
3516,nan,nan,nan,nan,nan,nan,nan
3517,nan,nan,nan,nan,nan,nan,nan
3518,nan,nan,nan,nan,nan,nan,nan
3519,nan,nan,nan,nan,nan,nan,nan
3520,nan,nan,nan,nan,nan,nan,nan
3521,nan,nan,nan,nan,nan,nan,nan
3522,nan,nan,nan,nan,nan,nan,nan
3523,nan,nan,nan,nan,nan,nan,nan
3524,nan,nan,nan,nan,nan,nan,nan
3525,nan,nan,nan,nan,nan,nan,nan
3526,nan,nan,nan,nan,nan,nan,nan
3527,nan,nan,nan,nan,nan,nan,nan
3528,nan,nan,nan,nan,nan,nan,nan
3529,nan,nan,nan,nan,nan,nan,nan
3530,nan,nan,nan,nan,nan,nan,nan
3531,nan,nan,nan,nan,nan,nan,nan
3532,nan,nan,nan,nan,nan,nan,nan
3533,nan,nan,nan,nan,nan,nan,nan
3534,nan,nan,nan,nan,nan,nan,nan
3535,nan,nan,nan,nan,nan,nan,nan
3536,nan,nan,nan,nan,nan,nan,nan
3537,nan,nan,nan,nan,nan,nan,nan
3538,nan,nan,nan,nan,nan,nan,nan
3539,nan,nan,nan,nan,nan,nan,nan
3540,nan,nan,nan,nan,nan,nan,nan
3541,nan,nan,nan,nan,nan,nan,nan
3542,nan,nan,nan,nan,nan,nan,nan
3543,nan,nan,nan,nan,nan,nan,nan
3544,nan,nan,nan,nan,nan,nan,nan
3545,nan,nan,nan,nan,nan,nan,nan
3546,nan,nan,nan,nan,nan,nan,nan
3547,nan,nan,nan,nan,nan,nan,nan
3548,nan,nan,nan,nan,nan,nan,nan
3549,nan,nan,nan,nan,nan,nan,nan
3550,nan,nan,nan,nan,nan,nan,nan
3551,nan,nan,nan,nan,nan,nan,nan
3552,nan,nan,nan,nan,nan,nan,nan
3553,nan,nan,nan,nan,nan,nan,nan
3554,nan,nan,nan,nan,nan,nan,nan
3555,nan,nan,nan,nan,nan,nan,nan
3556,nan,nan,nan,nan,nan,nan,nan
3557,nan,nan,nan,nan,nan,nan,nan
3558,nan,nan,nan,nan,nan,nan,nan
3559,nan,nan,nan,nan,nan,nan,nan
3560,nan,nan,nan,nan,nan,nan,nan
3561,nan,nan,nan,nan,nan,nan,nan
3562,nan,nan,nan,nan,nan,nan,nan
3563,nan,nan,nan,nan,nan,nan,nan
3564,nan,nan,nan,nan,nan,nan,nan
3565,nan,nan,nan,nan,nan,nan,nan
3566,nan,nan,nan,nan,nan,nan,nan
3567,nan,nan,nan,nan,nan,nan,nan
3568,nan,nan,nan,nan,nan,nan,nan
3569,nan,nan,nan,nan,nan,nan,nan
3570,nan,nan,nan,nan,nan,nan,nan
3571,nan,nan,nan,nan,nan,nan,nan
3572,nan,nan,nan,nan,nan,nan,nan
3573,nan,nan,nan,nan,nan,nan,nan
3574,nan,nan,nan,nan,nan,nan,nan
3575,nan,nan,nan,nan,nan,nan,nan
3576,nan,nan,nan,nan,nan,nan,nan
3577,nan,nan,nan,nan,nan,nan,nan
3578,nan,nan,nan,nan,nan,nan,nan
3579,nan,nan,nan,nan,nan,nan,nan
3580,nan,nan,nan,nan,nan,nan,nan
3581,nan,nan,nan,nan,nan,nan,nan
3582,nan,nan,nan,nan,nan,nan,nan
3583,nan,nan,nan,nan,nan,nan,nan
3584,nan,nan,nan,nan,nan,nan,nan
3585,nan,nan,nan,nan,nan,nan,nan
3586,nan,nan,nan,nan,nan,nan,nan
3587,nan,nan,nan,nan,nan,nan,nan
3588,nan,nan,nan,nan,nan,nan,nan
3589,nan,nan,nan,nan,nan,nan,nan
3590,nan,nan,nan,nan,nan,nan,nan
3591,nan,nan,nan,nan,nan,nan,nan
3592,nan,nan,nan,nan,nan,nan,nan
3593,nan,nan,nan,nan,nan,nan,nan
3594,nan,nan,nan,nan,nan,nan,nan
3595,nan,nan,nan,nan,nan,nan,nan
3596,0.1111740916967392,493.24420166015625,165.58154296875,551.2159423828125,207.81825256347656,522.2300720214844,186.69989776611328
3597,nan,nan,nan,nan,nan,nan,nan
3598,0.10396533459424973,493.2278137207031,165.37167358398438,551.3348388671875,207.70364379882812,522.2813262939453,186.53765869140625
3599,0.11617019772529602,493.27398681640625,165.25015258789062,551.2343139648438,207.68942260742188,522.254150390625,186.46978759765625
3600,0.12254965305328369,493.554931640625,165.3799591064453,551.3277587890625,207.7730712890625,522.4413452148438,186.5765151977539
3601,0.1625392585992813,493.510986328125,165.01495361328125,551.2342529296875,207.82199096679688,522.3726196289062,186.41847229003906
3602,0.11990269273519516,493.41668701171875,165.2958221435547,551.344482421875,207.75082397460938,522.3805847167969,186.52332305908203
3603,0.12258549779653549,493.3248596191406,165.3219451904297,551.254638671875,207.69712829589844,522.2897491455078,186.50953674316406
3604,0.1308034211397171,493.4365539550781,165.36660766601562,551.169921875,207.70730590820312,522.3032379150391,186.53695678710938
3605,0.1123795434832573,493.3214111328125,165.46884155273438,551.1046752929688,207.56240844726562,522.2130432128906,186.515625
3606,nan,nan,nan,nan,nan,nan,nan
3607,0.10999290645122528,493.0027770996094,165.20285034179688,551.4124755859375,207.54689025878906,522.2076263427734,186.37487030029297
3608,0.10047611594200134,492.9132385253906,165.09556579589844,551.4903564453125,207.5859375,522.2017974853516,186.34075164794922
3609,nan,nan,nan,nan,nan,nan,nan
3610,nan,nan,nan,nan,nan,nan,nan
3611,nan,nan,nan,nan,nan,nan,nan
3612,nan,nan,nan,nan,nan,nan,nan
3613,nan,nan,nan,nan,nan,nan,nan
3614,nan,nan,nan,nan,nan,nan,nan
3615,0.12458359450101852,493.306640625,165.04298400878906,551.3556518554688,207.56094360351562,522.3311462402344,186.30196380615234
3616,0.11848495900630951,493.190185546875,165.01309204101562,551.3995971679688,207.42636108398438,522.2948913574219,186.2197265625
3617,0.16127024590969086,493.24053955078125,164.98800659179688,551.4140625,207.33009338378906,522.3273010253906,186.15904998779297
3618,0.12875892221927643,493.2814636230469,164.9549560546875,551.435791015625,207.34181213378906,522.3586273193359,186.14838409423828
3619,0.11273840069770813,493.1568603515625,164.9237518310547,551.45166015625,207.50143432617188,522.3042602539062,186.21259307861328
3620,0.1305304318666458,493.3072814941406,164.85794067382812,551.4835205078125,207.4211883544922,522.3954010009766,186.13956451416016
3621,0.12376149743795395,493.13763427734375,164.67076110839844,551.4721069335938,207.49932861328125,522.3048706054688,186.08504486083984
3622,0.10886146873235703,493.0596923828125,164.7608184814453,551.4788208007812,207.4394073486328,522.2692565917969,186.10011291503906
3623,0.10971853882074356,492.9420166015625,164.83343505859375,551.5142822265625,207.4373016357422,522.2281494140625,186.13536834716797
3624,0.10708583891391754,492.9670715332031,164.7718505859375,551.54052734375,207.39743041992188,522.2537994384766,186.0846405029297
3625,0.13817591965198517,493.10711669921875,164.9070281982422,551.3565063476562,207.52354431152344,522.2318115234375,186.2152862548828
3626,nan,nan,nan,nan,nan,nan,nan
3627,0.1239832416176796,493.2794189453125,165.08056640625,551.30322265625,207.40548706054688,522.2913208007812,186.24302673339844
3628,nan,nan,nan,nan,nan,nan,nan
3629,0.15913137793540955,493.52947998046875,165.12852478027344,551.228759765625,207.48779296875,522.3791198730469,186.30815887451172
3630,0.11403993517160416,493.35052490234375,165.03785705566406,551.252685546875,207.55723571777344,522.3016052246094,186.29754638671875
3631,0.13893167674541473,493.5147399902344,165.0469970703125,551.23046875,207.61874389648438,522.3726043701172,186.33287048339844
3632,0.10219085961580276,493.078125,165.19773864746094,551.2512817382812,207.48651123046875,522.1647033691406,186.34212493896484
3633,0.10391688346862793,493.067138671875,165.04307556152344,551.1553344726562,207.60516357421875,522.1112365722656,186.3241195678711
3634,0.10903450101613998,493.11260986328125,164.8864288330078,551.1697387695312,207.55545043945312,522.1411743164062,186.22093963623047
3635,0.10255871713161469,493.1536560058594,164.74427795410156,551.2757568359375,207.65899658203125,522.2147064208984,186.2016372680664
3636,nan,nan,nan,nan,nan,nan,nan
3637,0.12996071577072144,493.3937072753906,164.92478942871094,551.25634765625,207.7261505126953,522.3250274658203,186.32546997070312
3638,nan,nan,nan,nan,nan,nan,nan
3639,nan,nan,nan,nan,nan,nan,nan
3640,0.11514288932085037,492.9595947265625,165.26095581054688,551.01025390625,207.656005859375,521.9849243164062,186.45848083496094
3641,0.12462004274129868,493.0256652832031,165.30148315429688,550.7972412109375,207.67222595214844,521.9114532470703,186.48685455322266
3642,0.1333509385585785,493.19091796875,165.02622985839844,550.9129028320312,207.86228942871094,522.0519104003906,186.4442596435547
3643,0.12094307690858841,492.9803466796875,164.85089111328125,551.0414428710938,207.8531494140625,522.0108947753906,186.35202026367188
3644,0.11271794140338898,493.0776672363281,165.1493682861328,550.931884765625,207.74757385253906,522.0047760009766,186.44847106933594
3645,0.19115641713142395,493.19873046875,164.83709716796875,551.0441284179688,207.75344848632812,522.1214294433594,186.29527282714844
3646,0.16518817842006683,493.2978515625,164.73390197753906,550.9088745117188,207.88169860839844,522.1033630371094,186.30780029296875
3647,0.17774765193462372,493.0454406738281,164.79965209960938,550.9093017578125,207.88031005859375,521.9773712158203,186.33998107910156
3648,0.1484411507844925,493.0952453613281,164.66302490234375,550.9105224609375,207.96307373046875,522.0028839111328,186.31304931640625
3649,0.16745100915431976,492.8995056152344,164.5747528076172,551.0747680664062,207.93017578125,521.9871368408203,186.2524642944336
3650,0.10315722972154617,492.9264221191406,164.70632934570312,551.1373291015625,207.62075805664062,522.0318756103516,186.16354370117188
3651,0.13794197142124176,493.16986083984375,164.791259765625,550.8587036132812,208.05935668945312,522.0142822265625,186.42530822753906
3652,0.1356220543384552,492.5704650878906,164.1103057861328,551.0054931640625,208.15521240234375,521.7879791259766,186.13275909423828
3653,0.10339055955410004,492.1334228515625,162.89698791503906,551.0858764648438,208.0931854248047,521.6096496582031,185.49508666992188
3654,nan,nan,nan,nan,nan,nan,nan
3655,nan,nan,nan,nan,nan,nan,nan
3656,0.1118851974606514,492.63482666015625,163.48724365234375,550.7801513671875,208.45913696289062,521.7074890136719,185.9731903076172
3657,0.16220395267009735,492.8339538574219,163.42404174804688,550.9600830078125,208.46836853027344,521.8970184326172,185.94620513916016
3658,0.14395670592784882,492.9110412597656,163.58090209960938,550.9593505859375,208.10617065429688,521.9351959228516,185.84353637695312
3659,0.12596873939037323,493.0785827636719,163.36399841308594,551.0367431640625,207.9052276611328,522.0576629638672,185.63461303710938
3660,0.11306372284889221,493.05010986328125,163.31085205078125,551.0143432617188,207.7675323486328,522.0322265625,185.53919219970703
3661,0.14127233624458313,492.9483947753906,163.21975708007812,551.0421142578125,207.78744506835938,521.9952545166016,185.50360107421875
3662,0.12480466812849045,493.1695556640625,163.1741180419922,550.8765869140625,207.71383666992188,522.0230712890625,185.44397735595703
3663,0.13538594543933868,493.26434326171875,163.06668090820312,550.6666259765625,207.99220275878906,521.9654846191406,185.5294418334961
3664,0.1706295609474182,493.2762451171875,163.21966552734375,550.8365478515625,207.78515625,522.056396484375,185.50241088867188
3665,0.18887454271316528,493.5173034667969,163.2198486328125,550.7972412109375,208.0671844482422,522.1572723388672,185.64351654052734
3666,0.2335815280675888,493.56097412109375,163.13455200195312,550.9097900390625,208.17715454101562,522.2353820800781,185.65585327148438
3667,0.2104070633649826,493.59747314453125,163.01217651367188,551.0730590820312,208.01809692382812,522.3352661132812,185.51513671875
3668,0.2069641649723053,493.63824462890625,162.95545959472656,551.0115966796875,208.10824584960938,522.3249206542969,185.53185272216797
3669,0.2121564894914627,493.23870849609375,163.10348510742188,550.9273681640625,208.0707550048828,522.0830383300781,185.58712005615234
3670,0.16278137266635895,492.8473205566406,163.0898895263672,550.967041015625,208.1809844970703,521.9071807861328,185.63543701171875
3671,0.10803460329771042,492.456787109375,163.18408203125,551.035888671875,208.29698181152344,521.746337890625,185.74053192138672
3672,0.12462057918310165,492.7676696777344,163.33859252929688,550.896728515625,208.44131469726562,521.8321990966797,185.88995361328125
3673,0.180226668715477,492.6021728515625,163.2808380126953,550.8201904296875,208.37319946289062,521.711181640625,185.82701873779297
3674,0.11382889002561569,492.38214111328125,163.96856689453125,551.1092529296875,209.0694580078125,521.7456970214844,186.51901245117188
3675,nan,nan,nan,nan,nan,nan,nan
3676,nan,nan,nan,nan,nan,nan,nan
3677,nan,nan,nan,nan,nan,nan,nan
3678,0.12894584238529205,491.5780334472656,164.7465362548828,550.9224853515625,209.70602416992188,521.2502593994141,187.22628021240234
3679,0.12232577055692673,491.3952941894531,164.99795532226562,550.9403076171875,209.69708251953125,521.1678009033203,187.34751892089844
3680,0.15137061476707458,491.4169921875,165.08819580078125,550.9742431640625,209.81118774414062,521.1956176757812,187.44969177246094
3681,0.14127621054649353,491.1044921875,165.1202850341797,551.04150390625,210.09823608398438,521.072998046875,187.60926055908203
3682,0.1668262630701065,491.2130126953125,164.75454711914062,551.0582885742188,209.865966796875,521.1356506347656,187.3102569580078
3683,0.14665384590625763,491.1058044433594,164.88803100585938,551.0108642578125,209.92941284179688,521.0583343505859,187.40872192382812
3684,0.10725114494562149,490.89508056640625,164.65353393554688,551.037841796875,209.93533325195312,520.9664611816406,187.29443359375
3685,0.224101722240448,491.2344970703125,164.5859375,550.8816528320312,209.9149169921875,521.0580749511719,187.25042724609375
3686,0.1398247480392456,491.0812683105469,164.66763305664062,550.8392333984375,210.22900390625,520.9602508544922,187.4483184814453
3687,0.15204909443855286,490.89678955078125,164.77337646484375,550.8515625,210.1977996826172,520.8741760253906,187.48558807373047
3688,0.15537497401237488,491.19000244140625,165.0878448486328,550.6384887695312,210.28985595703125,520.9142456054688,187.68885040283203
3689,nan,nan,nan,nan,nan,nan,nan
3690,0.1268467903137207,490.3468017578125,165.2222442626953,550.7299194335938,210.56236267089844,520.5383605957031,187.89230346679688
3691,0.1350938379764557,490.21820068359375,165.27630615234375,550.6814575195312,210.6104736328125,520.4498291015625,187.94338989257812
3692,0.14116546511650085,490.108154296875,165.60470581054688,550.569580078125,210.6943359375,520.3388671875,188.14952087402344
3693,0.2460920661687851,490.05364990234375,166.24647521972656,550.5011596679688,210.71585083007812,520.2774047851562,188.48116302490234
3694,0.25554409623146057,490.2674560546875,166.613525390625,550.5298461914062,210.59454345703125,520.3986511230469,188.60403442382812
3695,0.22511154413223267,490.1419677734375,166.33514404296875,550.5823364257812,210.578369140625,520.3621520996094,188.45675659179688
3696,0.28197580575942993,490.41949462890625,166.48199462890625,550.50537109375,210.50796508789062,520.4624328613281,188.49497985839844
3697,0.23037156462669373,490.1933898925781,166.43898010253906,550.5547485351562,210.58245849609375,520.3740692138672,188.5107192993164
3698,0.17440836131572723,489.1577453613281,165.28851318359375,550.731689453125,210.86932373046875,519.9447174072266,188.07891845703125
3699,nan,nan,nan,nan,nan,nan,nan
3700,nan,nan,nan,nan,nan,nan,nan
3701,nan,nan,nan,nan,nan,nan,nan
3702,nan,nan,nan,nan,nan,nan,nan
3703,nan,nan,nan,nan,nan,nan,nan
3704,nan,nan,nan,nan,nan,nan,nan
3705,nan,nan,nan,nan,nan,nan,nan
3706,nan,nan,nan,nan,nan,nan,nan
3707,nan,nan,nan,nan,nan,nan,nan
3708,nan,nan,nan,nan,nan,nan,nan
3709,nan,nan,nan,nan,nan,nan,nan
3710,nan,nan,nan,nan,nan,nan,nan
3711,nan,nan,nan,nan,nan,nan,nan
3712,nan,nan,nan,nan,nan,nan,nan
3713,nan,nan,nan,nan,nan,nan,nan
3714,nan,nan,nan,nan,nan,nan,nan
3715,nan,nan,nan,nan,nan,nan,nan
3716,nan,nan,nan,nan,nan,nan,nan
3717,nan,nan,nan,nan,nan,nan,nan
3718,nan,nan,nan,nan,nan,nan,nan
3719,nan,nan,nan,nan,nan,nan,nan
3720,nan,nan,nan,nan,nan,nan,nan
3721,nan,nan,nan,nan,nan,nan,nan
3722,nan,nan,nan,nan,nan,nan,nan
3723,nan,nan,nan,nan,nan,nan,nan
3724,nan,nan,nan,nan,nan,nan,nan
3725,nan,nan,nan,nan,nan,nan,nan
3726,nan,nan,nan,nan,nan,nan,nan
3727,nan,nan,nan,nan,nan,nan,nan
3728,nan,nan,nan,nan,nan,nan,nan
3729,nan,nan,nan,nan,nan,nan,nan
3730,nan,nan,nan,nan,nan,nan,nan
3731,nan,nan,nan,nan,nan,nan,nan
3732,nan,nan,nan,nan,nan,nan,nan
3733,nan,nan,nan,nan,nan,nan,nan
3734,nan,nan,nan,nan,nan,nan,nan
3735,nan,nan,nan,nan,nan,nan,nan
3736,nan,nan,nan,nan,nan,nan,nan
3737,nan,nan,nan,nan,nan,nan,nan
3738,nan,nan,nan,nan,nan,nan,nan
3739,nan,nan,nan,nan,nan,nan,nan
3740,nan,nan,nan,nan,nan,nan,nan
3741,nan,nan,nan,nan,nan,nan,nan
3742,nan,nan,nan,nan,nan,nan,nan
3743,nan,nan,nan,nan,nan,nan,nan
3744,nan,nan,nan,nan,nan,nan,nan
3745,nan,nan,nan,nan,nan,nan,nan
3746,nan,nan,nan,nan,nan,nan,nan
3747,nan,nan,nan,nan,nan,nan,nan
3748,nan,nan,nan,nan,nan,nan,nan
3749,nan,nan,nan,nan,nan,nan,nan
3750,nan,nan,nan,nan,nan,nan,nan
3751,nan,nan,nan,nan,nan,nan,nan
3752,nan,nan,nan,nan,nan,nan,nan
3753,nan,nan,nan,nan,nan,nan,nan
3754,nan,nan,nan,nan,nan,nan,nan
3755,nan,nan,nan,nan,nan,nan,nan
3756,nan,nan,nan,nan,nan,nan,nan
3757,nan,nan,nan,nan,nan,nan,nan
3758,nan,nan,nan,nan,nan,nan,nan
3759,nan,nan,nan,nan,nan,nan,nan
3760,nan,nan,nan,nan,nan,nan,nan
3761,nan,nan,nan,nan,nan,nan,nan
3762,nan,nan,nan,nan,nan,nan,nan
3763,nan,nan,nan,nan,nan,nan,nan
3764,nan,nan,nan,nan,nan,nan,nan
3765,nan,nan,nan,nan,nan,nan,nan
3766,nan,nan,nan,nan,nan,nan,nan
3767,nan,nan,nan,nan,nan,nan,nan
3768,nan,nan,nan,nan,nan,nan,nan
3769,nan,nan,nan,nan,nan,nan,nan
3770,nan,nan,nan,nan,nan,nan,nan
3771,nan,nan,nan,nan,nan,nan,nan
3772,nan,nan,nan,nan,nan,nan,nan
3773,nan,nan,nan,nan,nan,nan,nan
3774,nan,nan,nan,nan,nan,nan,nan
3775,nan,nan,nan,nan,nan,nan,nan
3776,nan,nan,nan,nan,nan,nan,nan
3777,nan,nan,nan,nan,nan,nan,nan
3778,0.7778761386871338,394.4290466308594,108.44373321533203,482.0477600097656,185.68630981445312,438.2384033203125,147.06502151489258
3779,0.6290739178657532,412.1790771484375,111.35952758789062,500.3837890625,187.09921264648438,456.28143310546875,149.2293701171875
3780,0.7871624231338501,420.7905578613281,117.87620544433594,508.3719177246094,189.52578735351562,464.58123779296875,153.70099639892578
3781,0.6561915278434753,443.6683044433594,117.91381072998047,532.753662109375,190.99368286132812,488.2109832763672,154.4537467956543
3782,0.6363213658332825,472.10430908203125,124.1227798461914,573.5626831054688,189.87811279296875,522.83349609375,157.00044631958008
3783,0.5778787732124329,518.17333984375,120.76071166992188,605.2702026367188,188.70172119140625,561.7217712402344,154.73121643066406
3784,0.7469643354415894,555.98388671875,127.22554779052734,651.3155517578125,202.1011505126953,603.6497192382812,164.66334915161133
3785,0.8443513512611389,589.8271484375,134.63674926757812,687.8811645507812,204.08511352539062,638.8541564941406,169.36093139648438
3786,0.8275163769721985,617.3549194335938,149.6402587890625,715.1358032226562,217.61410522460938,666.245361328125,183.62718200683594
3787,0.8441563844680786,647.6776123046875,168.52679443359375,740.8887939453125,237.92431640625,694.283203125,203.22555541992188
3788,0.8558258414268494,687.573974609375,184.38836669921875,779.8775634765625,253.70559692382812,733.7257690429688,219.04698181152344
3789,0.8459494113922119,715.525146484375,192.87747192382812,817.0712890625,265.436767578125,766.2982177734375,229.15711975097656
3790,0.8178377747535706,748.460693359375,214.99600219726562,853.11279296875,289.8079528808594,800.7867431640625,252.4019775390625
3791,0.8591974973678589,794.6559448242188,250.81146240234375,886.0215454101562,322.7395935058594,840.3387451171875,286.77552795410156
3792,0.8650596737861633,829.0213623046875,259.979248046875,919.58349609375,347.056396484375,874.3024291992188,303.517822265625
3793,0.8767498135566711,870.25390625,297.034423828125,959.5504150390625,369.861328125,914.9021606445312,333.4478759765625
3794,0.8626202344894409,895.1690673828125,317.96343994140625,994.0340576171875,390.76708984375,944.6015625,354.3652648925781
3795,0.8610318303108215,918.8043823242188,340.40545654296875,1025.5498046875,417.18682861328125,972.1770935058594,378.796142578125
3796,0.8610872030258179,955.243896484375,381.52130126953125,1047.516845703125,455.64019775390625,1001.38037109375,418.58074951171875
3797,0.8514126539230347,976.0156860351562,401.281494140625,1064.936279296875,485.5909423828125,1020.4759826660156,443.43621826171875
3798,0.8180944323539734,994.5836791992188,433.3893127441406,1088.91064453125,514.765625,1041.7471618652344,474.0774688720703
3799,0.88321852684021,1027.880615234375,457.99896240234375,1115.810546875,533.67041015625,1071.8455810546875,495.8346862792969
3800,0.849555253982544,1039.6064453125,470.1264953613281,1135.02001953125,550.1551513671875,1087.313232421875,510.1408233642578
3801,0.8638882637023926,1058.982421875,486.41949462890625,1149.030029296875,564.4852294921875,1104.0062255859375,525.4523620605469
3802,0.8669408559799194,1068.3970947265625,511.07171630859375,1159.216064453125,589.2398071289062,1113.8065795898438,550.15576171875
3803,0.8676702380180359,1086.0455322265625,528.9036254882812,1171.13427734375,604.5415649414062,1128.5899047851562,566.7225952148438
3804,0.848714292049408,1094.0423583984375,537.887451171875,1180.768798828125,614.202880859375,1137.4055786132812,576.045166015625
3805,0.840328574180603,1091.96875,537.698486328125,1193.289794921875,620.1737060546875,1142.6292724609375,578.9360961914062
3806,0.8803754448890686,1119.58251953125,543.9891967773438,1204.63916015625,623.1675415039062,1162.11083984375,583.578369140625
3807,0.8843687176704407,1132.72607421875,545.9462890625,1214.689697265625,623.6249389648438,1173.7078857421875,584.7856140136719
3808,0.8798717856407166,1141.6103515625,554.5745239257812,1221.039306640625,630.41943359375,1181.3248291015625,592.4969787597656
3809,0.8697388172149658,1146.775146484375,565.1460571289062,1229.037841796875,641.8840942382812,1187.906494140625,603.5150756835938
3810,0.8417882323265076,1147.706787109375,577.643798828125,1233.479248046875,655.2236938476562,1190.593017578125,616.4337463378906
3811,0.8168965578079224,1151.555908203125,587.6823120117188,1239.47216796875,666.8624267578125,1195.5140380859375,627.2723693847656
3812,0.8707148432731628,1161.808837890625,594.200927734375,1245.353271484375,673.7723388671875,1203.5810546875,633.9866333007812
3813,0.8727134466171265,1167.3826904296875,597.9541625976562,1248.331787109375,674.7317504882812,1207.8572387695312,636.3429565429688
3814,0.8811794519424438,1172.00390625,591.501953125,1254.3057861328125,678.1583862304688,1213.1548461914062,634.8301696777344
3815,0.838797390460968,1175.4161376953125,597.207763671875,1260.3157958984375,687.7347412109375,1217.865966796875,642.4712524414062
3816,0.8334839940071106,1181.322998046875,608.8319702148438,1266.589111328125,693.7741088867188,1223.9560546875,651.3030395507812
3817,0.8977445960044861,1191.721923828125,618.3704833984375,1270.917236328125,696.0601806640625,1231.319580078125,657.21533203125
3818,0.9185093641281128,1188.1522216796875,626.6693725585938,1265.8887939453125,702.6761474609375,1227.0205078125,664.6727600097656
3819,0.9156020879745483,1187.398681640625,628.6761474609375,1265.96923828125,703.9249877929688,1226.6839599609375,666.3005676269531
3820,0.9148094654083252,1187.40625,627.3870849609375,1266.71240234375,703.1350708007812,1227.059326171875,665.2610778808594
3821,0.9178071022033691,1187.635986328125,627.2459716796875,1266.1878662109375,703.451416015625,1226.9119262695312,665.3486938476562
3822,0.9149033427238464,1186.7076416015625,627.578369140625,1266.80224609375,703.6471557617188,1226.7549438476562,665.6127624511719
3823,0.9077157378196716,1192.1763916015625,625.1007080078125,1271.177001953125,699.7188720703125,1231.6766967773438,662.4097900390625
3824,0.9039889574050903,1191.3408203125,621.83447265625,1273.489990234375,698.1159057617188,1232.4154052734375,659.9751892089844
3825,0.8991663455963135,1192.101318359375,624.2367553710938,1273.59033203125,700.0131225585938,1232.8458251953125,662.1249389648438
3826,0.900637686252594,1192.529052734375,624.3314208984375,1273.888427734375,699.9830932617188,1233.208740234375,662.1572570800781
3827,0.9038032293319702,1194.490234375,624.857177734375,1274.2841796875,699.7432861328125,1234.38720703125,662.3002319335938
3828,0.9024762511253357,1192.8548583984375,626.1385498046875,1272.8975830078125,702.2911376953125,1232.876220703125,664.21484375
3829,0.9067738056182861,1189.488037109375,631.4368896484375,1271.281982421875,707.839111328125,1230.385009765625,669.6380004882812
3830,0.9054025411605835,1192.43310546875,634.4069213867188,1272.9737548828125,708.7110595703125,1232.7034301757812,671.5589904785156
3831,0.910036563873291,1196.04736328125,638.8844604492188,1278.9017333984375,714.1788330078125,1237.4745483398438,676.5316467285156
3832,0.9086140990257263,1197.32373046875,648.77880859375,1281.6419677734375,723.917236328125,1239.4828491210938,686.3480224609375
3833,0.9012515544891357,1200.5697021484375,663.4664916992188,1284.69775390625,737.7259521484375,1242.6337280273438,700.5962219238281
3834,0.8824999928474426,1205.206787109375,674.691162109375,1287.151611328125,750.4344482421875,1246.17919921875,712.5628051757812
3835,0.8314406275749207,1210.1875,679.07275390625,1292.66943359375,757.6192016601562,1251.428466796875,718.3459777832031
3836,0.8766216039657593,1216.557373046875,680.65283203125,1297.89208984375,759.5454711914062,1257.2247314453125,720.0991516113281
3837,0.8031662702560425,1211.97021484375,672.4118041992188,1302.073486328125,771.220458984375,1257.0218505859375,721.8161315917969
3838,0.8971611857414246,1232.263916015625,706.20361328125,1304.5850830078125,781.9176635742188,1268.4244995117188,744.0606384277344
3839,0.8973992466926575,1232.990966796875,715.674560546875,1303.65478515625,792.40087890625,1268.3228759765625,754.0377197265625
3840,0.8797687292098999,1235.2987060546875,719.1687622070312,1306.02685546875,796.390869140625,1270.6627807617188,757.7798156738281
3841,0.8806002736091614,1236.2955322265625,718.595947265625,1306.2235107421875,795.1083984375,1271.259521484375,756.8521728515625
3842,0.9021963477134705,1236.808349609375,715.7151489257812,1309.6337890625,789.8507080078125,1273.2210693359375,752.7829284667969
3843,0.9088957905769348,1239.802490234375,711.8173828125,1314.1533203125,784.6563720703125,1276.9779052734375,748.2368774414062
3844,0.9062991738319397,1240.1524658203125,711.0038452148438,1314.375732421875,784.6541748046875,1277.2640991210938,747.8290100097656
3845,0.905205488204956,1245.051513671875,712.5477294921875,1318.22412109375,784.1255493164062,1281.6378173828125,748.3366394042969
3846,0.8711640238761902,1249.2279052734375,711.7110595703125,1324.677978515625,785.0792236328125,1286.9529418945312,748.3951416015625
3847,0.8846045136451721,1259.20654296875,714.05517578125,1330.792724609375,788.0865478515625,1294.9996337890625,751.0708618164062
3848,0.8618727922439575,1246.43359375,719.968017578125,1339.008056640625,793.6187744140625,1292.7208251953125,756.7933959960938
3849,0.87049800157547,1273.46826171875,735.057373046875,1346.20556640625,798.45068359375,1309.8369140625,766.7540283203125
3850,0.7425847053527832,1286.927490234375,742.4052124023438,1353.785888671875,805.314697265625,1320.356689453125,773.8599548339844
3851,0.6499907970428467,1295.284912109375,747.45703125,1360.1494140625,811.26416015625,1327.7171630859375,779.360595703125
3852,0.22847650945186615,1171.3558349609375,652.0632934570312,1310.90869140625,780.04296875,1241.1322631835938,716.0531311035156
3853,0.23133191466331482,1290.676513671875,720.66015625,1372.725341796875,820.0995483398438,1331.700927734375,770.3798522949219
3854,0.2409723550081253,1176.86767578125,654.422607421875,1323.0743408203125,785.6087036132812,1249.9710083007812,720.0156555175781
3855,0.21835416555404663,1176.6220703125,655.066650390625,1320.5380859375,786.5993041992188,1248.580078125,720.8329772949219
3856,0.6765351891517639,1182.5379638671875,658.900390625,1324.2908935546875,787.900634765625,1253.4144287109375,723.4005126953125
3857,0.3383215367794037,1178.63330078125,661.0699462890625,1317.594482421875,787.5404052734375,1248.1138916015625,724.30517578125
3858,0.6443907618522644,1188.369140625,656.424560546875,1325.001953125,794.8134765625,1256.685546875,725.6190185546875
3859,0.47998303174972534,1182.64794921875,663.3428955078125,1313.0364990234375,791.20263671875,1247.8422241210938,727.2727661132812
3860,0.25103846192359924,1301.3851318359375,758.598388671875,1368.3116455078125,824.4471435546875,1334.848388671875,791.5227661132812
3861,0.4199847877025604,1299.214111328125,751.48486328125,1375.52587890625,819.116943359375,1337.3699951171875,785.3009033203125
3862,0.46673330664634705,1178.0386962890625,652.444580078125,1322.3243408203125,784.904541015625,1250.1815185546875,718.674560546875
3863,0.6205461621284485,1176.6727294921875,652.1246337890625,1322.460205078125,786.71435546875,1249.5664672851562,719.4194946289062
3864,0.7242962718009949,1178.781982421875,651.6876220703125,1325.223388671875,787.8355712890625,1252.002685546875,719.7615966796875
3865,0.6526603102684021,1177.89501953125,651.303955078125,1326.544921875,786.4599609375,1252.219970703125,718.8819580078125
3866,0.74844890832901,1180.2451171875,659.08837890625,1326.5654296875,785.1300048828125,1253.4052734375,722.1091918945312
3867,0.5755496025085449,1297.0577392578125,750.1348266601562,1374.083251953125,819.3585205078125,1335.5704956054688,784.7466735839844
3868,0.6497961282730103,1178.9073486328125,652.20947265625,1326.9854736328125,786.7534790039062,1252.9464111328125,719.4814758300781
3869,0.6626310348510742,1179.8397216796875,659.56689453125,1326.8994140625,784.795166015625,1253.3695678710938,722.1810302734375
3870,0.5257903933525085,1176.8388671875,652.50537109375,1323.7734375,788.475830078125,1250.30615234375,720.4906005859375
3871,0.4616016745567322,1177.220947265625,652.1439208984375,1317.609130859375,786.1422119140625,1247.4150390625,719.14306640625
3872,0.30609989166259766,1176.3739013671875,651.8621826171875,1319.0126953125,785.751953125,1247.6932983398438,718.8070678710938
3873,0.41947004199028015,1176.968017578125,652.5101318359375,1319.697265625,785.2506103515625,1248.3326416015625,718.88037109375
3874,0.445656955242157,1177.17236328125,653.1153564453125,1316.0238037109375,785.7603759765625,1246.5980834960938,719.4378662109375
3875,0.3750307261943817,1177.85498046875,654.6156005859375,1308.93359375,785.605224609375,1243.394287109375,720.1104125976562
3876,0.3227023184299469,1177.4468994140625,658.44873046875,1298.5528564453125,783.5835571289062,1237.9998779296875,721.0161437988281
3877,0.4084652364253998,1175.537353515625,654.253173828125,1314.341552734375,786.39697265625,1244.939453125,720.3250732421875
3878,0.2533096373081207,1173.53125,652.846435546875,1316.359619140625,786.6165771484375,1244.9454345703125,719.7315063476562
3879,0.2688259482383728,1173.344482421875,652.127685546875,1318.767578125,787.3231201171875,1246.0560302734375,719.7254028320312
3880,0.4752998948097229,1174.8543701171875,652.3936767578125,1319.3297119140625,786.9903564453125,1247.092041015625,719.6920166015625
3881,0.48793455958366394,1174.2696533203125,652.5426025390625,1318.8790283203125,787.006591796875,1246.5743408203125,719.7745971679688
3882,0.37167054414749146,1174.1861572265625,652.4420166015625,1318.6893310546875,787.121826171875,1246.437744140625,719.7819213867188
3883,0.16317889094352722,1174.184814453125,652.7698974609375,1319.72998046875,787.63671875,1246.9573974609375,720.2033081054688
3884,0.19878071546554565,1174.61767578125,653.4345703125,1318.14453125,787.0149536132812,1246.381103515625,720.2247619628906
3885,0.18704812228679657,1174.6309814453125,652.299560546875,1319.5394287109375,786.7890625,1247.085205078125,719.5443115234375
3886,0.19814780354499817,1174.6790771484375,651.759033203125,1319.94189453125,787.1470947265625,1247.3104858398438,719.4530639648438
3887,0.20814593136310577,1174.8372802734375,653.182373046875,1318.5816650390625,787.4339599609375,1246.70947265625,720.3081665039062
3888,0.5121879577636719,1176.299560546875,654.4970703125,1314.937744140625,787.3764038085938,1245.61865234375,720.9367370605469
3889,0.6734043955802917,1176.128662109375,660.9263916015625,1294.224853515625,784.2896728515625,1235.1767578125,722.6080322265625
3890,0.18685656785964966,1173.33544921875,659.8906860351562,1282.94775390625,775.7048950195312,1228.1416015625,717.7977905273438
3891,nan,nan,nan,nan,nan,nan,nan
3892,nan,nan,nan,nan,nan,nan,nan
3893,nan,nan,nan,nan,nan,nan,nan
3894,nan,nan,nan,nan,nan,nan,nan
3895,nan,nan,nan,nan,nan,nan,nan
3896,0.270575612783432,1258.7147216796875,654.621826171875,1348.4786376953125,739.0023193359375,1303.5966796875,696.8120727539062
3897,0.28034982085227966,1258.447998046875,654.73681640625,1348.430908203125,740.40380859375,1303.439453125,697.5703125
3898,0.4423362910747528,1258.4573974609375,654.9179077148438,1348.555419921875,742.22119140625,1303.5064086914062,698.5695495605469
3899,0.3324792981147766,1259.447509765625,654.7175903320312,1348.43359375,742.102783203125,1303.9405517578125,698.4101867675781
3900,0.20989875495433807,1258.4339599609375,654.6619873046875,1349.0977783203125,742.7330322265625,1303.765869140625,698.697509765625
3901,0.21065321564674377,1258.9163818359375,654.5956420898438,1348.55712890625,742.8792114257812,1303.7367553710938,698.7374267578125
3902,0.21633391082286835,1259.07275390625,654.7461547851562,1348.77978515625,743.4569091796875,1303.92626953125,699.1015319824219
3903,0.23179179430007935,1257.5576171875,654.7603759765625,1349.167724609375,745.293212890625,1303.3626708984375,700.0267944335938
3904,0.2788110375404358,1256.650634765625,654.46533203125,1348.5662841796875,743.95263671875,1302.6084594726562,699.208984375
3905,0.2374783456325531,1256.8223876953125,654.543212890625,1348.8076171875,743.781494140625,1302.8150024414062,699.162353515625
3906,0.29064255952835083,1257.00146484375,654.706787109375,1348.5478515625,744.43505859375,1302.774658203125,699.5709228515625
3907,0.3101864457130432,1257.91357421875,654.749755859375,1348.7216796875,743.7826538085938,1303.317626953125,699.2662048339844
3908,0.2236965447664261,1258.0931396484375,654.423828125,1348.8775634765625,742.9983520507812,1303.4853515625,698.7110900878906
3909,0.1659795492887497,1258.154052734375,654.2664184570312,1348.821044921875,744.4766235351562,1303.487548828125,699.3715209960938
3910,0.14157415926456451,1258.023681640625,654.402099609375,1348.83642578125,743.4554443359375,1303.4300537109375,698.9287719726562
3911,0.16821753978729248,1258.311279296875,654.3821411132812,1349.131103515625,745.3840942382812,1303.72119140625,699.8831176757812
3912,0.18161757290363312,1258.0443115234375,654.35986328125,1349.2392578125,744.5609130859375,1303.6417846679688,699.4603881835938
3913,0.15286213159561157,1258.3685302734375,654.2772216796875,1348.9185791015625,742.6781616210938,1303.6435546875,698.4776916503906
3914,nan,nan,nan,nan,nan,nan,nan
3915,0.1995098739862442,1257.625244140625,653.9155883789062,1349.6671142578125,742.09716796875,1303.6461791992188,698.0063781738281
3916,0.24010387063026428,1256.753662109375,654.798828125,1348.4449462890625,743.8304443359375,1302.5993041992188,699.3146362304688
3917,0.24545688927173615,1257.07666015625,654.7559814453125,1348.159912109375,744.468994140625,1302.6182861328125,699.6124877929688
3918,0.28164517879486084,1255.614501953125,654.7734375,1348.0352783203125,746.6826782226562,1301.8248901367188,700.7280578613281
3919,0.3539937138557434,1259.10302734375,654.74853515625,1348.8798828125,740.9785766601562,1303.991455078125,697.8635559082031
3920,0.3649769127368927,1257.486572265625,654.825439453125,1348.199951171875,742.9530029296875,1302.84326171875,698.8892211914062
3921,0.3704451024532318,1258.47265625,654.6837158203125,1348.56396484375,744.730712890625,1303.518310546875,699.7072143554688
3922,0.3272406756877899,1257.175537109375,654.6465454101562,1348.792236328125,746.2247314453125,1302.98388671875,700.4356384277344
3923,0.4660656750202179,1258.66845703125,654.74853515625,1348.2484130859375,744.6763916015625,1303.4584350585938,699.7124633789062
3924,0.23918357491493225,1256.804931640625,654.5572509765625,1348.76611328125,746.8551025390625,1302.7855224609375,700.7061767578125
3925,0.35580679774284363,1255.900146484375,654.3289794921875,1349.119384765625,746.2420043945312,1302.509765625,700.2854919433594
3926,0.39581361413002014,1256.6810302734375,654.4158935546875,1348.9801025390625,745.1287841796875,1302.83056640625,699.7723388671875
3927,0.32062432169914246,1257.25732421875,654.5088500976562,1349.780029296875,746.4486694335938,1303.5186767578125,700.478759765625
3928,0.30780118703842163,1256.3546142578125,654.4669799804688,1349.420166015625,748.6453247070312,1302.8873901367188,701.55615234375
3929,0.4042704105377197,1256.874755859375,654.6204833984375,1349.273681640625,748.32861328125,1303.07421875,701.4745483398438
3930,0.323942095041275,1256.4407958984375,654.5260009765625,1349.5810546875,748.98876953125,1303.0109252929688,701.7573852539062
3931,0.3503829538822174,1258.08544921875,654.6832275390625,1349.484375,745.9952392578125,1303.784912109375,700.3392333984375
3932,0.2500908374786377,1256.3392333984375,654.7835083007812,1348.205810546875,746.4951782226562,1302.2725219726562,700.6393432617188
3933,0.15521010756492615,1254.3892822265625,654.7203979492188,1347.4456787109375,746.1817626953125,1300.91748046875,700.4510803222656
3934,0.25891074538230896,1242.3255615234375,654.8878784179688,1332.8426513671875,763.559326171875,1287.5841064453125,709.2236022949219
3935,nan,nan,nan,nan,nan,nan,nan
3936,nan,nan,nan,nan,nan,nan,nan
3937,nan,nan,nan,nan,nan,nan,nan
3938,0.764477014541626,1202.71484375,560.3460693359375,1294.242431640625,652.5585327148438,1248.4786376953125,606.4523010253906
3939,nan,nan,nan,nan,nan,nan,nan
3940,nan,nan,nan,nan,nan,nan,nan
3941,0.2137204110622406,1161.73974609375,471.9912109375,1251.9202880859375,558.6851196289062,1206.8300170898438,515.3381652832031
3942,0.4062897264957428,1157.56005859375,470.4727478027344,1240.953125,556.2127685546875,1199.256591796875,513.3427581787109
3943,nan,nan,nan,nan,nan,nan,nan
3944,0.7911970615386963,1130.7669677734375,431.3425598144531,1233.9615478515625,515.800537109375,1182.3642578125,473.57154846191406
3945,0.8714967966079712,1100.8883056640625,410.2076110839844,1175.214111328125,479.2874450683594,1138.0512084960938,444.7475280761719
3946,0.8495987057685852,1070.235595703125,384.6429748535156,1174.86669921875,482.90130615234375,1122.5511474609375,433.7721405029297
3947,0.8029617667198181,1034.928955078125,374.36865234375,1129.882568359375,472.985595703125,1082.40576171875,423.6771240234375
3948,0.898362398147583,1004.2333374023438,371.24432373046875,1083.94140625,444.67822265625,1044.0873718261719,407.9612731933594
3949,0.8694190382957458,961.09130859375,362.77191162109375,1051.433349609375,447.71075439453125,1006.2623291015625,405.2413330078125
3950,0.8906432390213013,915.8285522460938,357.917236328125,1000.4027709960938,433.4076232910156,958.1156616210938,395.6624298095703
3951,0.8466575145721436,867.495849609375,338.5463562011719,967.646484375,430.71185302734375,917.5711669921875,384.6291046142578
3952,0.8792186975479126,814.4335327148438,334.1368103027344,908.3977661132812,412.0155029296875,861.4156494140625,373.07615661621094
3953,0.8616210222244263,765.1475830078125,308.26361083984375,879.2374877929688,401.927001953125,822.1925354003906,355.0953063964844
3954,0.7863780856132507,718.071044921875,299.18548583984375,814.0052490234375,373.84063720703125,766.0381469726562,336.5130615234375
3955,0.8355961441993713,673.03662109375,283.59033203125,777.8453979492188,376.36541748046875,725.4410095214844,329.9778747558594
3956,nan,nan,nan,nan,nan,nan,nan
3957,0.11717663705348969,575.4586791992188,268.53753662109375,685.3593139648438,358.076904296875,630.4089965820312,313.3072204589844
3958,0.4124767482280731,681.8223876953125,269.14410400390625,808.4786376953125,394.7049560546875,745.1505126953125,331.9245300292969
3959,nan,nan,nan,nan,nan,nan,nan
3960,nan,nan,nan,nan,nan,nan,nan
3961,nan,nan,nan,nan,nan,nan,nan
3962,nan,nan,nan,nan,nan,nan,nan
3963,nan,nan,nan,nan,nan,nan,nan
3964,nan,nan,nan,nan,nan,nan,nan
3965,nan,nan,nan,nan,nan,nan,nan
3966,0.26304709911346436,589.159912109375,222.00531005859375,680.65087890625,287.3839416503906,634.9053955078125,254.6946258544922
3967,nan,nan,nan,nan,nan,nan,nan
3968,0.1107792928814888,416.4344787597656,229.82913208007812,493.2568359375,283.86578369140625,454.8456573486328,256.8474578857422
3969,nan,nan,nan,nan,nan,nan,nan
3970,nan,nan,nan,nan,nan,nan,nan
3971,0.1966344267129898,336.1029968261719,218.91087341308594,438.4792785644531,300.9227600097656,387.2911376953125,259.9168167114258
3972,0.622231125831604,334.65155029296875,217.01564025878906,429.83905029296875,297.096923828125,382.24530029296875,257.05628204345703
3973,0.12731994688510895,334.2823791503906,218.5620574951172,428.4385070800781,298.8214111328125,381.3604431152344,258.69173431396484
3974,0.6413712501525879,334.26220703125,218.3616485595703,426.759765625,297.84637451171875,380.510986328125,258.10401153564453
3975,0.7392886281013489,334.8050537109375,219.02572631835938,425.91082763671875,297.3498229980469,380.3579406738281,258.1877746582031
3976,0.6088988780975342,334.62353515625,218.63580322265625,426.4349365234375,297.737548828125,380.52923583984375,258.1866760253906
3977,0.683553159236908,334.61309814453125,218.96087646484375,426.7637939453125,297.6234436035156,380.6884460449219,258.2921600341797
3978,0.5729700922966003,334.2900390625,218.691650390625,427.27813720703125,297.136962890625,380.7840881347656,257.914306640625
3979,0.6755039691925049,334.5317687988281,219.11160278320312,426.7867126464844,297.1559143066406,380.65924072265625,258.1337585449219
3980,0.7716812491416931,334.5769958496094,218.18875122070312,424.15155029296875,297.6749267578125,379.36427307128906,257.9318389892578
3981,0.5870301723480225,334.0763854980469,218.01150512695312,426.59820556640625,296.7667236328125,380.33729553222656,257.3891143798828
3982,0.7006164193153381,334.3504943847656,218.40330505371094,426.7766418457031,297.1211242675781,380.5635681152344,257.76221466064453
3983,0.7838026881217957,334.34393310546875,217.8679962158203,424.15765380859375,297.44415283203125,379.25079345703125,257.6560745239258
3984,0.7115961313247681,334.2266845703125,218.56390380859375,426.00201416015625,296.9120788574219,380.1143493652344,257.7379913330078
3985,0.7050117254257202,332.56158447265625,217.4813232421875,429.44561767578125,297.03717041015625,381.00360107421875,257.2592468261719
3986,0.6720997095108032,334.2334899902344,218.73233032226562,427.3790588378906,297.20703125,380.8062744140625,257.9696807861328
3987,0.7008102536201477,332.1888427734375,217.3084259033203,431.5208740234375,297.5545654296875,381.8548583984375,257.4314956665039
3988,0.6989703178405762,334.0231018066406,218.72091674804688,427.41009521484375,297.9138488769531,380.7165985107422,258.3173828125
3989,0.7252861857414246,333.87939453125,218.68263244628906,426.80096435546875,297.71746826171875,380.3401794433594,258.2000503540039
3990,0.6474177837371826,333.19708251953125,218.48419189453125,427.12042236328125,298.1304931640625,380.15875244140625,258.3073425292969
3991,0.6897188425064087,323.77642822265625,222.52053833007812,415.60357666015625,301.8507080078125,369.69000244140625,262.1856231689453
3992,nan,nan,nan,nan,nan,nan,nan
3993,nan,nan,nan,nan,nan,nan,nan
3994,0.18428125977516174,322.42950439453125,226.8262481689453,418.8280334472656,308.65631103515625,370.62876892089844,267.7412796020508
3995,0.3223888576030731,322.5667724609375,227.11178588867188,417.6854248046875,309.8526611328125,370.1260986328125,268.4822235107422
3996,0.30614393949508667,322.7679443359375,227.13839721679688,420.91448974609375,310.37335205078125,371.8412170410156,268.75587463378906
3997,0.3906068205833435,322.7399597167969,227.19200134277344,419.6279296875,309.75469970703125,371.18394470214844,268.47335052490234
3998,0.41544902324676514,322.7218017578125,227.16014099121094,419.2526550292969,309.6619873046875,370.9872283935547,268.4110641479492
3999,0.3612883985042572,322.36920166015625,227.16363525390625,419.2283020019531,310.676025390625,370.7987518310547,268.9198303222656
4000,0.34755244851112366,322.32562255859375,226.86122131347656,419.1041259765625,310.61712646484375,370.7148742675781,268.73917388916016
4001,0.40142837166786194,322.5151062011719,227.0933074951172,419.6952209472656,310.95062255859375,371.10516357421875,269.02196502685547
4002,0.20254869759082794,322.3962707519531,227.04473876953125,420.3359375,311.7787170410156,371.36610412597656,269.41172790527344
4003,0.2315705269575119,322.463134765625,227.12420654296875,419.71954345703125,311.4342956542969,371.0913391113281,269.2792510986328
4004,0.21318291127681732,322.43548583984375,227.00802612304688,421.03399658203125,310.56573486328125,371.7347412109375,268.78688049316406
4005,0.2020239233970642,322.5001220703125,226.95428466796875,418.94921875,308.0184631347656,370.72467041015625,267.4863739013672
4006,0.19832256436347961,322.64569091796875,226.89517211914062,421.62139892578125,309.0371398925781,372.133544921875,267.9661560058594
4007,0.14886507391929626,322.5986328125,226.93386840820312,421.77923583984375,309.6557922363281,372.1889343261719,268.2948303222656
4008,0.1293162703514099,322.6264343261719,227.05247497558594,422.1573486328125,309.48712158203125,372.3918914794922,268.2697982788086
4009,0.17851169407367706,322.5325927734375,226.81398010253906,421.83929443359375,309.5810546875,372.1859436035156,268.19751739501953
4010,0.18177080154418945,322.48602294921875,227.0059814453125,420.5111389160156,309.0489196777344,371.4985809326172,268.02745056152344
4011,0.22822001576423645,322.4715576171875,227.01953125,420.6728515625,309.0986633300781,371.57220458984375,268.05909729003906
4012,0.2747168242931366,322.538818359375,227.0859375,420.2115478515625,308.4071960449219,371.37518310546875,267.74656677246094
4013,0.24886128306388855,322.4798583984375,226.71469116210938,419.85076904296875,308.2594299316406,371.1653137207031,267.487060546875
4014,0.1966080665588379,322.6658935546875,226.8750457763672,419.6405029296875,307.88531494140625,371.1531982421875,267.3801803588867
4015,0.23329903185367584,322.6727600097656,226.85609436035156,420.53118896484375,307.88323974609375,371.6019744873047,267.36966705322266
4016,0.20585206151008606,322.57159423828125,226.90773010253906,420.4386291503906,308.57037353515625,371.50511169433594,267.73905181884766
4017,0.28548282384872437,322.4750061035156,226.84181213378906,418.28997802734375,308.80615234375,370.3824920654297,267.82398223876953
4018,0.10350098460912704,322.448486328125,226.83966064453125,418.4676513671875,307.8454284667969,370.45806884765625,267.34254455566406
4019,0.1562337726354599,322.2421875,226.9196319580078,418.69097900390625,308.23480224609375,370.4665832519531,267.5772171020508
4020,0.13283313810825348,322.2442932128906,226.96771240234375,418.9538269042969,307.6356201171875,370.59906005859375,267.3016662597656
4021,0.15430848300457,321.80621337890625,226.90333557128906,419.117431640625,308.5911865234375,370.4618225097656,267.7472610473633
4022,nan,nan,nan,nan,nan,nan,nan
4023,nan,nan,nan,nan,nan,nan,nan
4024,nan,nan,nan,nan,nan,nan,nan
4025,nan,nan,nan,nan,nan,nan,nan
4026,nan,nan,nan,nan,nan,nan,nan
4027,nan,nan,nan,nan,nan,nan,nan
4028,nan,nan,nan,nan,nan,nan,nan
4029,nan,nan,nan,nan,nan,nan,nan
4030,nan,nan,nan,nan,nan,nan,nan
4031,nan,nan,nan,nan,nan,nan,nan
4032,nan,nan,nan,nan,nan,nan,nan
4033,nan,nan,nan,nan,nan,nan,nan
4034,nan,nan,nan,nan,nan,nan,nan
4035,nan,nan,nan,nan,nan,nan,nan
4036,nan,nan,nan,nan,nan,nan,nan
4037,nan,nan,nan,nan,nan,nan,nan
4038,nan,nan,nan,nan,nan,nan,nan
4039,nan,nan,nan,nan,nan,nan,nan
4040,nan,nan,nan,nan,nan,nan,nan
4041,nan,nan,nan,nan,nan,nan,nan
4042,nan,nan,nan,nan,nan,nan,nan
4043,nan,nan,nan,nan,nan,nan,nan
4044,nan,nan,nan,nan,nan,nan,nan
4045,nan,nan,nan,nan,nan,nan,nan
4046,nan,nan,nan,nan,nan,nan,nan
4047,nan,nan,nan,nan,nan,nan,nan
4048,nan,nan,nan,nan,nan,nan,nan
4049,nan,nan,nan,nan,nan,nan,nan
4050,nan,nan,nan,nan,nan,nan,nan
4051,nan,nan,nan,nan,nan,nan,nan
4052,nan,nan,nan,nan,nan,nan,nan
4053,nan,nan,nan,nan,nan,nan,nan
4054,nan,nan,nan,nan,nan,nan,nan
4055,nan,nan,nan,nan,nan,nan,nan
4056,nan,nan,nan,nan,nan,nan,nan
4057,nan,nan,nan,nan,nan,nan,nan
4058,nan,nan,nan,nan,nan,nan,nan
4059,nan,nan,nan,nan,nan,nan,nan
4060,nan,nan,nan,nan,nan,nan,nan
4061,nan,nan,nan,nan,nan,nan,nan
4062,nan,nan,nan,nan,nan,nan,nan
4063,nan,nan,nan,nan,nan,nan,nan
4064,nan,nan,nan,nan,nan,nan,nan
4065,nan,nan,nan,nan,nan,nan,nan
4066,nan,nan,nan,nan,nan,nan,nan
4067,nan,nan,nan,nan,nan,nan,nan
4068,nan,nan,nan,nan,nan,nan,nan
4069,nan,nan,nan,nan,nan,nan,nan
4070,nan,nan,nan,nan,nan,nan,nan
4071,nan,nan,nan,nan,nan,nan,nan
4072,nan,nan,nan,nan,nan,nan,nan
4073,nan,nan,nan,nan,nan,nan,nan
4074,nan,nan,nan,nan,nan,nan,nan
4075,nan,nan,nan,nan,nan,nan,nan
4076,nan,nan,nan,nan,nan,nan,nan
4077,nan,nan,nan,nan,nan,nan,nan
4078,nan,nan,nan,nan,nan,nan,nan
4079,nan,nan,nan,nan,nan,nan,nan
4080,nan,nan,nan,nan,nan,nan,nan
4081,nan,nan,nan,nan,nan,nan,nan
4082,nan,nan,nan,nan,nan,nan,nan
4083,nan,nan,nan,nan,nan,nan,nan
4084,nan,nan,nan,nan,nan,nan,nan
4085,nan,nan,nan,nan,nan,nan,nan
4086,nan,nan,nan,nan,nan,nan,nan
4087,nan,nan,nan,nan,nan,nan,nan
4088,nan,nan,nan,nan,nan,nan,nan
4089,nan,nan,nan,nan,nan,nan,nan
4090,nan,nan,nan,nan,nan,nan,nan
4091,nan,nan,nan,nan,nan,nan,nan
4092,nan,nan,nan,nan,nan,nan,nan
4093,nan,nan,nan,nan,nan,nan,nan
4094,nan,nan,nan,nan,nan,nan,nan
4095,nan,nan,nan,nan,nan,nan,nan
4096,nan,nan,nan,nan,nan,nan,nan
4097,nan,nan,nan,nan,nan,nan,nan
4098,nan,nan,nan,nan,nan,nan,nan
4099,nan,nan,nan,nan,nan,nan,nan
4100,nan,nan,nan,nan,nan,nan,nan
4101,nan,nan,nan,nan,nan,nan,nan
4102,nan,nan,nan,nan,nan,nan,nan
4103,nan,nan,nan,nan,nan,nan,nan
4104,nan,nan,nan,nan,nan,nan,nan
4105,nan,nan,nan,nan,nan,nan,nan
4106,nan,nan,nan,nan,nan,nan,nan
4107,nan,nan,nan,nan,nan,nan,nan
4108,nan,nan,nan,nan,nan,nan,nan
4109,nan,nan,nan,nan,nan,nan,nan
4110,nan,nan,nan,nan,nan,nan,nan
4111,nan,nan,nan,nan,nan,nan,nan
4112,nan,nan,nan,nan,nan,nan,nan
4113,0.20202144980430603,335.32366943359375,217.56198120117188,426.0835876464844,296.2193298339844,380.70362854003906,256.8906555175781
4114,0.6269801259040833,339.44610595703125,209.21987915039062,431.57861328125,292.9922790527344,385.5123596191406,251.1060791015625
4115,0.5589964389801025,347.58782958984375,206.52264404296875,436.60400390625,291.313720703125,392.0959167480469,248.91818237304688
4116,0.33849895000457764,347.3192138671875,199.09051513671875,441.2679748535156,286.9363098144531,394.29359436035156,243.01341247558594
4117,0.4542147219181061,347.5625,198.62042236328125,440.8872985839844,285.4740905761719,394.2248992919922,242.04725646972656
4118,0.18015842139720917,566.0524291992188,230.5645294189453,629.4303588867188,287.75360107421875,597.7413940429688,259.15906524658203
4119,0.1683822125196457,565.831787109375,230.3954315185547,629.4658813476562,287.7752685546875,597.6488342285156,259.0853500366211
4120,0.19716578722000122,566.197509765625,230.07650756835938,629.909423828125,287.737060546875,598.053466796875,258.9067840576172
4121,0.18772760033607483,566.3924560546875,229.91798400878906,630.0057373046875,287.80548095703125,598.1990966796875,258.86173248291016
4122,0.1835072934627533,566.140625,229.64524841308594,629.9986572265625,287.8203125,598.0696411132812,258.73278045654297
4123,0.16502827405929565,565.8662109375,229.62757873535156,630.0086059570312,287.93548583984375,597.9374084472656,258.78153228759766
4124,0.1289503425359726,565.2003173828125,229.421142578125,630.0601806640625,288.152587890625,597.6302490234375,258.786865234375
4125,0.13997507095336914,564.93212890625,229.27908325195312,630.0224609375,288.1766052246094,597.477294921875,258.72784423828125
4126,0.11146863549947739,564.6793212890625,229.20645141601562,630.3843383789062,288.1909484863281,597.5318298339844,258.6986999511719
4127,0.12937232851982117,564.633056640625,229.17068481445312,630.33349609375,288.2207336425781,597.4832763671875,258.6957092285156
4128,nan,nan,nan,nan,nan,nan,nan
4129,0.1538706123828888,353.72760009765625,201.20750427246094,440.550537109375,274.68646240234375,397.1390686035156,237.94698333740234
4130,nan,nan,nan,nan,nan,nan,nan
4131,0.1088738813996315,354.020263671875,201.4475555419922,440.8563537597656,275.82415771484375,397.4383087158203,238.63585662841797
4132,0.12791766226291656,566.3181762695312,229.21243286132812,629.7691650390625,288.142333984375,598.0436706542969,258.67738342285156
4133,0.1086636558175087,354.0437316894531,201.53512573242188,440.83026123046875,276.9317626953125,397.43699645996094,239.2334442138672
4134,0.12584972381591797,353.84100341796875,201.72276306152344,440.7325744628906,277.00421142578125,397.2867889404297,239.36348724365234
4135,0.13081040978431702,353.3397521972656,201.36590576171875,440.7022705078125,276.37493896484375,397.02101135253906,238.87042236328125
4136,0.21103642880916595,353.08111572265625,199.30746459960938,444.124267578125,290.04949951171875,398.6026916503906,244.67848205566406
4137,0.3099009394645691,352.9749450683594,199.1241455078125,443.85003662109375,290.3851623535156,398.41249084472656,244.75465393066406
4138,0.24045215547084808,353.2338562011719,199.03085327148438,443.975830078125,290.610107421875,398.60484313964844,244.8204803466797
4139,0.21723110973834991,353.1195373535156,198.88616943359375,443.8341064453125,290.2160949707031,398.47682189941406,244.55113220214844
4140,0.20309700071811676,352.9949645996094,198.8810577392578,443.95953369140625,290.26812744140625,398.4772491455078,244.57459259033203
4141,0.27651602029800415,352.9834289550781,198.62342834472656,443.67205810546875,288.5043640136719,398.32774353027344,243.56389617919922
4142,0.2472822219133377,352.80755615234375,198.69241333007812,444.0568542480469,289.8536682128906,398.4322052001953,244.27304077148438
4143,0.22568567097187042,352.84619140625,198.7947235107422,444.14471435546875,290.37335205078125,398.4954528808594,244.58403778076172
4144,0.17508898675441742,353.1712341308594,199.0113525390625,443.95623779296875,290.042236328125,398.56373596191406,244.52679443359375
4145,0.25313127040863037,353.1717529296875,198.9862518310547,443.695068359375,290.1506652832031,398.43341064453125,244.5684585571289
4146,0.24902699887752533,353.2381896972656,198.90756225585938,444.12579345703125,289.1175842285156,398.68199157714844,244.0125732421875
4147,0.19525790214538574,353.39862060546875,198.8188018798828,444.0260925292969,288.807373046875,398.7123565673828,243.8130874633789
4148,0.2540398836135864,353.74871826171875,200.8311767578125,440.55682373046875,278.36737060546875,397.15277099609375,239.59927368164062
4149,0.38304299116134644,353.2147521972656,198.5386962890625,444.0491638183594,288.28515625,398.6319580078125,243.41192626953125
4150,0.26990610361099243,353.5286865234375,198.73255920410156,443.912841796875,289.1673889160156,398.72076416015625,243.9499740600586
4151,0.24030369520187378,353.55877685546875,198.89434814453125,443.962158203125,289.46588134765625,398.7604675292969,244.18011474609375
4152,0.3310230076313019,353.4627685546875,198.94752502441406,443.901123046875,288.6712646484375,398.68194580078125,243.80939483642578
4153,0.47450849413871765,353.3314514160156,199.65682983398438,441.63958740234375,287.3672790527344,397.4855194091797,243.51205444335938
4154,0.2851409614086151,353.9682312011719,200.3639373779297,440.78594970703125,275.89556884765625,397.37709045410156,238.12975311279297
4155,0.2824856638908386,354.13848876953125,200.72300720214844,440.7921142578125,276.43017578125,397.4653015136719,238.57659149169922
4156,0.29250192642211914,354.1007385253906,200.54718017578125,440.800048828125,277.3494873046875,397.4503936767578,238.94833374023438
4157,0.3364558219909668,354.0663757324219,200.45098876953125,440.84710693359375,277.2553405761719,397.4567413330078,238.85316467285156
4158,0.3572234511375427,353.7353515625,200.25689697265625,440.6919250488281,277.4927978515625,397.21363830566406,238.87484741210938
4159,0.2723853886127472,354.10223388671875,200.19180297851562,440.62713623046875,275.9869689941406,397.36468505859375,238.08938598632812
4160,0.2897874116897583,353.95440673828125,200.27256774902344,440.7601318359375,276.52587890625,397.3572692871094,238.39922332763672
4161,0.38871774077415466,353.77154541015625,200.1353759765625,440.75640869140625,278.13775634765625,397.26397705078125,239.13656616210938
4162,0.2330745905637741,353.695556640625,198.38198852539062,444.1207275390625,286.8480529785156,398.90814208984375,242.61502075195312
4163,0.14163008332252502,356.3604736328125,198.3782958984375,440.8808898925781,271.3508605957031,398.6206817626953,234.8645782470703
4164,nan,nan,nan,nan,nan,nan,nan
4165,0.11316700279712677,357.79364013671875,190.19430541992188,446.165283203125,268.48443603515625,401.9794616699219,229.33937072753906
4166,nan,nan,nan,nan,nan,nan,nan
4167,nan,nan,nan,nan,nan,nan,nan
4168,nan,nan,nan,nan,nan,nan,nan
4169,nan,nan,nan,nan,nan,nan,nan
4170,nan,nan,nan,nan,nan,nan,nan
4171,nan,nan,nan,nan,nan,nan,nan
4172,nan,nan,nan,nan,nan,nan,nan
4173,nan,nan,nan,nan,nan,nan,nan
4174,nan,nan,nan,nan,nan,nan,nan
4175,nan,nan,nan,nan,nan,nan,nan
4176,nan,nan,nan,nan,nan,nan,nan
4177,nan,nan,nan,nan,nan,nan,nan
4178,nan,nan,nan,nan,nan,nan,nan
4179,nan,nan,nan,nan,nan,nan,nan
4180,nan,nan,nan,nan,nan,nan,nan
4181,nan,nan,nan,nan,nan,nan,nan
4182,nan,nan,nan,nan,nan,nan,nan
4183,nan,nan,nan,nan,nan,nan,nan
4184,nan,nan,nan,nan,nan,nan,nan
4185,nan,nan,nan,nan,nan,nan,nan
4186,nan,nan,nan,nan,nan,nan,nan
4187,nan,nan,nan,nan,nan,nan,nan
4188,nan,nan,nan,nan,nan,nan,nan
4189,nan,nan,nan,nan,nan,nan,nan
4190,nan,nan,nan,nan,nan,nan,nan
4191,nan,nan,nan,nan,nan,nan,nan
4192,nan,nan,nan,nan,nan,nan,nan
4193,nan,nan,nan,nan,nan,nan,nan
4194,nan,nan,nan,nan,nan,nan,nan
4195,nan,nan,nan,nan,nan,nan,nan
4196,nan,nan,nan,nan,nan,nan,nan
4197,nan,nan,nan,nan,nan,nan,nan
4198,nan,nan,nan,nan,nan,nan,nan
4199,nan,nan,nan,nan,nan,nan,nan
4200,nan,nan,nan,nan,nan,nan,nan
4201,nan,nan,nan,nan,nan,nan,nan
4202,nan,nan,nan,nan,nan,nan,nan
4203,nan,nan,nan,nan,nan,nan,nan
4204,nan,nan,nan,nan,nan,nan,nan
4205,nan,nan,nan,nan,nan,nan,nan
4206,nan,nan,nan,nan,nan,nan,nan
4207,nan,nan,nan,nan,nan,nan,nan
4208,nan,nan,nan,nan,nan,nan,nan
4209,nan,nan,nan,nan,nan,nan,nan
4210,nan,nan,nan,nan,nan,nan,nan
4211,nan,nan,nan,nan,nan,nan,nan
4212,nan,nan,nan,nan,nan,nan,nan
4213,0.1484762728214264,360.98297119140625,189.3131103515625,444.50323486328125,267.9017028808594,402.74310302734375,228.60740661621094
4214,nan,nan,nan,nan,nan,nan,nan
4215,nan,nan,nan,nan,nan,nan,nan
4216,nan,nan,nan,nan,nan,nan,nan
4217,nan,nan,nan,nan,nan,nan,nan
4218,nan,nan,nan,nan,nan,nan,nan
4219,nan,nan,nan,nan,nan,nan,nan
4220,nan,nan,nan,nan,nan,nan,nan
4221,nan,nan,nan,nan,nan,nan,nan
4222,nan,nan,nan,nan,nan,nan,nan
4223,nan,nan,nan,nan,nan,nan,nan
4224,nan,nan,nan,nan,nan,nan,nan
4225,nan,nan,nan,nan,nan,nan,nan
4226,nan,nan,nan,nan,nan,nan,nan
4227,nan,nan,nan,nan,nan,nan,nan
4228,nan,nan,nan,nan,nan,nan,nan
4229,nan,nan,nan,nan,nan,nan,nan
4230,nan,nan,nan,nan,nan,nan,nan
4231,nan,nan,nan,nan,nan,nan,nan
4232,nan,nan,nan,nan,nan,nan,nan
4233,nan,nan,nan,nan,nan,nan,nan
4234,nan,nan,nan,nan,nan,nan,nan
4235,nan,nan,nan,nan,nan,nan,nan
4236,nan,nan,nan,nan,nan,nan,nan
4237,nan,nan,nan,nan,nan,nan,nan
4238,nan,nan,nan,nan,nan,nan,nan
4239,nan,nan,nan,nan,nan,nan,nan
4240,nan,nan,nan,nan,nan,nan,nan
4241,0.13021384179592133,358.7397155761719,189.3972930908203,446.26812744140625,268.312255859375,402.50392150878906,228.85477447509766
4242,nan,nan,nan,nan,nan,nan,nan
4243,nan,nan,nan,nan,nan,nan,nan
4244,nan,nan,nan,nan,nan,nan,nan
4245,nan,nan,nan,nan,nan,nan,nan
4246,nan,nan,nan,nan,nan,nan,nan
4247,nan,nan,nan,nan,nan,nan,nan
4248,nan,nan,nan,nan,nan,nan,nan
4249,nan,nan,nan,nan,nan,nan,nan
4250,nan,nan,nan,nan,nan,nan,nan
4251,nan,nan,nan,nan,nan,nan,nan
4252,nan,nan,nan,nan,nan,nan,nan
4253,nan,nan,nan,nan,nan,nan,nan
4254,nan,nan,nan,nan,nan,nan,nan
4255,nan,nan,nan,nan,nan,nan,nan
4256,nan,nan,nan,nan,nan,nan,nan
4257,nan,nan,nan,nan,nan,nan,nan
4258,nan,nan,nan,nan,nan,nan,nan
4259,nan,nan,nan,nan,nan,nan,nan
4260,nan,nan,nan,nan,nan,nan,nan
4261,nan,nan,nan,nan,nan,nan,nan
4262,nan,nan,nan,nan,nan,nan,nan
4263,nan,nan,nan,nan,nan,nan,nan
4264,nan,nan,nan,nan,nan,nan,nan
4265,nan,nan,nan,nan,nan,nan,nan
4266,nan,nan,nan,nan,nan,nan,nan
4267,nan,nan,nan,nan,nan,nan,nan
4268,nan,nan,nan,nan,nan,nan,nan
4269,nan,nan,nan,nan,nan,nan,nan
4270,nan,nan,nan,nan,nan,nan,nan
4271,nan,nan,nan,nan,nan,nan,nan
4272,nan,nan,nan,nan,nan,nan,nan
4273,nan,nan,nan,nan,nan,nan,nan
4274,nan,nan,nan,nan,nan,nan,nan
4275,nan,nan,nan,nan,nan,nan,nan
4276,nan,nan,nan,nan,nan,nan,nan
4277,nan,nan,nan,nan,nan,nan,nan
4278,nan,nan,nan,nan,nan,nan,nan
4279,nan,nan,nan,nan,nan,nan,nan
4280,nan,nan,nan,nan,nan,nan,nan
4281,nan,nan,nan,nan,nan,nan,nan
4282,nan,nan,nan,nan,nan,nan,nan
4283,nan,nan,nan,nan,nan,nan,nan
4284,nan,nan,nan,nan,nan,nan,nan
4285,nan,nan,nan,nan,nan,nan,nan
4286,nan,nan,nan,nan,nan,nan,nan
4287,nan,nan,nan,nan,nan,nan,nan
4288,nan,nan,nan,nan,nan,nan,nan
4289,nan,nan,nan,nan,nan,nan,nan
4290,nan,nan,nan,nan,nan,nan,nan
4291,nan,nan,nan,nan,nan,nan,nan
4292,nan,nan,nan,nan,nan,nan,nan
4293,nan,nan,nan,nan,nan,nan,nan
4294,0.35704323649406433,366.57708740234375,188.43690490722656,447.7235412597656,269.35650634765625,407.1503143310547,228.8967056274414
4295,0.6253319382667542,367.81329345703125,187.90740966796875,450.3652038574219,270.3709716796875,409.08924865722656,229.13919067382812
4296,0.6604145169258118,367.7528991699219,187.94439697265625,449.97509765625,270.3769226074219,408.86399841308594,229.16065979003906
4297,0.696402907371521,367.85675048828125,187.95570373535156,450.11749267578125,270.474853515625,408.98712158203125,229.21527862548828
4298,0.6524235606193542,367.9400634765625,187.84922790527344,450.54541015625,270.63763427734375,409.24273681640625,229.2434310913086
4299,0.6652064919471741,368.2779235839844,187.90736389160156,451.0837097167969,270.7484436035156,409.6808166503906,229.3279037475586
4300,0.7337179780006409,368.5321044921875,187.73886108398438,450.32733154296875,271.31268310546875,409.4297180175781,229.52577209472656
4301,0.6946701407432556,368.5721130371094,187.80807495117188,450.5928955078125,271.3678894042969,409.58250427246094,229.58798217773438
4302,0.7214899659156799,368.5421142578125,187.75662231445312,450.6032409667969,271.2098693847656,409.5726776123047,229.48324584960938
4303,0.7705012559890747,368.78497314453125,187.7673797607422,450.56439208984375,271.7957763671875,409.6746826171875,229.78157806396484
4304,0.6376497745513916,368.53753662109375,187.796630859375,451.13934326171875,271.0465393066406,409.83843994140625,229.4215850830078
4305,0.5803037285804749,368.513671875,187.76004028320312,451.354248046875,271.0813903808594,409.9339599609375,229.42071533203125
4306,0.5172565579414368,368.4903869628906,187.7471466064453,451.1729736328125,270.81103515625,409.83168029785156,229.27909088134766
4307,0.6825817823410034,368.721435546875,187.7900848388672,452.26177978515625,271.6040954589844,410.4916076660156,229.69709014892578
4308,0.585250198841095,368.8783264160156,187.97630310058594,451.9617004394531,271.3281555175781,410.4200134277344,229.65222930908203
4309,0.6350319385528564,368.59234619140625,188.07852172851562,451.4671325683594,271.7265930175781,410.0297393798828,229.90255737304688
4310,0.6112573146820068,368.6020202636719,188.1588134765625,451.890380859375,271.522705078125,410.24620056152344,229.84075927734375
4311,0.6572093367576599,368.8623352050781,188.25439453125,452.32525634765625,271.8182373046875,410.5937957763672,230.03631591796875
4312,0.6345548033714294,368.4749755859375,188.384765625,451.4075927734375,271.9347839355469,409.9412841796875,230.15977478027344
4313,0.6574583053588867,368.85906982421875,188.37936401367188,451.234619140625,271.65435791015625,410.0468444824219,230.01686096191406
4314,0.6269101500511169,369.06268310546875,188.39735412597656,451.4273986816406,271.6778564453125,410.2450408935547,230.03760528564453
4315,0.6770690083503723,369.0396423339844,188.37789916992188,451.71221923828125,272.30908203125,410.3759307861328,230.34349060058594
4316,0.5530003905296326,368.6031799316406,188.33218383789062,452.3192138671875,271.8221130371094,410.46119689941406,230.0771484375
4317,0.6143492460250854,368.61846923828125,188.27471923828125,451.9580383300781,272.0323486328125,410.2882537841797,230.15353393554688
4318,0.585578203201294,368.298583984375,188.3004913330078,451.7967224121094,272.0823974609375,410.0476531982422,230.19144439697266
4319,0.6697617173194885,368.1293029785156,188.1748046875,451.787109375,272.3565979003906,409.9582061767578,230.2657012939453
4320,0.605217695236206,367.94769287109375,188.3203125,452.15643310546875,271.8497314453125,410.05206298828125,230.08502197265625
4321,0.608799159526825,367.92132568359375,188.3961181640625,452.36553955078125,272.1357421875,410.1434326171875,230.26593017578125
4322,0.6091500520706177,368.1631774902344,188.35276794433594,452.35308837890625,271.69580078125,410.2581329345703,230.02428436279297
4323,0.647928774356842,368.23577880859375,188.304931640625,452.8565368652344,271.5306701660156,410.54615783691406,229.9178009033203
4324,0.5533155798912048,368.174560546875,188.3859100341797,451.9207763671875,271.2523193359375,410.04766845703125,229.8191146850586
4325,0.6039493680000305,368.27386474609375,188.40176391601562,451.9250793457031,271.4725036621094,410.09947204589844,229.9371337890625
4326,0.609804630279541,368.57855224609375,188.4316864013672,451.74530029296875,271.62353515625,410.16192626953125,230.0276107788086
4327,0.6482920050621033,368.583740234375,188.42294311523438,452.31036376953125,271.5279235839844,410.4470520019531,229.97543334960938
4328,0.4236436188220978,368.57177734375,188.2275390625,452.56903076171875,271.0019226074219,410.5704040527344,229.61473083496094
4329,0.4148354232311249,368.39111328125,188.26849365234375,452.2949523925781,270.8660888671875,410.34303283691406,229.56729125976562
4330,0.3460164964199066,368.29974365234375,188.2514190673828,452.7673645019531,270.93194580078125,410.53355407714844,229.59168243408203
4331,0.5630410313606262,368.6388244628906,188.35276794433594,452.1514892578125,270.96380615234375,410.39515686035156,229.65828704833984
4332,0.4883677065372467,368.8333740234375,188.2727508544922,452.5621032714844,270.8402099609375,410.69773864746094,229.55648040771484
4333,0.4253021776676178,368.68988037109375,188.15835571289062,452.421630859375,270.8118896484375,410.5557556152344,229.48512268066406
4334,0.45655199885368347,368.8667907714844,188.1624755859375,452.67022705078125,270.593994140625,410.7685089111328,229.37823486328125
4335,0.6413767337799072,368.8786315917969,188.01365661621094,452.05902099609375,271.24884033203125,410.4688262939453,229.6312484741211
4336,0.4015548527240753,369.1557312011719,188.17657470703125,452.19140625,270.582275390625,410.67356872558594,229.37942504882812
4337,0.48048388957977295,369.07647705078125,188.28616333007812,452.23394775390625,270.9458312988281,410.65521240234375,229.61599731445312
4338,0.4605691730976105,369.0588073730469,188.3777618408203,452.3712158203125,270.50469970703125,410.7150115966797,229.44123077392578
4339,0.5182968974113464,369.2604675292969,188.51620483398438,452.89617919921875,270.8079833984375,411.0783233642578,229.66209411621094
4340,0.3363783359527588,369.1408386230469,188.40838623046875,453.515625,270.5497741699219,411.32823181152344,229.4790802001953
4341,0.34463682770729065,368.8100280761719,188.45896911621094,453.29681396484375,270.84930419921875,411.0534210205078,229.65413665771484
4342,0.3807823359966278,369.0028381347656,188.4155731201172,454.43280029296875,270.9925537109375,411.7178192138672,229.70406341552734
4343,0.51490318775177,369.22601318359375,188.32083129882812,454.52789306640625,270.73541259765625,411.876953125,229.5281219482422
4344,0.2480926513671875,369.18695068359375,188.35333251953125,454.5442199707031,270.7979431152344,411.86558532714844,229.5756378173828
4345,0.2309582233428955,368.588134765625,188.30145263671875,458.7541809082031,272.14764404296875,413.67115783691406,230.22454833984375
4346,0.3405130207538605,368.5600891113281,188.52236938476562,458.36444091796875,272.36627197265625,413.46226501464844,230.44432067871094
4347,0.4947039484977722,368.8534851074219,188.41751098632812,458.159912109375,272.451904296875,413.50669860839844,230.43470764160156
4348,0.3913041651248932,369.75738525390625,188.4452362060547,454.3284912109375,270.58270263671875,412.0429382324219,229.51396942138672
4349,0.3905266523361206,368.71453857421875,188.38531494140625,457.7566223144531,272.1321716308594,413.23558044433594,230.2587432861328
4350,0.5467272400856018,369.61566162109375,188.5480499267578,454.7622985839844,270.734375,412.18898010253906,229.6412124633789
4351,0.5710631608963013,369.6784362792969,188.4937744140625,454.29638671875,270.4822692871094,411.98741149902344,229.48802185058594
4352,0.3996766209602356,368.40924072265625,188.50537109375,457.47076416015625,272.067138671875,412.94000244140625,230.2862548828125
4353,0.3792109191417694,368.73614501953125,188.50657653808594,457.3912353515625,272.00665283203125,413.0636901855469,230.2566146850586
4354,0.3648402988910675,368.6533203125,188.50914001464844,457.2019958496094,271.8963317871094,412.9276580810547,230.2027359008789
4355,0.4868409335613251,369.6168212890625,188.38966369628906,453.36395263671875,270.9692687988281,411.4903869628906,229.6794662475586
4356,0.38139259815216064,368.64007568359375,188.3858642578125,456.8138122558594,271.77630615234375,412.72694396972656,230.08108520507812
4357,0.4530448913574219,368.7298583984375,188.27261352539062,456.988525390625,271.8857116699219,412.85919189453125,230.07916259765625
4358,0.4275381565093994,368.91094970703125,188.3144073486328,457.4328918457031,271.63232421875,413.1719207763672,229.9733657836914
4359,0.39299276471138,368.88311767578125,188.16238403320312,457.9888000488281,271.48883056640625,413.4359588623047,229.8256072998047
4360,0.3831561207771301,368.8556823730469,188.36366271972656,457.70526123046875,271.1849670410156,413.2804718017578,229.7743148803711
4361,0.3934355676174164,369.554931640625,188.327880859375,454.3404235839844,270.1402282714844,411.9476776123047,229.2340545654297
4362,0.5045880079269409,369.53466796875,188.39341735839844,454.03363037109375,270.4765625,411.7841491699219,229.43498992919922
4363,0.5227632522583008,369.4547119140625,188.36181640625,454.4263000488281,269.6962890625,411.9405059814453,229.029052734375
4364,0.31365376710891724,369.16064453125,188.451416015625,453.9908752441406,269.8708190917969,411.5757598876953,229.16111755371094
4365,0.37788498401641846,368.75653076171875,188.41067504882812,457.6875915527344,271.53277587890625,413.22206115722656,229.9717254638672
4366,0.429789274930954,368.7818298339844,188.30380249023438,457.8121032714844,272.1048278808594,413.2969665527344,230.20431518554688
4367,0.41120532155036926,368.71185302734375,188.31637573242188,458.4267883300781,272.61712646484375,413.56932067871094,230.4667510986328
4368,0.3262821435928345,368.3444519042969,188.23223876953125,458.870361328125,272.3509826660156,413.60740661621094,230.29161071777344
4369,0.33831554651260376,368.2292175292969,188.19081115722656,459.047607421875,271.8948974609375,413.63841247558594,230.04285430908203
4370,0.32975879311561584,368.37847900390625,188.15414428710938,459.3902587890625,271.7088317871094,413.8843688964844,229.93148803710938
4371,0.38175374269485474,366.5413513183594,188.32391357421875,450.0989685058594,274.6513671875,408.3201599121094,231.48764038085938
4372,0.3354009985923767,368.16656494140625,188.0379638671875,459.14508056640625,271.7908630371094,413.65582275390625,229.91441345214844
4373,0.3178074061870575,366.0605163574219,187.99649047851562,450.63446044921875,275.38909912109375,408.3474884033203,231.6927947998047
4374,0.31482601165771484,366.3625793457031,187.99081420898438,450.5306396484375,275.10845947265625,408.4466094970703,231.5496368408203
4375,0.3328876793384552,366.2998046875,187.7736053466797,450.1826477050781,275.10614013671875,408.24122619628906,231.43987274169922
4376,0.31072747707366943,366.46197509765625,187.92214965820312,450.4562072753906,275.0609436035156,408.45909118652344,231.49154663085938
4377,0.3367173373699188,366.4102783203125,187.800048828125,450.5634765625,275.0262756347656,408.48687744140625,231.4131622314453
4378,0.2929977774620056,368.6086120605469,187.99163818359375,458.4088439941406,272.4093933105469,413.50872802734375,230.2005157470703
4379,0.32317689061164856,368.5651550292969,187.98348999023438,458.59405517578125,272.2782897949219,413.57960510253906,230.13088989257812
4380,0.3036305606365204,368.5455322265625,188.19195556640625,458.2087097167969,271.9556579589844,413.3771209716797,230.0738067626953
4381,0.24609771370887756,368.4696960449219,188.10708618164062,458.28424072265625,272.0458984375,413.37696838378906,230.0764923095703
4382,0.2066866159439087,368.1242980957031,188.1591796875,458.29083251953125,272.19964599609375,413.2075653076172,230.17941284179688
4383,0.1666201800107956,368.16326904296875,188.06240844726562,459.139404296875,271.9383544921875,413.6513366699219,230.00038146972656
4384,0.11249817162752151,366.258056640625,187.8632354736328,451.0537109375,275.302490234375,408.6558837890625,231.5828628540039
4385,0.10073063522577286,366.2162170410156,187.93716430664062,450.69195556640625,275.1201171875,408.45408630371094,231.5286407470703
4386,nan,nan,nan,nan,nan,nan,nan
4387,0.2031099796295166,366.3702392578125,188.0240478515625,450.47515869140625,275.2999267578125,408.4226989746094,231.6619873046875
4388,0.1839725822210312,366.4462890625,187.98504638671875,450.41064453125,274.79644775390625,408.428466796875,231.3907470703125
4389,0.2505846321582794,366.29351806640625,188.0932159423828,450.25396728515625,275.06939697265625,408.27374267578125,231.58130645751953
4390,0.20673151314258575,366.08148193359375,187.9871063232422,450.4772644042969,275.23663330078125,408.2793731689453,231.61186981201172
4391,0.1434120237827301,365.89678955078125,187.88832092285156,450.69915771484375,274.9909973144531,408.2979736328125,231.43965911865234
4392,0.11505143344402313,365.6593017578125,187.75987243652344,451.14581298828125,275.67724609375,408.4025573730469,231.71855926513672
4393,0.10537745803594589,365.84918212890625,187.74459838867188,451.1954040527344,275.2518615722656,408.5222930908203,231.49822998046875
4394,nan,nan,nan,nan,nan,nan,nan
4395,0.1370989829301834,365.892578125,187.68832397460938,451.19464111328125,275.25286865234375,408.5436096191406,231.47059631347656
4396,0.13741350173950195,365.93035888671875,187.7007293701172,451.27142333984375,275.07830810546875,408.60089111328125,231.38951873779297
4397,0.14418461918830872,365.857666015625,187.70205688476562,451.19573974609375,274.9457702636719,408.5267028808594,231.32391357421875
4398,0.10776839405298233,365.9554443359375,187.79539489746094,451.3291015625,275.33013916015625,408.64227294921875,231.5627670288086
4399,0.16605402529239655,365.819091796875,187.75570678710938,451.13232421875,275.59332275390625,408.4757080078125,231.6745147705078
4400,0.16635999083518982,365.85601806640625,187.9656982421875,451.3515625,276.3054504394531,408.6037902832031,232.1355743408203
4401,0.2096262276172638,366.01116943359375,187.8445587158203,451.1026611328125,276.547119140625,408.5569152832031,232.19583892822266
4402,0.1281416118144989,366.36163330078125,187.52902221679688,452.00555419921875,276.6719055175781,409.18359375,232.1004638671875
4403,0.21451878547668457,380.13421630859375,189.27113342285156,492.868896484375,280.1602783203125,436.5015563964844,234.71570587158203
4404,0.19069604575634003,407.41278076171875,197.61502075195312,493.02154541015625,285.04449462890625,450.2171630859375,241.3297576904297
4405,0.18629881739616394,422.6379089355469,199.8648681640625,526.7060546875,278.6109619140625,474.67198181152344,239.2379150390625
4406,0.29976987838745117,432.9263916015625,191.59483337402344,538.6520385742188,271.45123291015625,485.7892150878906,231.52303314208984
4407,0.4008079767227173,436.53277587890625,189.4014892578125,545.303466796875,265.3148193359375,490.9181213378906,227.358154296875
4408,0.8370689749717712,456.5809020996094,179.79702758789062,553.5093994140625,255.57467651367188,505.04515075683594,217.68585205078125
4409,0.7593864798545837,497.0074768066406,171.2001953125,596.9947509765625,248.32264709472656,547.0011138916016,209.76142120361328
4410,0.8473209738731384,571.330322265625,170.0960693359375,665.2500610351562,250.58694458007812,618.2901916503906,210.3415069580078
4411,0.8033959269523621,627.4072875976562,164.70761108398438,728.94775390625,246.03860473632812,678.1775207519531,205.37310791015625
4412,0.8512025475502014,678.5927124023438,157.55010986328125,780.6091918945312,243.09654235839844,729.6009521484375,200.32332611083984
4413,0.83027583360672,725.3570556640625,181.63833618164062,821.468505859375,253.22900390625,773.4127807617188,217.4336700439453
4414,0.846879243850708,754.126220703125,199.86346435546875,850.3873291015625,267.5600280761719,802.2567749023438,233.7117462158203
4415,0.8622590899467468,786.9822998046875,196.79132080078125,882.2261962890625,287.17242431640625,834.604248046875,241.98187255859375
4416,0.8721591234207153,833.6768798828125,238.70008850097656,926.078125,309.6468505859375,879.8775024414062,274.17346954345703
4417,0.8653892278671265,859.2050170898438,250.58226013183594,964.2910766601562,337.05828857421875,911.748046875,293.82027435302734
4418,0.8638803362846375,898.5225830078125,286.0087890625,993.65283203125,362.3042297363281,946.0877075195312,324.15650939941406
4419,0.8815571665763855,921.3797607421875,327.24713134765625,1015.4256591796875,402.50164794921875,968.4027099609375,364.8743896484375
4420,0.8552760481834412,941.9192504882812,344.087890625,1032.2705078125,434.53521728515625,987.0948791503906,389.3115539550781
4421,0.8937281966209412,971.25732421875,395.01263427734375,1059.963134765625,469.753662109375,1015.6102294921875,432.3831481933594
4422,0.8612568378448486,987.156494140625,417.9029846191406,1087.1790771484375,498.7614440917969,1037.1677856445312,458.33221435546875
4423,0.8748679757118225,1011.0895385742188,448.2015380859375,1101.657958984375,524.9873657226562,1056.3737487792969,486.5944519042969
4424,0.8781190514564514,1024.001220703125,482.6856689453125,1116.277587890625,561.144775390625,1070.139404296875,521.9152221679688
4425,0.8630596995353699,1048.443359375,492.90179443359375,1138.719970703125,582.9140625,1093.5816650390625,537.9079284667969
4426,0.8389785885810852,1076.739501953125,520.7722778320312,1160.459716796875,597.201416015625,1118.599609375,558.9868469238281
4427,0.8805953860282898,1097.6363525390625,522.320556640625,1181.5814208984375,601.113037109375,1139.60888671875,561.716796875
4428,0.8786808848381042,1104.5943603515625,525.202880859375,1191.3050537109375,601.9576416015625,1147.94970703125,563.5802612304688
4429,0.864775538444519,1109.103271484375,531.0772705078125,1193.656005859375,609.750732421875,1151.379638671875,570.4140014648438
4430,0.8681643009185791,1106.665283203125,534.5946044921875,1195.48974609375,612.3544311523438,1151.0775146484375,573.4745178222656
4431,0.8689138293266296,1110.0230712890625,537.13427734375,1199.958251953125,613.4291381835938,1154.9906616210938,575.2817077636719
4432,0.8767459392547607,1110.4398193359375,538.55126953125,1198.6468505859375,614.65478515625,1154.5433349609375,576.60302734375
4433,0.8865973353385925,1107.5701904296875,537.433837890625,1194.7928466796875,614.8912963867188,1151.1815185546875,576.1625671386719
4434,0.8872522711753845,1106.64306640625,538.3353271484375,1194.762939453125,615.116943359375,1150.7030029296875,576.7261352539062
4435,0.8871271014213562,1107.5093994140625,539.0267333984375,1194.610107421875,615.557861328125,1151.0597534179688,577.2922973632812
4436,0.8803605437278748,1107.685791015625,540.3099975585938,1194.394287109375,616.0750122070312,1151.0400390625,578.1925048828125
4437,0.8841243386268616,1104.3067626953125,545.1054077148438,1192.6251220703125,621.4400634765625,1148.4659423828125,583.2727355957031
4438,0.8882010579109192,1103.38134765625,545.4713745117188,1191.4619140625,623.3783569335938,1147.421630859375,584.4248657226562
4439,0.8836457133293152,1103.78515625,545.323486328125,1191.228759765625,622.384033203125,1147.5069580078125,583.853759765625
4440,0.8853302001953125,1102.96044921875,544.965576171875,1190.8427734375,622.5859375,1146.901611328125,583.7757568359375
4441,0.8856763243675232,1103.171630859375,544.9356079101562,1190.625,622.564453125,1146.8983154296875,583.7500305175781
4442,0.8862276077270508,1102.522705078125,544.781982421875,1190.34228515625,622.4373779296875,1146.4324951171875,583.6096801757812
4443,0.8826290369033813,1102.60205078125,544.55126953125,1190.07177734375,622.7118530273438,1146.3369140625,583.6315612792969
4444,0.8842861652374268,1101.6910400390625,544.2064819335938,1189.7852783203125,622.7005004882812,1145.7381591796875,583.4534912109375
4445,0.8836344480514526,1101.48876953125,544.0150146484375,1189.637451171875,622.5543212890625,1145.5631103515625,583.28466796875
4446,0.8851296901702881,1101.33935546875,543.9788818359375,1189.65087890625,622.5970458984375,1145.4951171875,583.2879638671875
4447,0.8793713450431824,1101.5433349609375,543.8262939453125,1189.462890625,622.6212158203125,1145.5031127929688,583.2237548828125
4448,0.8813796043395996,1101.482177734375,543.6787719726562,1189.654296875,622.6954345703125,1145.5682373046875,583.1871032714844
4449,0.8811275959014893,1101.822998046875,543.9654541015625,1189.994140625,622.6347045898438,1145.9085693359375,583.3000793457031
4450,0.8165695667266846,1102.85205078125,540.390380859375,1192.7486572265625,612.519287109375,1147.8003540039062,576.454833984375
4451,0.8536000847816467,1099.909912109375,520.28662109375,1191.839111328125,594.0576171875,1145.87451171875,557.172119140625
4452,0.8547331094741821,1100.24365234375,518.5409545898438,1190.0263671875,591.2752075195312,1145.135009765625,554.9080810546875
4453,0.8596000075340271,1099.9041748046875,519.4080810546875,1190.5478515625,592.4430541992188,1145.2260131835938,555.9255676269531
4454,0.8591580390930176,1100.0201416015625,518.65966796875,1190.1578369140625,591.710693359375,1145.0889892578125,555.1851806640625
4455,0.8324078321456909,1096.4481201171875,509.2027587890625,1190.8958740234375,584.2913818359375,1143.6719970703125,546.7470703125
4456,0.8150078654289246,1091.0831298828125,489.3322448730469,1185.2276611328125,566.6435546875,1138.1553955078125,527.9878997802734
4457,0.8464319705963135,1093.922119140625,467.99896240234375,1185.24951171875,545.0897216796875,1139.5858154296875,506.5443420410156
4458,0.8514227867126465,1102.42626953125,459.1112365722656,1190.741943359375,534.1063232421875,1146.5841064453125,496.60877990722656
4459,0.8088468313217163,1108.706787109375,452.7076721191406,1194.822998046875,527.82470703125,1151.764892578125,490.2661895751953
4460,0.7847254872322083,1109.461669921875,448.90081787109375,1195.2703857421875,522.2332763671875,1152.3660278320312,485.5670471191406
4461,0.8534383773803711,1106.980712890625,426.50665283203125,1191.417236328125,498.2264099121094,1149.198974609375,462.3665313720703
4462,0.8552764654159546,1113.157958984375,403.18707275390625,1193.774169921875,473.2618103027344,1153.466064453125,438.2244415283203
4463,0.8424521684646606,1116.4771728515625,379.3125,1199.611083984375,448.642822265625,1158.0441284179688,413.9776611328125
4464,0.8666331171989441,1124.996337890625,360.44610595703125,1207.38427734375,430.4883728027344,1166.1903076171875,395.4672393798828
4465,0.8885757327079773,1136.3427734375,350.6036376953125,1218.001708984375,420.50927734375,1177.1722412109375,385.55645751953125
4466,0.8323567509651184,1145.5506591796875,341.939697265625,1230.162353515625,412.53875732421875,1187.8565063476562,377.2392272949219
4467,0.8331194519996643,1156.1982421875,331.434326171875,1239.23388671875,399.69647216796875,1197.716064453125,365.5653991699219
4468,0.8378245830535889,1169.1932373046875,315.5408020019531,1251.2666015625,382.473876953125,1210.2299194335938,349.00733947753906
4469,0.8307905197143555,1186.859375,304.75543212890625,1266.62353515625,370.0756530761719,1226.741455078125,337.41554260253906
4470,0.8583085536956787,1200.314697265625,298.4776306152344,1282.0704345703125,369.76287841796875,1241.1925659179688,334.12025451660156
4471,0.8921029567718506,1222.879638671875,298.5927734375,1300.74951171875,368.4000549316406,1261.8145751953125,333.4964141845703
4472,0.7108996510505676,1243.96923828125,292.7289733886719,1316.88818359375,355.10101318359375,1280.4287109375,323.9149932861328
4473,0.32181039452552795,1252.5572509765625,285.33612060546875,1332.4945068359375,347.518310546875,1292.52587890625,316.4272155761719
4474,nan,nan,nan,nan,nan,nan,nan
4475,0.6423487663269043,1267.696533203125,273.76226806640625,1344.11328125,337.68975830078125,1305.9049072265625,305.72601318359375
4476,0.5541674494743347,1267.555908203125,270.1867980957031,1341.958984375,333.8555908203125,1304.7574462890625,302.0211944580078
4477,0.6643368601799011,1268.8193359375,264.3533935546875,1346.814208984375,331.08782958984375,1307.8167724609375,297.7206115722656
4478,0.6059434413909912,1288.877685546875,258.43963623046875,1373.79833984375,329.5359191894531,1331.3380126953125,293.98777770996094
4479,0.6261464953422546,1280.291259765625,256.0044250488281,1364.84716796875,325.6667175292969,1322.5692138671875,290.8355712890625
4480,0.3885599970817566,1271.113037109375,264.61029052734375,1353.632080078125,331.9244384765625,1312.37255859375,298.2673645019531
4481,nan,nan,nan,nan,nan,nan,nan
4482,nan,nan,nan,nan,nan,nan,nan
4483,nan,nan,nan,nan,nan,nan,nan
4484,nan,nan,nan,nan,nan,nan,nan
4485,nan,nan,nan,nan,nan,nan,nan
4486,0.18815165758132935,1246.3179931640625,280.6620178222656,1327.52783203125,355.3500671386719,1286.9229125976562,318.00604248046875
4487,0.4402850270271301,1247.1513671875,281.6917419433594,1326.6268310546875,355.46722412109375,1286.8890991210938,318.57948303222656
4488,0.2014162391424179,1240.677734375,279.2032470703125,1326.24365234375,354.5423583984375,1283.460693359375,316.872802734375
4489,0.289056658744812,1239.7086181640625,279.2113037109375,1326.275390625,354.3979797363281,1282.9920043945312,316.8046417236328
4490,0.33255210518836975,1246.2872314453125,280.39910888671875,1328.8861083984375,355.2371826171875,1287.586669921875,317.8181457519531
4491,0.3462713956832886,1248.0531005859375,281.2608642578125,1327.4384765625,354.61041259765625,1287.7457885742188,317.9356384277344
4492,0.472355455160141,1245.158203125,280.4713134765625,1326.8206787109375,354.58270263671875,1285.9894409179688,317.5270080566406
4493,0.4557759761810303,1244.24951171875,280.9807434082031,1326.0771484375,355.39691162109375,1285.163330078125,318.18882751464844
4494,0.5104109644889832,1250.00927734375,282.0125732421875,1324.13330078125,351.3111572265625,1287.0712890625,316.661865234375
4495,0.5202887654304504,1249.24755859375,282.2452697753906,1324.019287109375,352.1722412109375,1286.6334228515625,317.20875549316406
4496,0.5573517680168152,1249.7109375,282.05792236328125,1323.4339599609375,350.5498046875,1286.5724487304688,316.3038635253906
4497,0.5863017439842224,1249.3895263671875,281.9727783203125,1323.64208984375,350.9277648925781,1286.5158081054688,316.4502716064453
4498,0.6204107403755188,1250.526611328125,281.95208740234375,1323.5087890625,350.3558349609375,1287.0177001953125,316.1539611816406
4499,0.648766279220581,1250.4410400390625,282.16937255859375,1323.40087890625,351.7857971191406,1286.9209594726562,316.9775848388672
4500,0.6447187066078186,1250.466064453125,282.12017822265625,1323.768310546875,351.8016357421875,1287.1171875,316.9609069824219
4501,0.6606424450874329,1251.706787109375,281.5108337402344,1326.7569580078125,354.36199951171875,1289.2318725585938,317.93641662597656
4502,0.603056013584137,1251.491455078125,281.52459716796875,1326.4970703125,354.2708740234375,1288.9942626953125,317.8977355957031
4503,nan,nan,nan,nan,nan,nan,nan
4504,nan,nan,nan,nan,nan,nan,nan
4505,0.355999618768692,1250.167236328125,292.20257568359375,1329.330322265625,364.05224609375,1289.748779296875,328.1274108886719
4506,0.24505731463432312,1243.05810546875,290.61920166015625,1324.429931640625,366.32806396484375,1283.7440185546875,328.4736328125
4507,0.14834339916706085,1244.154052734375,290.80255126953125,1327.0367431640625,362.17974853515625,1285.5953979492188,326.49114990234375
4508,0.16822215914726257,1243.8265380859375,290.56195068359375,1326.951171875,362.8470458984375,1285.3888549804688,326.7044982910156
4509,0.1454203873872757,1243.29541015625,290.83935546875,1327.2371826171875,364.1397399902344,1285.2662963867188,327.4895477294922
4510,0.2362527698278427,1242.9080810546875,290.35699462890625,1326.96875,364.61566162109375,1284.9384155273438,327.486328125
4511,0.20030063390731812,1242.6236572265625,290.36407470703125,1327.598876953125,364.47027587890625,1285.1112670898438,327.41717529296875
4512,0.12136391550302505,1242.63330078125,290.2101745605469,1327.268798828125,363.56927490234375,1284.9510498046875,326.8897247314453
4513,0.17291124165058136,1243.1552734375,290.3826904296875,1327.489501953125,364.531982421875,1285.3223876953125,327.45733642578125
4514,0.21228817105293274,1243.974365234375,290.27008056640625,1326.507080078125,365.0574951171875,1285.24072265625,327.6637878417969
4515,0.27233901619911194,1243.9735107421875,290.51055908203125,1325.7373046875,365.0946350097656,1284.8554077148438,327.80259704589844
4516,0.31316903233528137,1243.1041259765625,290.56024169921875,1326.9935302734375,365.14239501953125,1285.048828125,327.851318359375
4517,0.27659425139427185,1244.53271484375,290.32427978515625,1326.8302001953125,365.573974609375,1285.6814575195312,327.9491271972656
4518,0.15600748360157013,1242.5269775390625,290.0802917480469,1326.5712890625,364.0172119140625,1284.5491333007812,327.0487518310547
4519,0.22362102568149567,1243.193603515625,290.559326171875,1327.377197265625,364.72430419921875,1285.285400390625,327.6418151855469
4520,0.15732862055301666,1242.724365234375,290.12310791015625,1326.3109130859375,363.34625244140625,1284.5176391601562,326.73468017578125
4521,0.2979069948196411,1245.7181396484375,290.43963623046875,1326.5006103515625,365.7882080078125,1286.109375,328.1139221191406
4522,0.270212322473526,1245.5980224609375,290.28741455078125,1326.313720703125,364.6961669921875,1285.9558715820312,327.4917907714844
4523,0.23610833287239075,1244.35498046875,290.281982421875,1325.9952392578125,364.61474609375,1285.1751098632812,327.4483642578125
4524,0.24513424932956696,1244.95166015625,290.4786071777344,1327.22314453125,364.3807067871094,1286.08740234375,327.4296569824219
4525,0.21072092652320862,1244.3778076171875,290.4740295410156,1325.9329833984375,364.3644104003906,1285.1553955078125,327.4192199707031
4526,0.4673464894294739,1241.15625,290.3636169433594,1324.9705810546875,361.16229248046875,1283.0634155273438,325.76295471191406
4527,0.864540696144104,1238.1796875,298.6006164550781,1326.178466796875,375.68280029296875,1282.1790771484375,337.14170837402344
4528,0.8604207038879395,1237.5399169921875,299.3681640625,1325.2265625,377.0091247558594,1281.3832397460938,338.1886444091797
4529,0.86418217420578,1240.2374267578125,299.935302734375,1324.833984375,376.6158447265625,1282.5357055664062,338.27557373046875
4530,0.8602715134620667,1240.5728759765625,299.6943359375,1324.676513671875,376.5419921875,1282.6246948242188,338.1181640625
4531,0.8595952987670898,1238.419677734375,299.37445068359375,1324.6630859375,376.430419921875,1281.5413818359375,337.9024353027344
4532,0.8518392443656921,1238.146240234375,299.55694580078125,1324.769775390625,376.1322021484375,1281.4580078125,337.8445739746094
4533,0.8583887219429016,1237.919677734375,298.95001220703125,1324.4296875,376.38970947265625,1281.1746826171875,337.66986083984375
4534,0.8628002405166626,1237.9111328125,298.7394104003906,1324.33837890625,375.9798889160156,1281.124755859375,337.3596496582031
4535,0.8648767471313477,1238.96337890625,298.7893981933594,1324.34619140625,375.7032165527344,1281.65478515625,337.2463073730469
4536,0.8570502996444702,1238.070556640625,298.68609619140625,1324.29931640625,375.7048645019531,1281.1849365234375,337.1954803466797
4537,0.8464110493659973,1234.492919921875,298.69183349609375,1324.375244140625,375.812255859375,1279.43408203125,337.2520446777344
4538,0.8524319529533386,1237.0771484375,298.928466796875,1324.4261474609375,375.88092041015625,1280.7516479492188,337.4046936035156
4539,0.8542393445968628,1236.589111328125,299.00262451171875,1324.35009765625,375.7402038574219,1280.4696044921875,337.3714141845703
4540,0.8469796180725098,1236.177001953125,298.8904724121094,1324.492919921875,375.70819091796875,1280.3349609375,337.29933166503906
4541,0.8537011742591858,1235.757080078125,299.1802978515625,1324.454345703125,376.146240234375,1280.105712890625,337.66326904296875
4542,0.8490139842033386,1235.3363037109375,299.06390380859375,1324.388916015625,375.67108154296875,1279.8626098632812,337.36749267578125
4543,0.8495098948478699,1235.25244140625,299.0325927734375,1324.344970703125,375.6640625,1279.7987060546875,337.34832763671875
4544,0.8447597622871399,1234.5787353515625,299.15863037109375,1324.42138671875,375.91021728515625,1279.5000610351562,337.534423828125
4545,0.853310227394104,1236.5301513671875,299.1719970703125,1324.400634765625,375.789306640625,1280.4653930664062,337.48065185546875
4546,0.8554610013961792,1236.66796875,299.1427917480469,1324.298583984375,375.7475280761719,1280.4832763671875,337.4451599121094
4547,0.8506349325180054,1235.0869140625,299.11163330078125,1324.27978515625,375.62335205078125,1279.683349609375,337.36749267578125
4548,0.8545182943344116,1236.628173828125,299.0977478027344,1324.3299560546875,375.65423583984375,1280.4790649414062,337.37599182128906
4549,0.8531332015991211,1236.334716796875,299.23614501953125,1324.4080810546875,375.7802734375,1280.3713989257812,337.5082092285156
4550,nan,nan,nan,nan,nan,nan,nan
4551,0.17854981124401093,1217.2247314453125,320.95263671875,1298.6971435546875,408.27337646484375,1257.9609375,364.6130065917969
4552,0.3184159994125366,1199.0460205078125,308.87255859375,1296.5885009765625,422.57000732421875,1247.8172607421875,365.7212829589844
4553,0.5915122032165527,1202.224365234375,306.6534423828125,1297.142822265625,422.0794372558594,1249.68359375,364.36643981933594
4554,0.43254178762435913,1200.783447265625,308.85894775390625,1297.1488037109375,420.72698974609375,1248.9661254882812,364.79296875
4555,0.49015817046165466,1199.9285888671875,313.2591552734375,1297.1246337890625,420.7497253417969,1248.526611328125,367.0044403076172
4556,0.46246570348739624,1199.130126953125,312.8334045410156,1297.1474609375,420.59722900390625,1248.1387939453125,366.71531677246094
4557,0.47385361790657043,1200.956298828125,316.3433837890625,1297.176513671875,420.56494140625,1249.06640625,368.45416259765625
4558,0.44152018427848816,1204.64111328125,329.47216796875,1296.80078125,420.1271667480469,1250.720947265625,374.79966735839844
4559,0.11953122913837433,1204.2705078125,325.20843505859375,1293.4771728515625,418.29266357421875,1248.8738403320312,371.75054931640625
4560,nan,nan,nan,nan,nan,nan,nan
4561,nan,nan,nan,nan,nan,nan,nan
4562,nan,nan,nan,nan,nan,nan,nan
4563,nan,nan,nan,nan,nan,nan,nan
4564,nan,nan,nan,nan,nan,nan,nan
4565,nan,nan,nan,nan,nan,nan,nan
4566,nan,nan,nan,nan,nan,nan,nan
4567,nan,nan,nan,nan,nan,nan,nan
4568,nan,nan,nan,nan,nan,nan,nan
4569,nan,nan,nan,nan,nan,nan,nan
4570,nan,nan,nan,nan,nan,nan,nan
4571,nan,nan,nan,nan,nan,nan,nan
4572,nan,nan,nan,nan,nan,nan,nan
4573,nan,nan,nan,nan,nan,nan,nan
4574,0.10236801207065582,1207.9833984375,334.3797912597656,1291.8006591796875,417.6914978027344,1249.8920288085938,376.03564453125
4575,nan,nan,nan,nan,nan,nan,nan
4576,nan,nan,nan,nan,nan,nan,nan
4577,nan,nan,nan,nan,nan,nan,nan
4578,nan,nan,nan,nan,nan,nan,nan
4579,nan,nan,nan,nan,nan,nan,nan
4580,nan,nan,nan,nan,nan,nan,nan
4581,nan,nan,nan,nan,nan,nan,nan
4582,nan,nan,nan,nan,nan,nan,nan
4583,nan,nan,nan,nan,nan,nan,nan
4584,nan,nan,nan,nan,nan,nan,nan
4585,nan,nan,nan,nan,nan,nan,nan
4586,nan,nan,nan,nan,nan,nan,nan
4587,nan,nan,nan,nan,nan,nan,nan
4588,0.1587938815355301,1208.745361328125,337.77899169921875,1290.380615234375,418.4896240234375,1249.56298828125,378.1343078613281
4589,0.2722495198249817,1206.238525390625,335.5498962402344,1287.447021484375,418.74554443359375,1246.8427734375,377.14772033691406
4590,0.6258294582366943,1209.44970703125,352.358154296875,1280.796630859375,430.32269287109375,1245.1231689453125,391.3404235839844
4591,0.4000345766544342,1209.62158203125,375.97198486328125,1280.389892578125,459.28387451171875,1245.0057373046875,417.6279296875
4592,nan,nan,nan,nan,nan,nan,nan
4593,nan,nan,nan,nan,nan,nan,nan
4594,nan,nan,nan,nan,nan,nan,nan
4595,0.3803727328777313,1153.1409912109375,433.80853271484375,1246.1153564453125,513.7329711914062,1199.628173828125,473.770751953125
4596,0.281939834356308,1190.810546875,445.4962463378906,1259.4461669921875,517.35595703125,1225.1283569335938,481.4261016845703
4597,0.5376462340354919,1124.60107421875,463.8139343261719,1226.4202880859375,555.1949462890625,1175.5106811523438,509.5044403076172
4598,0.7334279417991638,1116.750732421875,453.2793273925781,1219.19677734375,549.198974609375,1167.9737548828125,501.23915100097656
4599,0.6833125948905945,1099.203369140625,473.35699462890625,1191.1094970703125,553.1591796875,1145.1564331054688,513.2580871582031
4600,0.8355632424354553,1062.280029296875,492.3470764160156,1168.69482421875,572.7257080078125,1115.4874267578125,532.5363922119141
4601,0.6990818977355957,1020.0772705078125,503.9385986328125,1118.4525146484375,601.5263061523438,1069.264892578125,552.7324523925781
4602,0.8037521243095398,969.5275268554688,502.6777038574219,1092.363037109375,604.6246337890625,1030.9452819824219,553.6511688232422
4603,0.7935728430747986,933.4852294921875,529.68896484375,1049.4312744140625,605.9912109375,991.458251953125,567.840087890625
4604,0.8359965085983276,903.2979125976562,522.3839721679688,999.123046875,608.0604858398438,951.2104797363281,565.2222290039062
4605,0.8482497930526733,857.5332641601562,512.262451171875,952.4884643554688,596.1381225585938,905.0108642578125,554.2002868652344
4606,0.7905331254005432,810.9596557617188,487.5722351074219,919.0757446289062,579.154052734375,865.0177001953125,533.3631439208984
4607,0.7305914759635925,767.0421142578125,457.75067138671875,877.624267578125,537.9305419921875,822.3331909179688,497.8406066894531
4608,0.8484131693840027,724.1050415039062,407.473388671875,835.7543334960938,516.7963256835938,779.9296875,462.1348571777344
4609,0.8106659054756165,705.6141357421875,354.06060791015625,811.5811157226562,474.29425048828125,758.5976257324219,414.17742919921875
4610,0.8669976592063904,660.2747192382812,323.2554016113281,761.9755249023438,405.26318359375,711.1251220703125,364.25929260253906
4611,0.33050116896629333,621.1106567382812,292.78558349609375,718.6533203125,372.6092834472656,669.8819885253906,332.6974334716797
4612,0.8122265934944153,592.1985473632812,253.92942810058594,696.1372680664062,336.3714599609375,644.1679077148438,295.1504440307617
4613,0.8160521388053894,564.4500732421875,226.84780883789062,672.0150146484375,312.7984619140625,618.2325439453125,269.82313537597656
4614,0.7678877711296082,525.1156005859375,211.5875701904297,629.0824584960938,297.13800048828125,577.0990295410156,254.36278533935547
4615,nan,nan,nan,nan,nan,nan,nan
4616,nan,nan,nan,nan,nan,nan,nan
4617,nan,nan,nan,nan,nan,nan,nan
4618,0.7686232924461365,420.5277099609375,169.43907165527344,520.7876586914062,259.5328674316406,470.6576843261719,214.48596954345703
4619,0.38758981227874756,411.7065124511719,163.04498291015625,508.3797912597656,240.3962860107422,460.04315185546875,201.72063446044922
4620,0.25299492478370667,398.7593994140625,162.84701538085938,494.559814453125,246.35205078125,446.65960693359375,204.5995330810547
4621,0.12028432637453079,388.4097900390625,163.28900146484375,482.75946044921875,242.48193359375,435.5846252441406,202.88546752929688
4622,nan,nan,nan,nan,nan,nan,nan
4623,nan,nan,nan,nan,nan,nan,nan
4624,nan,nan,nan,nan,nan,nan,nan
4625,nan,nan,nan,nan,nan,nan,nan
4626,0.1470465213060379,647.220703125,266.6427917480469,731.7782592773438,322.0484924316406,689.4994812011719,294.34564208984375
4627,nan,nan,nan,nan,nan,nan,nan
4628,nan,nan,nan,nan,nan,nan,nan
4629,nan,nan,nan,nan,nan,nan,nan
4630,nan,nan,nan,nan,nan,nan,nan
4631,nan,nan,nan,nan,nan,nan,nan
4632,nan,nan,nan,nan,nan,nan,nan
4633,nan,nan,nan,nan,nan,nan,nan
4634,nan,nan,nan,nan,nan,nan,nan
4635,nan,nan,nan,nan,nan,nan,nan
4636,nan,nan,nan,nan,nan,nan,nan
4637,nan,nan,nan,nan,nan,nan,nan
4638,nan,nan,nan,nan,nan,nan,nan
4639,nan,nan,nan,nan,nan,nan,nan
4640,nan,nan,nan,nan,nan,nan,nan
4641,nan,nan,nan,nan,nan,nan,nan
4642,nan,nan,nan,nan,nan,nan,nan
4643,nan,nan,nan,nan,nan,nan,nan
4644,nan,nan,nan,nan,nan,nan,nan
4645,nan,nan,nan,nan,nan,nan,nan
4646,nan,nan,nan,nan,nan,nan,nan
4647,nan,nan,nan,nan,nan,nan,nan
4648,nan,nan,nan,nan,nan,nan,nan
4649,nan,nan,nan,nan,nan,nan,nan
4650,nan,nan,nan,nan,nan,nan,nan
4651,nan,nan,nan,nan,nan,nan,nan
4652,nan,nan,nan,nan,nan,nan,nan
4653,nan,nan,nan,nan,nan,nan,nan
4654,nan,nan,nan,nan,nan,nan,nan
4655,nan,nan,nan,nan,nan,nan,nan
4656,nan,nan,nan,nan,nan,nan,nan
4657,nan,nan,nan,nan,nan,nan,nan
4658,nan,nan,nan,nan,nan,nan,nan
4659,nan,nan,nan,nan,nan,nan,nan
4660,nan,nan,nan,nan,nan,nan,nan
4661,nan,nan,nan,nan,nan,nan,nan
4662,nan,nan,nan,nan,nan,nan,nan
4663,nan,nan,nan,nan,nan,nan,nan
4664,nan,nan,nan,nan,nan,nan,nan
4665,nan,nan,nan,nan,nan,nan,nan
4666,nan,nan,nan,nan,nan,nan,nan
4667,0.16843590140342712,363.42706298828125,146.11019897460938,467.6756591796875,239.70538330078125,415.5513610839844,192.9077911376953
4668,nan,nan,nan,nan,nan,nan,nan
4669,nan,nan,nan,nan,nan,nan,nan
4670,nan,nan,nan,nan,nan,nan,nan
4671,nan,nan,nan,nan,nan,nan,nan
4672,nan,nan,nan,nan,nan,nan,nan
4673,0.12573885917663574,368.8984680175781,142.50982666015625,465.6545104980469,228.26783752441406,417.2764892578125,185.38883209228516
4674,nan,nan,nan,nan,nan,nan,nan
4675,nan,nan,nan,nan,nan,nan,nan
4676,nan,nan,nan,nan,nan,nan,nan
4677,nan,nan,nan,nan,nan,nan,nan
4678,nan,nan,nan,nan,nan,nan,nan
4679,nan,nan,nan,nan,nan,nan,nan
4680,0.23443113267421722,559.9610595703125,199.6995849609375,642.141357421875,281.190673828125,601.0512084960938,240.44512939453125
4681,nan,nan,nan,nan,nan,nan,nan
4682,nan,nan,nan,nan,nan,nan,nan
4683,nan,nan,nan,nan,nan,nan,nan
4684,0.15856502950191498,357.6410217285156,141.768310546875,453.539794921875,227.52713012695312,405.5904083251953,184.64772033691406
4685,nan,nan,nan,nan,nan,nan,nan
4686,0.16607417166233063,354.40838623046875,142.9580535888672,446.2079772949219,224.24130249023438,400.3081817626953,183.59967803955078
4687,nan,nan,nan,nan,nan,nan,nan
4688,nan,nan,nan,nan,nan,nan,nan
4689,nan,nan,nan,nan,nan,nan,nan
4690,nan,nan,nan,nan,nan,nan,nan
4691,nan,nan,nan,nan,nan,nan,nan
4692,nan,nan,nan,nan,nan,nan,nan
4693,nan,nan,nan,nan,nan,nan,nan
4694,nan,nan,nan,nan,nan,nan,nan
4695,nan,nan,nan,nan,nan,nan,nan
4696,nan,nan,nan,nan,nan,nan,nan
4697,nan,nan,nan,nan,nan,nan,nan
4698,nan,nan,nan,nan,nan,nan,nan
4699,nan,nan,nan,nan,nan,nan,nan
4700,nan,nan,nan,nan,nan,nan,nan
4701,nan,nan,nan,nan,nan,nan,nan
4702,nan,nan,nan,nan,nan,nan,nan
4703,nan,nan,nan,nan,nan,nan,nan
4704,nan,nan,nan,nan,nan,nan,nan
4705,nan,nan,nan,nan,nan,nan,nan
4706,nan,nan,nan,nan,nan,nan,nan
4707,nan,nan,nan,nan,nan,nan,nan
4708,nan,nan,nan,nan,nan,nan,nan
4709,nan,nan,nan,nan,nan,nan,nan
4710,nan,nan,nan,nan,nan,nan,nan
4711,nan,nan,nan,nan,nan,nan,nan
4712,nan,nan,nan,nan,nan,nan,nan
4713,nan,nan,nan,nan,nan,nan,nan
4714,nan,nan,nan,nan,nan,nan,nan
4715,nan,nan,nan,nan,nan,nan,nan
4716,nan,nan,nan,nan,nan,nan,nan
4717,nan,nan,nan,nan,nan,nan,nan
4718,nan,nan,nan,nan,nan,nan,nan
4719,nan,nan,nan,nan,nan,nan,nan
4720,nan,nan,nan,nan,nan,nan,nan
4721,nan,nan,nan,nan,nan,nan,nan
4722,nan,nan,nan,nan,nan,nan,nan
4723,nan,nan,nan,nan,nan,nan,nan
4724,nan,nan,nan,nan,nan,nan,nan
4725,nan,nan,nan,nan,nan,nan,nan
4726,nan,nan,nan,nan,nan,nan,nan
4727,nan,nan,nan,nan,nan,nan,nan
4728,nan,nan,nan,nan,nan,nan,nan
4729,nan,nan,nan,nan,nan,nan,nan
4730,nan,nan,nan,nan,nan,nan,nan
4731,nan,nan,nan,nan,nan,nan,nan
4732,nan,nan,nan,nan,nan,nan,nan
4733,nan,nan,nan,nan,nan,nan,nan
4734,nan,nan,nan,nan,nan,nan,nan
4735,nan,nan,nan,nan,nan,nan,nan
4736,nan,nan,nan,nan,nan,nan,nan
4737,nan,nan,nan,nan,nan,nan,nan
4738,nan,nan,nan,nan,nan,nan,nan
4739,nan,nan,nan,nan,nan,nan,nan
4740,nan,nan,nan,nan,nan,nan,nan
4741,nan,nan,nan,nan,nan,nan,nan
4742,nan,nan,nan,nan,nan,nan,nan
4743,nan,nan,nan,nan,nan,nan,nan
4744,nan,nan,nan,nan,nan,nan,nan
4745,nan,nan,nan,nan,nan,nan,nan
4746,nan,nan,nan,nan,nan,nan,nan
4747,nan,nan,nan,nan,nan,nan,nan
4748,nan,nan,nan,nan,nan,nan,nan
4749,nan,nan,nan,nan,nan,nan,nan
4750,nan,nan,nan,nan,nan,nan,nan
4751,nan,nan,nan,nan,nan,nan,nan
4752,nan,nan,nan,nan,nan,nan,nan
4753,nan,nan,nan,nan,nan,nan,nan
4754,nan,nan,nan,nan,nan,nan,nan
4755,nan,nan,nan,nan,nan,nan,nan
4756,nan,nan,nan,nan,nan,nan,nan
4757,nan,nan,nan,nan,nan,nan,nan
4758,nan,nan,nan,nan,nan,nan,nan
4759,nan,nan,nan,nan,nan,nan,nan
4760,nan,nan,nan,nan,nan,nan,nan
4761,nan,nan,nan,nan,nan,nan,nan
4762,nan,nan,nan,nan,nan,nan,nan
4763,nan,nan,nan,nan,nan,nan,nan
4764,nan,nan,nan,nan,nan,nan,nan
4765,nan,nan,nan,nan,nan,nan,nan
4766,nan,nan,nan,nan,nan,nan,nan
4767,nan,nan,nan,nan,nan,nan,nan
4768,nan,nan,nan,nan,nan,nan,nan
4769,nan,nan,nan,nan,nan,nan,nan
4770,nan,nan,nan,nan,nan,nan,nan
4771,nan,nan,nan,nan,nan,nan,nan
4772,nan,nan,nan,nan,nan,nan,nan
4773,nan,nan,nan,nan,nan,nan,nan
4774,nan,nan,nan,nan,nan,nan,nan
4775,nan,nan,nan,nan,nan,nan,nan
4776,nan,nan,nan,nan,nan,nan,nan
4777,nan,nan,nan,nan,nan,nan,nan
4778,nan,nan,nan,nan,nan,nan,nan
4779,nan,nan,nan,nan,nan,nan,nan
4780,nan,nan,nan,nan,nan,nan,nan
4781,nan,nan,nan,nan,nan,nan,nan
4782,nan,nan,nan,nan,nan,nan,nan
4783,nan,nan,nan,nan,nan,nan,nan
4784,nan,nan,nan,nan,nan,nan,nan
4785,nan,nan,nan,nan,nan,nan,nan
4786,nan,nan,nan,nan,nan,nan,nan
4787,nan,nan,nan,nan,nan,nan,nan
4788,nan,nan,nan,nan,nan,nan,nan
4789,nan,nan,nan,nan,nan,nan,nan
4790,nan,nan,nan,nan,nan,nan,nan
4791,nan,nan,nan,nan,nan,nan,nan
4792,nan,nan,nan,nan,nan,nan,nan
4793,nan,nan,nan,nan,nan,nan,nan
4794,nan,nan,nan,nan,nan,nan,nan
4795,nan,nan,nan,nan,nan,nan,nan
4796,nan,nan,nan,nan,nan,nan,nan
4797,nan,nan,nan,nan,nan,nan,nan
4798,nan,nan,nan,nan,nan,nan,nan
4799,nan,nan,nan,nan,nan,nan,nan
4800,nan,nan,nan,nan,nan,nan,nan
4801,nan,nan,nan,nan,nan,nan,nan
4802,nan,nan,nan,nan,nan,nan,nan
4803,nan,nan,nan,nan,nan,nan,nan
4804,nan,nan,nan,nan,nan,nan,nan
4805,nan,nan,nan,nan,nan,nan,nan
4806,nan,nan,nan,nan,nan,nan,nan
4807,nan,nan,nan,nan,nan,nan,nan
4808,nan,nan,nan,nan,nan,nan,nan
4809,nan,nan,nan,nan,nan,nan,nan
4810,nan,nan,nan,nan,nan,nan,nan
4811,nan,nan,nan,nan,nan,nan,nan
4812,nan,nan,nan,nan,nan,nan,nan
4813,nan,nan,nan,nan,nan,nan,nan
4814,nan,nan,nan,nan,nan,nan,nan
4815,nan,nan,nan,nan,nan,nan,nan
4816,nan,nan,nan,nan,nan,nan,nan
4817,nan,nan,nan,nan,nan,nan,nan
4818,nan,nan,nan,nan,nan,nan,nan
4819,nan,nan,nan,nan,nan,nan,nan
4820,nan,nan,nan,nan,nan,nan,nan
4821,nan,nan,nan,nan,nan,nan,nan
4822,nan,nan,nan,nan,nan,nan,nan
4823,nan,nan,nan,nan,nan,nan,nan
4824,nan,nan,nan,nan,nan,nan,nan
4825,nan,nan,nan,nan,nan,nan,nan
4826,nan,nan,nan,nan,nan,nan,nan
4827,nan,nan,nan,nan,nan,nan,nan
4828,nan,nan,nan,nan,nan,nan,nan
4829,nan,nan,nan,nan,nan,nan,nan
4830,nan,nan,nan,nan,nan,nan,nan
4831,nan,nan,nan,nan,nan,nan,nan
4832,nan,nan,nan,nan,nan,nan,nan
4833,nan,nan,nan,nan,nan,nan,nan
4834,nan,nan,nan,nan,nan,nan,nan
4835,nan,nan,nan,nan,nan,nan,nan
4836,nan,nan,nan,nan,nan,nan,nan
4837,0.18658247590065002,355.1639709472656,139.88095092773438,437.26739501953125,211.97665405273438,396.21568298339844,175.92880249023438
4838,nan,nan,nan,nan,nan,nan,nan
4839,0.22543592751026154,585.6806030273438,194.1796875,646.656005859375,250.10989379882812,616.1683044433594,222.14479064941406
4840,0.1329907476902008,589.1607055664062,195.60244750976562,647.4774169921875,249.38888549804688,618.3190612792969,222.49566650390625
4841,0.2909218370914459,341.02679443359375,158.3755645751953,436.9417419433594,240.07296752929688,388.98426818847656,199.2242660522461
4842,0.4957472085952759,594.7821044921875,192.9192352294922,650.0858154296875,244.7731475830078,622.4339599609375,218.84619140625
4843,0.5950183272361755,593.8579711914062,191.90435791015625,649.8319091796875,245.614501953125,621.8449401855469,218.75942993164062
4844,0.4989440143108368,593.778076171875,192.35385131835938,649.85400390625,245.6956329345703,621.8160400390625,219.02474212646484
4845,0.5062659978866577,593.6488037109375,192.17608642578125,650.0145263671875,245.76742553710938,621.8316650390625,218.9717559814453
4846,0.4817819595336914,593.7830200195312,192.6531982421875,650.0758666992188,245.81271362304688,621.929443359375,219.2329559326172
4847,0.5167240500450134,593.4420776367188,192.6269989013672,649.9509887695312,245.6594696044922,621.696533203125,219.1432342529297
4848,0.46609655022621155,593.6533813476562,192.8326416015625,650.0066528320312,245.52633666992188,621.8300170898438,219.1794891357422
4849,0.42089012265205383,593.811767578125,193.23309326171875,650.0494995117188,245.39251708984375,621.9306335449219,219.31280517578125
4850,0.41936740279197693,594.1367797851562,193.47079467773438,650.3209228515625,245.37469482421875,622.2288513183594,219.42274475097656
4851,0.4042777419090271,594.5628051757812,193.35594177246094,650.2359619140625,245.115234375,622.3993835449219,219.23558807373047
4852,0.3737851679325104,594.2645874023438,193.50022888183594,650.6273803710938,245.21507263183594,622.4459838867188,219.35765075683594
4853,0.38994893431663513,594.2713623046875,193.40093994140625,650.7337646484375,245.2408447265625,622.5025634765625,219.32089233398438
4854,0.3333031237125397,594.2718505859375,193.6087646484375,650.5655517578125,245.16293334960938,622.418701171875,219.38584899902344
4855,0.6187260150909424,345.92437744140625,163.9296875,442.8291320800781,241.88916015625,394.3767547607422,202.909423828125
4856,0.7562732100486755,347.71038818359375,168.8950653076172,459.9000549316406,244.8855743408203,403.8052215576172,206.89031982421875
4857,0.7873585820198059,348.84539794921875,171.3971710205078,457.8767395019531,244.5289306640625,403.36106872558594,207.96305084228516
4858,0.7939125895500183,349.74700927734375,171.5771942138672,457.82427978515625,244.76156616210938,403.78564453125,208.16938018798828
4859,0.829454779624939,350.3280944824219,172.5155029296875,458.58526611328125,245.03817749023438,404.45668029785156,208.77684020996094
4860,0.8097935914993286,350.3967590332031,172.2100830078125,460.0401306152344,245.24371337890625,405.21844482421875,208.72689819335938
4861,0.8166094422340393,350.3542785644531,172.12823486328125,459.7642822265625,245.25143432617188,405.0592803955078,208.68983459472656
4862,0.814223051071167,350.41607666015625,172.12448120117188,459.3622741699219,245.16598510742188,404.88917541503906,208.64523315429688
4863,0.8136516213417053,350.5366516113281,172.35812377929688,459.4217834472656,245.30276489257812,404.9792175292969,208.8304443359375
4864,0.8066307306289673,350.58184814453125,172.24945068359375,460.10736083984375,245.205810546875,405.3446044921875,208.72763061523438
4865,0.7935327291488647,350.50250244140625,172.3800811767578,459.89208984375,245.15386962890625,405.1972961425781,208.76697540283203
4866,0.7880128026008606,350.3597412109375,172.33709716796875,459.48516845703125,245.2528076171875,404.9224548339844,208.79495239257812
4867,0.8016766309738159,350.7276306152344,172.38720703125,459.8138122558594,245.1382598876953,405.2707214355469,208.76273345947266
4868,0.7956173419952393,350.4737548828125,172.4348602294922,459.14300537109375,245.26849365234375,404.8083801269531,208.85167694091797
4869,0.7919492721557617,350.53118896484375,172.437744140625,459.2835388183594,245.27206420898438,404.90736389160156,208.8549041748047
4870,0.804075300693512,350.55029296875,172.1922607421875,459.3073425292969,245.37539672851562,404.92881774902344,208.78382873535156
4871,0.8175760507583618,350.8352355957031,172.35862731933594,458.84857177734375,245.27069091796875,404.84190368652344,208.81465911865234
4872,0.8035998344421387,350.69525146484375,172.20013427734375,459.0001220703125,245.05760192871094,404.8476867675781,208.62886810302734
4873,0.7952664494514465,350.7037658691406,172.28915405273438,459.44586181640625,244.94032287597656,405.07481384277344,208.61473846435547
4874,0.7841668725013733,350.6357116699219,172.252685546875,459.075439453125,244.87010192871094,404.85557556152344,208.56139373779297
4875,0.7972819805145264,350.6282043457031,172.4084930419922,459.4134521484375,244.8610382080078,405.0208282470703,208.634765625
4876,0.7971342206001282,350.4582824707031,172.50540161132812,458.8059997558594,244.9076385498047,404.63214111328125,208.7065200805664
4877,0.8014474511146545,350.5075378417969,172.36795043945312,459.96826171875,245.07498168945312,405.23789978027344,208.72146606445312
4878,0.7962395548820496,350.3919982910156,172.45419311523438,459.2021484375,245.15582275390625,404.7970733642578,208.8050079345703
4879,0.8067381978034973,350.3062744140625,172.83457946777344,459.4313049316406,245.22042846679688,404.86878967285156,209.02750396728516
4880,0.7939547300338745,350.15948486328125,172.38406372070312,459.17974853515625,245.2971954345703,404.66961669921875,208.84062957763672
4881,0.7936283946037292,350.40875244140625,172.37973022460938,459.29425048828125,245.00360107421875,404.85150146484375,208.69166564941406
4882,0.7927658557891846,350.291259765625,172.38624572753906,459.87005615234375,245.46725463867188,405.0806579589844,208.92675018310547
4883,0.7893526554107666,350.1546936035156,172.28414916992188,459.5536193847656,245.42446899414062,404.8541564941406,208.85430908203125
4884,0.7851002812385559,350.1886901855469,172.23822021484375,459.561767578125,245.44688415527344,404.87522888183594,208.8425521850586
4885,0.7868571281433105,350.262451171875,172.2233428955078,459.7358093261719,245.42816162109375,404.99913024902344,208.82575225830078
4886,0.7854673862457275,350.302490234375,172.1676025390625,459.498291015625,245.38270568847656,404.900390625,208.77515411376953
4887,0.7918485999107361,350.3035583496094,172.3657684326172,458.8516845703125,245.27737426757812,404.57762145996094,208.82157135009766
4888,0.789410412311554,350.1820983886719,172.3399658203125,458.29486083984375,245.30360412597656,404.2384796142578,208.82178497314453
4889,0.7809553146362305,350.0655212402344,172.2237091064453,458.8924255371094,245.54928588867188,404.4789733886719,208.8864974975586
4890,0.7670300006866455,349.95074462890625,172.41612243652344,458.869384765625,245.41690063476562,404.4100646972656,208.91651153564453
4891,0.7683005332946777,350.10992431640625,172.43008422851562,459.5234069824219,245.45657348632812,404.81666564941406,208.94332885742188
4892,0.7605100274085999,350.1949768066406,172.40957641601562,459.37518310546875,245.90692138671875,404.7850799560547,209.1582489013672
4893,0.744911789894104,350.00457763671875,172.53067016601562,459.3514709472656,245.99354553222656,404.6780242919922,209.2621078491211
4894,0.724645733833313,349.7701416015625,172.7432861328125,459.0733642578125,246.00169372558594,404.4217529296875,209.37248992919922
4895,0.720556914806366,349.91815185546875,172.76235961914062,459.42266845703125,245.91754150390625,404.67041015625,209.33995056152344
4896,0.7145179510116577,350.01263427734375,172.515625,458.75457763671875,245.62384033203125,404.38360595703125,209.06973266601562
4897,0.7222556471824646,350.34368896484375,172.5447998046875,458.4817199707031,245.44818115234375,404.41270446777344,208.99649047851562
4898,0.6613233685493469,352.888427734375,172.3084259033203,457.34588623046875,245.03077697753906,405.1171569824219,208.6696014404297
4899,0.7321069240570068,354.4420166015625,172.27224731445312,457.853759765625,245.1808319091797,406.14788818359375,208.7265396118164
4900,0.6708784699440002,354.9709777832031,172.04156494140625,458.510009765625,245.45999145507812,406.74049377441406,208.7507781982422
4901,0.7229740023612976,356.3865661621094,172.40899658203125,457.6790771484375,245.726806640625,407.03282165527344,209.06790161132812
4902,0.8124890923500061,356.7351379394531,172.99351501464844,457.89971923828125,245.77894592285156,407.3174285888672,209.38623046875
4903,0.845002293586731,357.7366638183594,173.35227966308594,457.15411376953125,245.74237060546875,407.4453887939453,209.54732513427734
4904,0.8197541236877441,357.5928039550781,173.087646484375,457.9082336425781,245.72308349609375,407.7505187988281,209.40536499023438
4905,0.8287734389305115,357.6439208984375,173.2512664794922,457.85125732421875,245.70016479492188,407.7475891113281,209.47571563720703
4906,0.8268371820449829,357.71539306640625,173.33160400390625,457.56884765625,245.69371032714844,407.6421203613281,209.51265716552734
4907,0.8284628391265869,358.07012939453125,173.2668914794922,456.7978515625,245.77423095703125,407.4339904785156,209.52056121826172
4908,0.8205427527427673,357.9283752441406,173.2471923828125,457.6329345703125,245.9091339111328,407.78065490722656,209.57816314697266
4909,0.811282217502594,358.0322265625,173.15298461914062,458.0219421386719,246.08529663085938,408.02708435058594,209.619140625
4910,0.8057934641838074,358.36505126953125,173.18014526367188,458.0118713378906,246.20960998535156,408.18846130371094,209.69487762451172
4911,0.8161547780036926,358.8324279785156,173.57965087890625,457.30755615234375,246.19798278808594,408.0699920654297,209.8888168334961
4912,0.8213541507720947,358.94903564453125,173.52488708496094,457.9300231933594,246.49813842773438,408.4395294189453,210.01151275634766
4913,0.8150853514671326,358.89263916015625,173.52825927734375,457.99298095703125,246.3413543701172,408.44281005859375,209.93480682373047
4914,0.8162765502929688,358.95819091796875,173.5959930419922,458.0347900390625,246.4207763671875,408.4964904785156,210.00838470458984
4915,0.8141592741012573,359.1259460449219,173.95449829101562,457.903564453125,246.5061492919922,408.51475524902344,210.2303237915039
4916,0.8041260838508606,359.0345153808594,173.634765625,458.23095703125,246.37110900878906,408.6327362060547,210.00293731689453
4917,0.8034635782241821,358.95611572265625,173.6780548095703,458.3115234375,246.37106323242188,408.6338195800781,210.0245590209961
4918,0.7990065217018127,359.01300048828125,173.71078491210938,458.0885925292969,246.3812255859375,408.55079650878906,210.04600524902344
4919,0.7996408939361572,358.86260986328125,173.91603088378906,457.9234313964844,246.50628662109375,408.3930206298828,210.2111587524414
4920,0.7872043251991272,358.8602600097656,173.7989501953125,459.0235290527344,246.6299285888672,408.94189453125,210.21443939208984
4921,0.7809742093086243,358.8973388671875,173.79885864257812,459.1533508300781,246.56570434570312,409.0253448486328,210.18228149414062
4922,0.791759729385376,358.9144592285156,173.9237518310547,459.0685729980469,246.53915405273438,408.99151611328125,210.23145294189453
4923,0.7885568141937256,358.9495849609375,173.98812866210938,459.0543212890625,246.65023803710938,409.001953125,210.31918334960938
4924,0.788020133972168,359.1781005859375,173.9095458984375,459.0453186035156,246.5221710205078,409.11170959472656,210.21585845947266
4925,0.7924908995628357,359.226318359375,173.90255737304688,459.0839538574219,246.45645141601562,409.15513610839844,210.17950439453125
4926,0.8006935119628906,359.3511657714844,173.80792236328125,459.1690979003906,246.48001098632812,409.2601318359375,210.1439666748047
4927,0.7957620024681091,359.4174499511719,173.8740997314453,459.2549743652344,246.54061889648438,409.3362121582031,210.20735931396484
4928,0.7930390238761902,359.199951171875,173.93148803710938,459.04180908203125,246.5408477783203,409.1208801269531,210.23616790771484
4929,0.8085025548934937,359.1898498535156,174.10496520996094,458.763427734375,246.5309600830078,408.9766387939453,210.31796264648438
4930,0.8050094246864319,359.25946044921875,174.05133056640625,459.0658264160156,246.7082061767578,409.1626434326172,210.37976837158203
4931,0.7992159128189087,359.079345703125,174.07540893554688,458.876220703125,246.7667236328125,408.977783203125,210.4210662841797
4932,0.8163374662399292,359.217529296875,174.02847290039062,458.7117004394531,246.79559326171875,408.96461486816406,210.4120330810547
4933,0.818410336971283,359.1361999511719,174.11123657226562,458.4793395996094,246.52354431152344,408.8077697753906,210.31739044189453
4934,0.8187310099601746,359.140869140625,174.0487518310547,458.4788818359375,246.64512634277344,408.80987548828125,210.34693908691406
4935,0.8146945834159851,359.21209716796875,174.03977966308594,458.62884521484375,246.67721557617188,408.92047119140625,210.3584976196289
4936,0.8148280382156372,359.0557861328125,174.11929321289062,458.45941162109375,246.9031219482422,408.7575988769531,210.5112075805664
4937,0.8142237067222595,359.0766296386719,174.09674072265625,458.739990234375,246.9606170654297,408.90830993652344,210.52867889404297
4938,0.826678454875946,359.3184814453125,174.08151245117188,458.6953125,246.87557983398438,409.00689697265625,210.47854614257812
4939,0.8109762072563171,359.5489196777344,174.041015625,459.3776550292969,246.71511840820312,409.4632873535156,210.37806701660156
4940,0.8030142188072205,359.3531799316406,173.9472198486328,458.8797912597656,246.96176147460938,409.1164855957031,210.4544906616211
4941,0.8016967177391052,359.3875427246094,173.94656372070312,459.1981201171875,246.9740753173828,409.29283142089844,210.46031951904297
4942,0.8108658790588379,359.3963317871094,174.1055450439453,458.8758544921875,246.86727905273438,409.13609313964844,210.48641204833984
4943,0.8056715130805969,359.5009460449219,174.1649169921875,458.6968688964844,246.86062622070312,409.0989074707031,210.5127716064453
4944,0.8165206909179688,359.24652099609375,174.10989379882812,458.703369140625,246.8811492919922,408.9749450683594,210.49552154541016
4945,0.8161589503288269,359.49566650390625,174.16574096679688,458.87884521484375,246.91537475585938,409.187255859375,210.54055786132812
4946,0.8062490820884705,359.47772216796875,174.08348083496094,459.0473327636719,247.03280639648438,409.2625274658203,210.55814361572266
4947,0.8114548921585083,359.41693115234375,174.2455596923828,459.0226135253906,247.05972290039062,409.2197723388672,210.65264129638672
4948,0.8176456093788147,359.343505859375,174.20089721679688,458.83673095703125,246.84527587890625,409.0901184082031,210.52308654785156
4949,0.8096225261688232,359.3345947265625,174.21157836914062,458.8681640625,246.86512756347656,409.10137939453125,210.5383529663086
4950,0.8104431629180908,359.2306823730469,174.15585327148438,458.82568359375,246.69100952148438,409.02818298339844,210.42343139648438
4951,0.8040963411331177,359.24603271484375,174.39007568359375,458.78179931640625,246.81259155273438,409.013916015625,210.60133361816406
4952,0.8058075308799744,359.2557373046875,174.16648864746094,458.634765625,246.67721557617188,408.94525146484375,210.4218521118164
4953,0.7997775673866272,359.30694580078125,174.26922607421875,458.94158935546875,246.84112548828125,409.124267578125,210.55517578125
4954,0.7971299290657043,359.2292175292969,174.20413208007812,459.0238037109375,246.81503295898438,409.1265106201172,210.50958251953125
4955,0.7989546656608582,359.6038513183594,174.26812744140625,459.04998779296875,246.7356719970703,409.32691955566406,210.50189971923828
4956,0.8055930137634277,359.314697265625,174.21380615234375,459.1390380859375,246.8122100830078,409.22686767578125,210.51300811767578
4957,0.8087121844291687,359.3782653808594,174.17086791992188,459.17816162109375,246.90817260742188,409.27821350097656,210.53952026367188
4958,0.8070980310440063,359.21954345703125,174.19375610351562,459.3223876953125,246.84506225585938,409.2709655761719,210.5194091796875
4959,0.815237820148468,359.3280334472656,174.31504821777344,459.17303466796875,247.0433349609375,409.2505340576172,210.67919158935547
4960,0.8122360110282898,359.34954833984375,174.3371124267578,459.2604675292969,247.05239868164062,409.3050079345703,210.69475555419922
4961,0.8084077835083008,359.30328369140625,174.41566467285156,459.1698303222656,246.92202758789062,409.23655700683594,210.6688461303711
4962,0.8063762784004211,359.3339538574219,174.31219482421875,458.9544982910156,246.79769897460938,409.14422607421875,210.55494689941406
4963,0.8110650181770325,359.2579345703125,174.47010803222656,458.89483642578125,246.85565185546875,409.0763854980469,210.66287994384766
4964,0.8178832530975342,359.285400390625,174.37660217285156,458.1667785644531,246.7108154296875,408.72608947753906,210.54370880126953
4965,0.8157903552055359,359.23077392578125,174.33731079101562,458.39501953125,246.64402770996094,408.8128967285156,210.49066925048828
4966,0.815697431564331,359.1962890625,174.27505493164062,458.6240234375,246.85238647460938,408.91015625,210.563720703125
4967,0.8154205679893494,359.1151428222656,174.18484497070312,458.4364013671875,246.75755310058594,408.77577209472656,210.47119903564453
4968,0.8119739294052124,358.95343017578125,174.04263305664062,458.54071044921875,246.75323486328125,408.7470703125,210.39793395996094
4969,0.8184530138969421,359.06646728515625,174.25897216796875,458.380126953125,246.65371704101562,408.7232971191406,210.4563446044922
4970,0.8211410641670227,359.18597412109375,174.41146850585938,458.254150390625,246.63870239257812,408.7200622558594,210.52508544921875
4971,0.8085901141166687,359.3688659667969,174.37521362304688,458.95294189453125,246.67982482910156,409.16090393066406,210.52751922607422
4972,0.8093870282173157,359.1361999511719,174.24649047851562,459.403564453125,246.8067169189453,409.26988220214844,210.52660369873047
4973,0.805579662322998,359.27838134765625,174.3056182861328,459.0876159667969,246.82516479492188,409.18299865722656,210.56539154052734
4974,0.8144710659980774,359.21112060546875,174.2938232421875,458.6021728515625,246.7211151123047,408.9066467285156,210.5074691772461
4975,0.8238133788108826,359.4346618652344,174.37564086914062,458.80792236328125,246.68197631835938,409.1212921142578,210.52880859375
4976,0.8170680999755859,359.25433349609375,174.40469360351562,459.0185546875,246.60751342773438,409.1364440917969,210.506103515625
4977,0.814348578453064,359.0836181640625,174.4259033203125,458.9436950683594,246.70838928222656,409.01365661621094,210.56714630126953
4978,0.8159539699554443,359.3264465332031,174.4241943359375,459.0328674316406,246.53546142578125,409.1796569824219,210.47982788085938
4979,0.8133102655410767,359.50506591796875,174.36383056640625,458.811767578125,246.65176391601562,409.1584167480469,210.50779724121094
4980,0.820631206035614,359.4220275878906,174.4021453857422,459.008056640625,246.78350830078125,409.2150421142578,210.59282684326172
4981,0.8213014006614685,359.4371337890625,174.4094696044922,459.01007080078125,246.70953369140625,409.2236022949219,210.55950164794922
4982,0.8185940384864807,359.3676452636719,174.48095703125,459.3392028808594,246.88653564453125,409.3534240722656,210.68374633789062
4983,0.8241470456123352,359.3079528808594,174.45925903320312,459.2038879394531,247.01071166992188,409.25592041015625,210.7349853515625
4984,0.8172569274902344,359.54559326171875,174.45501708984375,459.10540771484375,246.724365234375,409.32550048828125,210.58969116210938
4985,0.8245168328285217,359.59820556640625,174.53268432617188,458.79608154296875,246.55953979492188,409.1971435546875,210.54611206054688
4986,0.8163629174232483,359.32861328125,174.43435668945312,458.99957275390625,246.70315551757812,409.1640930175781,210.56875610351562
4987,0.8253116011619568,359.5961608886719,174.6268310546875,458.4203796386719,246.6046600341797,409.0082702636719,210.6157455444336
4988,0.8261010646820068,359.63372802734375,174.46971130371094,458.8302001953125,246.6328582763672,409.2319641113281,210.55128479003906
4989,0.8263962864875793,359.5743713378906,174.49403381347656,458.8596496582031,246.54116821289062,409.2170104980469,210.5176010131836
4990,0.830207884311676,359.383544921875,174.52871704101562,458.73040771484375,246.29580688476562,409.0569763183594,210.41226196289062
4991,0.8261402249336243,359.60107421875,174.53353881835938,458.92498779296875,246.4080810546875,409.2630310058594,210.47080993652344
4992,0.8233215808868408,359.4796142578125,174.34356689453125,458.9090881347656,246.5874481201172,409.19435119628906,210.46550750732422
4993,0.8263124823570251,359.5116882324219,174.44406127929688,458.63067626953125,246.55870056152344,409.07118225097656,210.50138092041016
4994,0.8335871696472168,359.57275390625,174.49928283691406,458.29296875,246.6631622314453,408.932861328125,210.5812225341797
4995,0.8282374739646912,359.60919189453125,174.37545776367188,458.5394287109375,246.81170654296875,409.0743103027344,210.5935821533203
4996,0.8305597901344299,359.4425048828125,174.2987823486328,458.5787353515625,246.71282958984375,409.0106201171875,210.50580596923828
4997,0.8313340544700623,359.4281311035156,174.3795166015625,458.31427001953125,246.63148498535156,408.87120056152344,210.50550079345703
4998,0.8263376355171204,359.20892333984375,174.353271484375,458.5042419433594,246.9282989501953,408.85658264160156,210.64078521728516
4999,0.8277125954627991,359.40765380859375,174.2430419921875,458.18243408203125,246.73155212402344,408.7950439453125,210.48729705810547
5000,0.8273714780807495,359.4117736816406,174.24705505371094,458.2391052246094,246.7276153564453,408.825439453125,210.48733520507812
5001,0.816683292388916,359.81414794921875,174.13511657714844,458.701171875,246.65057373046875,409.2576599121094,210.3928451538086
5002,0.8041136264801025,359.7459716796875,174.06124877929688,458.44110107421875,246.84681701660156,409.0935363769531,210.45403289794922
5003,0.8088781833648682,359.52081298828125,174.28782653808594,458.448486328125,246.71942138671875,408.9846496582031,210.50362396240234
5004,0.8103922009468079,359.3985900878906,174.09402465820312,458.2511901855469,246.71649169921875,408.82489013671875,210.40525817871094
5005,0.7949628829956055,358.4413757324219,173.42359924316406,459.19683837890625,246.90472412109375,408.81910705566406,210.1641616821289
5006,0.8099275231361389,359.5287780761719,174.2530059814453,458.4368591308594,246.8312530517578,408.9828186035156,210.54212951660156
5007,0.806461751461029,359.49688720703125,174.29188537597656,458.88751220703125,246.81436157226562,409.19219970703125,210.5531234741211
5008,0.8026307821273804,359.53692626953125,174.27488708496094,458.7452087402344,246.93173217773438,409.1410675048828,210.60330963134766
5009,0.8067865371704102,359.6962890625,174.2996063232422,459.023681640625,246.91278076171875,409.3599853515625,210.60619354248047
5010,0.8014849424362183,359.38531494140625,174.11468505859375,458.5822448730469,247.01382446289062,408.98377990722656,210.5642547607422
5011,0.8011813163757324,359.4261474609375,174.13075256347656,459.0626220703125,246.94985961914062,409.244384765625,210.5403060913086
5012,0.8006543517112732,359.3516845703125,173.9771728515625,459.0487976074219,246.7540740966797,409.2002410888672,210.3656234741211
5013,0.7946187853813171,359.3207702636719,174.13621520996094,459.1670837402344,246.95681762695312,409.2439270019531,210.54651641845703
5014,0.811721920967102,359.25439453125,174.0664825439453,458.99285888671875,246.9591064453125,409.1236267089844,210.5127944946289
5015,0.8027487397193909,359.19366455078125,174.12713623046875,459.26141357421875,246.95770263671875,409.2275390625,210.54241943359375
5016,0.8206576108932495,359.4039001464844,174.27926635742188,458.6401062011719,246.90357971191406,409.0220031738281,210.59142303466797
5017,0.8154757022857666,359.5242919921875,174.25955200195312,458.69842529296875,246.7998504638672,409.1113586425781,210.52970123291016
5018,0.8177328705787659,359.6324157714844,174.1069793701172,458.24505615234375,246.74363708496094,408.93873596191406,210.42530822753906
5019,0.8173668384552002,359.5740966796875,174.103515625,458.3645324707031,246.92098999023438,408.9693145751953,210.5122528076172
5020,0.8222009539604187,359.5544128417969,174.13380432128906,458.4776916503906,246.8294219970703,409.01605224609375,210.4816131591797
5021,0.8241212964057922,359.7552795410156,174.18801879882812,458.42156982421875,246.81512451171875,409.0884246826172,210.50157165527344
5022,0.820918619632721,359.6990661621094,174.04275512695312,458.4145202636719,246.7518768310547,409.0567932128906,210.3973159790039
5023,0.8229849338531494,359.6549377441406,174.07838439941406,458.3784484863281,246.79815673828125,409.0166931152344,210.43827056884766
5024,0.8195534348487854,359.85418701171875,174.04144287109375,458.3742370605469,246.86990356445312,409.1142120361328,210.45567321777344
5025,0.818378210067749,359.7909851074219,174.08656311035156,458.40325927734375,246.9693145751953,409.0971221923828,210.52793884277344
5026,0.8089061975479126,360.08624267578125,174.0500030517578,459.3091735839844,247.79296875,409.6977081298828,210.9214859008789
5027,0.7886295914649963,360.80224609375,174.56031799316406,457.5718688964844,249.34149169921875,409.1870574951172,211.9509048461914
5028,0.8378680944442749,363.3787841796875,177.920654296875,453.69775390625,252.55526733398438,408.53826904296875,215.2379608154297
5029,0.8508191704750061,364.6439514160156,178.73764038085938,452.39300537109375,252.9705047607422,408.5184783935547,215.85407257080078
5030,0.8545658588409424,365.2083435058594,178.75247192382812,453.1293640136719,253.19920349121094,409.1688537597656,215.97583770751953
5031,0.8502941131591797,365.21478271484375,178.75387573242188,452.9698791503906,253.1934814453125,409.0923309326172,215.9736785888672
5032,0.8526477813720703,365.44305419921875,178.90374755859375,452.883056640625,253.22877502441406,409.1630554199219,216.0662612915039
5033,0.8547083139419556,365.6202087402344,178.02215576171875,456.83367919921875,253.4761505126953,411.22694396972656,215.74915313720703
5034,0.818742036819458,373.36187744140625,191.13619995117188,455.99407958984375,264.02618408203125,414.677978515625,227.58119201660156
5035,0.8503883481025696,594.92236328125,196.9644775390625,648.4408569335938,244.1185302734375,621.6816101074219,220.54150390625
5036,0.7543290257453918,387.4566650390625,191.62229919433594,479.68524169921875,279.593505859375,433.5709533691406,235.60790252685547
5037,0.7427090406417847,387.23162841796875,192.14044189453125,479.33770751953125,279.30816650390625,433.28466796875,235.72430419921875
5038,0.7411935925483704,387.1703796386719,196.0770263671875,478.8690490722656,279.26824951171875,433.01971435546875,237.67263793945312
5039,0.7472587823867798,387.2141418457031,197.3470916748047,478.3392333984375,279.31158447265625,432.7766876220703,238.32933807373047
5040,0.7386407256126404,387.0720520019531,193.00863647460938,471.4075012207031,278.6679382324219,429.2397766113281,235.83828735351562
5041,0.7389101982116699,387.42974853515625,195.3958740234375,478.00067138671875,279.126953125,432.7152099609375,237.26141357421875
5042,0.7350698113441467,387.03369140625,192.32418823242188,471.18511962890625,278.56732177734375,429.1094055175781,235.4457550048828
5043,0.7336058020591736,386.72705078125,191.6898193359375,471.38262939453125,278.6824951171875,429.0548400878906,235.1861572265625
5044,0.7533056139945984,387.0821228027344,191.41909790039062,471.5050964355469,278.674072265625,429.2936096191406,235.0465850830078
5045,0.7468967437744141,386.8260498046875,191.9886474609375,470.6626281738281,278.7459716796875,428.7443389892578,235.3673095703125
5046,0.7702127695083618,386.6481628417969,186.82814025878906,474.3987121582031,278.84930419921875,430.5234375,232.8387222290039
5047,0.7619864344596863,386.8433532714844,188.2232208251953,473.4128723144531,278.79901123046875,430.12811279296875,233.51111602783203
5048,0.7583370804786682,386.9571533203125,185.78915405273438,475.0546875,279.12091064453125,431.00592041015625,232.4550323486328
5049,0.7789706587791443,386.89862060546875,184.02731323242188,475.07305908203125,279.1042785644531,430.98583984375,231.5657958984375
5050,0.77425616979599,390.46124267578125,192.1798095703125,477.5052795410156,281.1118469238281,433.98326110839844,236.6458282470703
5051,0.5938354134559631,395.4057312011719,177.83377075195312,494.2409362792969,292.8597106933594,444.8233337402344,235.34674072265625
5052,nan,nan,nan,nan,nan,nan,nan
5053,0.2414378672838211,462.0950927734375,193.67857360839844,534.2415771484375,254.7161407470703,498.1683349609375,224.19735717773438
5054,0.24480298161506653,466.1304931640625,204.53187561035156,534.4030151367188,277.6013488769531,500.2667541503906,241.06661224365234
5055,0.17769448459148407,474.44915771484375,212.03118896484375,559.74072265625,334.3154296875,517.0949401855469,273.1733093261719
5056,nan,nan,nan,nan,nan,nan,nan
5057,0.5870477557182312,630.4440307617188,362.97503662109375,723.5275268554688,446.4938049316406,676.9857788085938,404.7344207763672
5058,0.8301038146018982,651.4744262695312,353.8412780761719,751.44140625,436.24420166015625,701.4579162597656,395.04273986816406
5059,0.8187959790229797,685.7069091796875,359.04315185546875,781.4060668945312,441.16473388671875,733.5564880371094,400.10394287109375
5060,0.7042887210845947,719.7816162109375,356.92071533203125,820.1672973632812,443.8095703125,769.9744567871094,400.3651428222656
5061,0.8263012766838074,762.1802978515625,378.29461669921875,851.0429077148438,448.92755126953125,806.6116027832031,413.611083984375
5062,0.8559026718139648,786.8939208984375,360.14404296875,882.1160888671875,452.71661376953125,834.5050048828125,406.4303283691406
5063,0.8222826719284058,811.8970947265625,366.2564392089844,909.2418212890625,450.3427734375,860.5694580078125,408.2996063232422
5064,0.8056160807609558,843.8867797851562,359.9138488769531,935.6900024414062,435.5554504394531,889.7883911132812,397.7346496582031
5065,0.7044679522514343,863.394287109375,347.9662170410156,959.4444580078125,424.3209228515625,911.4193725585938,386.14356994628906
5066,0.8225716352462769,885.9827270507812,334.3145446777344,985.0739135742188,414.89373779296875,935.5283203125,374.60414123535156
5067,0.8431714177131653,919.5580444335938,334.44427490234375,1011.1331176757812,412.4716796875,965.3455810546875,373.4579772949219
5068,0.8348097205162048,939.01318359375,336.5794372558594,1037.690185546875,421.29345703125,988.3516845703125,378.9364471435547
5069,0.8342600464820862,953.6861572265625,331.005615234375,1055.4404296875,418.1108093261719,1004.5632934570312,374.55821228027344
5070,0.8687086701393127,971.432373046875,324.46820068359375,1070.9512939453125,411.5328369140625,1021.1918334960938,368.0005187988281
5071,0.852815568447113,978.8362426757812,322.78955078125,1078.2550048828125,409.238037109375,1028.5456237792969,366.0137939453125
5072,0.8655182719230652,982.5894775390625,323.85333251953125,1079.097412109375,409.465576171875,1030.8434448242188,366.6594543457031
5073,0.8556418418884277,978.2281494140625,324.45233154296875,1078.22314453125,410.15704345703125,1028.2256469726562,367.3046875
5074,0.850719690322876,963.8834838867188,325.6456604003906,1078.5107421875,409.695556640625,1021.1971130371094,367.6706085205078
5075,0.8382478952407837,964.6490478515625,322.8857116699219,1078.2183837890625,410.0704345703125,1021.4337158203125,366.4780731201172
5076,0.8465856313705444,976.7686157226562,323.2894287109375,1077.77099609375,409.7588195800781,1027.2698059082031,366.5241241455078
5077,0.8444817662239075,964.68603515625,325.157958984375,1076.964111328125,408.6484375,1020.8250732421875,366.9031982421875
5078,0.8014923930168152,959.3410034179688,321.7529296875,1076.797607421875,409.59771728515625,1018.0693054199219,365.6753234863281
5079,0.8437276482582092,983.3983154296875,326.8028564453125,1075.53662109375,406.65423583984375,1029.4674682617188,366.7285461425781
5080,0.8466341495513916,985.3646240234375,325.63177490234375,1076.2471923828125,405.2070007324219,1030.805908203125,365.4193878173828
5081,0.8580977320671082,984.172119140625,326.26031494140625,1076.1807861328125,405.333740234375,1030.1764526367188,365.7970275878906
5082,0.8577038049697876,986.576904296875,325.841064453125,1076.0257568359375,404.516357421875,1031.3013305664062,365.1787109375
5083,0.8617351055145264,986.13232421875,325.5443115234375,1076.03662109375,404.640625,1031.08447265625,365.09246826171875
5084,0.8606910109519958,985.75048828125,325.48138427734375,1075.751953125,404.53363037109375,1030.751220703125,365.00750732421875
5085,0.8672429919242859,985.8206176757812,325.52874755859375,1075.677490234375,404.5118408203125,1030.7490539550781,365.0202941894531
5086,0.865588903427124,985.8807373046875,325.75543212890625,1075.87451171875,404.69879150390625,1030.8776245117188,365.22711181640625
5087,0.8658106327056885,986.0399780273438,325.6608581542969,1075.95166015625,404.77276611328125,1030.9958190917969,365.21681213378906
5088,0.8644407391548157,986.2349853515625,325.61248779296875,1076.1580810546875,404.7014465332031,1031.196533203125,365.15696716308594
5089,0.869041383266449,986.2589721679688,325.25775146484375,1076.25048828125,404.88336181640625,1031.2547302246094,365.070556640625
5090,0.8660113215446472,985.733154296875,325.5618896484375,1076.2274169921875,405.0994873046875,1030.9802856445312,365.3306884765625
5091,0.8617978096008301,986.0231323242188,325.6084899902344,1076.11181640625,405.14727783203125,1031.0674743652344,365.3778839111328
5092,0.8629397749900818,985.2491455078125,325.79083251953125,1076.029296875,405.30682373046875,1030.6392211914062,365.548828125
5093,0.8663849234580994,986.314453125,325.9576721191406,1076.455078125,405.2057189941406,1031.384765625,365.5816955566406
5094,0.873832643032074,982.9801025390625,325.0322570800781,1076.2056884765625,403.86279296875,1029.5928955078125,364.44752502441406
5095,0.8531069159507751,982.6285400390625,316.6649169921875,1076.0079345703125,395.5643310546875,1029.3182373046875,356.1146240234375
5096,0.8558224439620972,981.8043823242188,315.80914306640625,1075.455078125,395.2210693359375,1028.6297302246094,355.5151062011719
5097,0.8558752536773682,981.834716796875,316.18548583984375,1075.701171875,395.3995361328125,1028.7679443359375,355.7925109863281
5098,0.8547843098640442,982.053955078125,316.30023193359375,1075.7017822265625,394.7405090332031,1028.8778686523438,355.52037048339844
5099,0.8549553155899048,982.5999755859375,316.5022888183594,1075.67578125,394.9900817871094,1029.1378784179688,355.7461853027344
5100,0.8529768586158752,982.6071166992188,316.2047119140625,1075.623046875,394.8439636230469,1029.1150817871094,355.5243377685547
5101,0.8530555367469788,983.1311645507812,316.291015625,1075.947021484375,395.0508728027344,1029.5390930175781,355.6709442138672
5102,0.8198457360267639,986.937744140625,316.56890869140625,1079.1630859375,398.285400390625,1033.0504150390625,357.4271545410156
5103,0.8590508103370667,986.4453735351562,321.6314697265625,1080.28173828125,402.92767333984375,1033.3635559082031,362.2795715332031
5104,0.8805935382843018,984.6597290039062,329.1875,1077.98486328125,407.091064453125,1031.3222961425781,368.1392822265625
5105,0.8812318444252014,985.0810546875,329.35345458984375,1077.718505859375,406.766357421875,1031.3997802734375,368.0599060058594
5106,0.8791108131408691,983.5640258789062,329.1583251953125,1077.81103515625,406.75,1030.6875305175781,367.95416259765625
5107,0.8808597326278687,985.4112548828125,329.4049987792969,1077.77392578125,406.6278991699219,1031.5925903320312,368.0164489746094
5108,0.8796001076698303,984.01611328125,329.2632751464844,1077.7122802734375,406.764404296875,1030.8641967773438,368.0138397216797
5109,0.8809314370155334,984.8344116210938,329.44476318359375,1077.77587890625,406.7535400390625,1031.3051452636719,368.0991516113281
5110,0.873988687992096,967.079833984375,328.23016357421875,1080.173828125,408.79412841796875,1023.6268310546875,368.51214599609375
5111,0.8588767647743225,980.6693115234375,321.4671630859375,1082.6715087890625,405.3256530761719,1031.67041015625,363.3964080810547
5112,0.8427883386611938,991.6243286132812,322.1569519042969,1085.826171875,403.3477478027344,1038.7252502441406,362.7523498535156
5113,0.7855067253112793,964.40625,318.6844482421875,1095.66650390625,435.3730773925781,1030.036376953125,377.0287628173828
5114,0.828101634979248,990.1065673828125,321.0198669433594,1105.902099609375,408.6012268066406,1048.0043334960938,364.810546875
5115,0.800163209438324,1025.0064697265625,325.09490966796875,1116.072509765625,402.58123779296875,1070.5394897460938,363.83807373046875
5116,0.8500643968582153,1038.818603515625,332.2568359375,1133.5830078125,408.4381103515625,1086.2008056640625,370.34747314453125
5117,0.8349429965019226,1061.764892578125,345.344970703125,1153.1451416015625,419.8978271484375,1107.4550170898438,382.62139892578125
5118,0.7998675107955933,1076.458740234375,349.7652282714844,1169.9630126953125,424.6630554199219,1123.2108764648438,387.2141418457031
5119,0.7965676784515381,1089.8140869140625,348.0426025390625,1185.41796875,426.0078125,1137.6160278320312,387.02520751953125
5120,0.8119354248046875,1113.856689453125,355.5749816894531,1201.0506591796875,432.5345764160156,1157.4536743164062,394.0547790527344
5121,0.8231068849563599,1130.9061279296875,361.54913330078125,1216.24267578125,438.58660888671875,1173.5744018554688,400.06787109375
5122,0.8122286200523376,1143.8125,369.8332214355469,1226.866455078125,439.691162109375,1185.3394775390625,404.76219177246094
5123,0.8357688784599304,1140.616943359375,366.9759521484375,1230.978271484375,439.14532470703125,1185.797607421875,403.0606384277344
5124,0.833776593208313,1154.724365234375,368.4303283691406,1238.3349609375,439.360107421875,1196.5296630859375,403.8952178955078
5125,0.842677116394043,1157.471923828125,368.4217224121094,1242.50732421875,440.64642333984375,1199.9896240234375,404.53407287597656
5126,0.8577401638031006,1148.137451171875,369.86016845703125,1244.522705078125,443.6915283203125,1196.330078125,406.7758483886719
5127,0.8537193536758423,1157.7147216796875,373.11181640625,1243.7061767578125,444.4558410644531,1200.71044921875,408.78382873535156
5128,0.8474035859107971,1157.4532470703125,375.7711486816406,1244.454345703125,445.9331359863281,1200.9537963867188,410.8521423339844
5129,0.8462225794792175,1158.8486328125,375.53448486328125,1245.5423583984375,446.6876220703125,1202.1954956054688,411.1110534667969
5130,0.8711391091346741,1160.7593994140625,380.75079345703125,1246.6197509765625,454.48297119140625,1203.6895751953125,417.61688232421875
5131,0.8676358461380005,1160.5418701171875,390.898681640625,1245.5947265625,461.6168518066406,1203.0682983398438,426.2577667236328
5132,0.8830440640449524,1157.728271484375,394.3310546875,1244.3155517578125,466.70281982421875,1201.0219116210938,430.5169372558594
5133,0.878227710723877,1158.991455078125,394.9779052734375,1244.02099609375,467.39813232421875,1201.5062255859375,431.1880187988281
5134,0.8784882426261902,1157.9541015625,397.50970458984375,1244.2613525390625,470.8796081542969,1201.1077270507812,434.1946563720703
5135,0.8778576254844666,1155.776611328125,407.27105712890625,1242.70703125,480.5948181152344,1199.2418212890625,443.9329376220703
5136,0.8907160758972168,1153.0087890625,418.3125,1234.34814453125,492.37408447265625,1193.678466796875,455.3432922363281
5137,0.8689071536064148,1149.6177978515625,439.9437561035156,1230.9949951171875,515.95703125,1190.306396484375,477.9503936767578
5138,0.888955295085907,1146.1884765625,464.4474792480469,1228.870849609375,541.697509765625,1187.5296630859375,503.07249450683594
5139,0.8799664974212646,1156.96875,487.2772521972656,1234.3134765625,559.4942626953125,1195.64111328125,523.3857574462891
5140,0.7911130785942078,1171.4176025390625,494.1378479003906,1250.8853759765625,569.927978515625,1211.1514892578125,532.0329132080078
5141,0.8779098987579346,1187.2880859375,516.5682373046875,1263.0003662109375,583.3778076171875,1225.1442260742188,549.9730224609375
5142,0.8937876224517822,1202.2034912109375,529.5618896484375,1279.3223876953125,602.1362915039062,1240.762939453125,565.8490905761719
5143,0.8915379643440247,1211.656982421875,542.408203125,1289.7197265625,612.9781494140625,1250.6883544921875,577.6931762695312
5144,0.8846944570541382,1220.4100341796875,552.0408325195312,1301.403076171875,621.8831787109375,1260.9065551757812,586.9620056152344
5145,0.8830945491790771,1227.48876953125,560.0487670898438,1306.744140625,630.9592895507812,1267.116455078125,595.5040283203125
5146,0.9035563468933105,1232.635009765625,568.457275390625,1312.439208984375,638.9295654296875,1272.537109375,603.6934204101562
5147,0.8873677849769592,1241.35009765625,574.2684326171875,1317.69189453125,646.25390625,1279.52099609375,610.2611694335938
5148,0.8363416790962219,1254.419189453125,578.9287109375,1328.1029052734375,649.4583129882812,1291.2610473632812,614.1935119628906
5149,0.8413053154945374,1264.119140625,582.1077880859375,1338.1087646484375,651.4849853515625,1301.1139526367188,616.79638671875
5150,0.8414282202720642,1270.4803466796875,574.2010498046875,1342.408203125,650.76318359375,1306.4442749023438,612.4821166992188
5151,0.8716935515403748,1276.5439453125,582.1253662109375,1348.2059326171875,651.4328002929688,1312.3749389648438,616.7790832519531
5152,0.8829461336135864,1279.2315673828125,582.58544921875,1348.5098876953125,649.162109375,1313.8707275390625,615.873779296875
5153,0.8401811718940735,1288.3800048828125,577.944091796875,1363.684814453125,647.4046630859375,1326.0324096679688,612.6743774414062
5154,nan,nan,nan,nan,nan,nan,nan
5155,0.19548794627189636,1300.71923828125,565.6339111328125,1385.618896484375,645.230224609375,1343.1690673828125,605.4320678710938
5156,nan,nan,nan,nan,nan,nan,nan
5157,0.5208890438079834,1298.603515625,572.268310546875,1373.3150634765625,639.0781860351562,1335.9592895507812,605.6732482910156
5158,0.5560780167579651,1246.5816650390625,523.4986572265625,1333.166748046875,608.587158203125,1289.8742065429688,566.0429077148438
5159,0.4691915512084961,1300.63916015625,575.9027099609375,1377.3262939453125,639.3310546875,1338.9827270507812,607.6168823242188
5160,0.5658072233200073,1298.765380859375,575.9379272460938,1374.470458984375,638.3666381835938,1336.617919921875,607.1522827148438
5161,0.7127506732940674,1297.05712890625,575.4164428710938,1371.22900390625,638.0652465820312,1334.14306640625,606.7408447265625
5162,0.6098686456680298,1297.0853271484375,576.031494140625,1373.85546875,637.7627563476562,1335.4703979492188,606.8971252441406
5163,0.5878148674964905,1297.2935791015625,575.1871337890625,1373.7218017578125,637.19580078125,1335.5076904296875,606.1914672851562
5164,0.645280122756958,1297.19189453125,575.7526245117188,1373.0205078125,637.21875,1335.106201171875,606.4856872558594
5165,0.7954674959182739,1285.239501953125,562.1726684570312,1361.5849609375,635.9069213867188,1323.4122314453125,599.039794921875
5166,0.20486773550510406,1238.681640625,519.6866455078125,1335.9039306640625,619.4764404296875,1287.2927856445312,569.58154296875
5167,0.12898847460746765,1240.3125,521.2434692382812,1337.8311767578125,622.3186645507812,1289.0718383789062,571.7810668945312
5168,0.1772170215845108,1238.7578125,520.6719360351562,1337.427490234375,622.6787109375,1288.0926513671875,571.6753234863281
5169,0.18822559714317322,1254.896728515625,523.158447265625,1335.8834228515625,609.0213623046875,1295.3900756835938,566.0899047851562
5170,0.20341818034648895,1237.126708984375,520.421875,1337.489013671875,620.130859375,1287.307861328125,570.2763671875
5171,0.22933103144168854,1236.6785888671875,520.9691162109375,1336.69921875,618.7948608398438,1286.6889038085938,569.8819885253906
5172,0.2640911936759949,1240.06640625,518.518310546875,1336.5977783203125,616.5081176757812,1288.3320922851562,567.5132141113281
5173,0.2699132263660431,1240.51513671875,519.1085815429688,1336.408935546875,615.9255981445312,1288.4620361328125,567.51708984375
5174,0.3507707417011261,1243.2742919921875,521.2392578125,1336.135009765625,619.2141723632812,1289.7046508789062,570.2267150878906
5175,0.36319413781166077,1243.2596435546875,521.207763671875,1336.5916748046875,618.552001953125,1289.9256591796875,569.8798828125
5176,0.4518512785434723,1244.419677734375,522.2444458007812,1336.6597900390625,618.9874877929688,1290.5397338867188,570.615966796875
5177,0.5134116411209106,1245.940185546875,522.5369873046875,1335.2647705078125,617.0303344726562,1290.6024780273438,569.7836608886719
5178,0.4104336202144623,1243.3282470703125,520.3094482421875,1337.3525390625,619.84033203125,1290.3403930664062,570.0748901367188
5179,0.4654107391834259,1265.434326171875,569.2494506835938,1350.962890625,656.694580078125,1308.1986083984375,612.9720153808594
5180,0.3833565413951874,1265.908447265625,569.39892578125,1351.1572265625,656.887451171875,1308.5328369140625,613.1431884765625
5181,0.37586820125579834,1265.5421142578125,570.5279541015625,1351.1680908203125,656.9471435546875,1308.3551025390625,613.737548828125
5182,0.2674696445465088,1265.842529296875,569.8162841796875,1351.0953369140625,656.9658813476562,1308.4689331054688,613.3910827636719
5183,0.29653528332710266,1238.064208984375,519.0322265625,1331.7880859375,614.748046875,1284.9261474609375,566.89013671875
5184,0.458853542804718,1241.95556640625,519.6678466796875,1332.604736328125,615.7440185546875,1287.2801513671875,567.7059326171875
5185,0.5169281959533691,1272.6177978515625,589.0654907226562,1343.9765625,668.761474609375,1308.2971801757812,628.9134826660156
5186,0.38279327750205994,1255.966552734375,582.4500732421875,1326.23583984375,677.2640991210938,1291.1011962890625,629.8570861816406
5187,nan,nan,nan,nan,nan,nan,nan
5188,0.6238563060760498,1225.076416015625,592.13330078125,1294.509521484375,683.1473388671875,1259.79296875,637.6403198242188
5189,0.39349424839019775,1223.365234375,591.9054565429688,1293.54541015625,682.6549072265625,1258.455322265625,637.2801818847656
5190,0.5217850804328918,1223.6092529296875,592.1585083007812,1293.4610595703125,682.3328857421875,1258.53515625,637.2456970214844
5191,0.5804386734962463,1223.1280517578125,591.6800537109375,1293.785888671875,682.235595703125,1258.4569702148438,636.9578247070312
5192,0.59446781873703,1223.44482421875,591.7328491210938,1293.7020263671875,682.4257202148438,1258.5734252929688,637.0792846679688
5193,0.5114434957504272,1224.264404296875,592.6195068359375,1293.4757080078125,682.4816284179688,1258.8700561523438,637.5505676269531
5194,0.5348872542381287,1223.9296875,592.7283935546875,1293.132568359375,682.22802734375,1258.5311279296875,637.4782104492188
5195,0.5133911371231079,1223.3173828125,592.3408813476562,1293.12255859375,682.2837524414062,1258.219970703125,637.3123168945312
5196,0.5475455522537231,1223.209228515625,592.2569580078125,1293.145751953125,682.24609375,1258.177490234375,637.2515258789062
5197,0.3909094035625458,1223.716796875,593.1610107421875,1292.948486328125,682.0477294921875,1258.3326416015625,637.6043701171875
5198,0.4501841962337494,1223.1513671875,592.391357421875,1293.137939453125,682.1524658203125,1258.1446533203125,637.2719116210938
5199,nan,nan,nan,nan,nan,nan,nan
5200,nan,nan,nan,nan,nan,nan,nan
5201,0.484037846326828,1162.054931640625,572.9559326171875,1256.942626953125,663.14599609375,1209.498779296875,618.0509643554688
5202,0.7350765466690063,1122.540283203125,578.8665771484375,1231.318115234375,673.6605224609375,1176.92919921875,626.2635498046875
5203,0.7457026839256287,1097.7890625,581.7297973632812,1202.50830078125,685.3239135742188,1150.148681640625,633.52685546875
5204,0.5865648984909058,1051.8785400390625,597.828125,1169.640869140625,692.03857421875,1110.7597045898438,644.933349609375
5205,0.8200473785400391,1011.9417724609375,579.5217895507812,1134.9608154296875,677.046142578125,1073.4512939453125,628.2839660644531
5206,0.8032593727111816,979.78564453125,583.510986328125,1070.0299072265625,663.1550903320312,1024.9077758789062,623.3330383300781
5207,0.7880920767784119,938.4136962890625,561.5062255859375,1029.484130859375,640.9964599609375,983.9489135742188,601.2513427734375
5208,0.8632493019104004,879.4850463867188,548.6285400390625,970.0006713867188,624.9772338867188,924.7428588867188,586.8028869628906
5209,0.667941153049469,819.8864135742188,502.679443359375,940.8768310546875,600.9862060546875,880.3816223144531,551.8328247070312
5210,0.7208144664764404,782.9447021484375,474.010986328125,872.64990234375,552.3869018554688,827.7973022460938,513.1989440917969
5211,0.6882433295249939,747.082275390625,425.9601745605469,863.8350219726562,539.907958984375,805.4586486816406,482.93406677246094
5212,0.8108351230621338,702.0115966796875,396.572021484375,799.8001708984375,475.81805419921875,750.9058837890625,436.1950378417969
5213,0.7409878373146057,663.8029174804688,369.853515625,760.4774780273438,450.6722412109375,712.1401977539062,410.26287841796875
5214,0.30073294043540955,627.763916015625,345.3251037597656,723.7443237304688,423.542724609375,675.7541198730469,384.4339141845703
5215,0.17302918434143066,590.2681884765625,324.2650451660156,692.12744140625,411.0251770019531,641.1978149414062,367.6451110839844
5216,nan,nan,nan,nan,nan,nan,nan
5217,0.14966890215873718,600.6461791992188,334.3541259765625,683.061279296875,417.681640625,641.8537292480469,376.01788330078125
5218,nan,nan,nan,nan,nan,nan,nan
5219,nan,nan,nan,nan,nan,nan,nan
5220,0.47323307394981384,438.7213439941406,245.78082275390625,536.4161376953125,328.44281005859375,487.56874084472656,287.11181640625
5221,0.22360461950302124,509.64093017578125,240.57467651367188,590.495361328125,295.6672668457031,550.0681457519531,268.1209716796875
5222,nan,nan,nan,nan,nan,nan,nan
5223,nan,nan,nan,nan,nan,nan,nan
5224,nan,nan,nan,nan,nan,nan,nan
5225,nan,nan,nan,nan,nan,nan,nan
5226,nan,nan,nan,nan,nan,nan,nan
5227,nan,nan,nan,nan,nan,nan,nan
5228,nan,nan,nan,nan,nan,nan,nan
5229,nan,nan,nan,nan,nan,nan,nan
5230,nan,nan,nan,nan,nan,nan,nan
5231,nan,nan,nan,nan,nan,nan,nan
5232,nan,nan,nan,nan,nan,nan,nan
5233,nan,nan,nan,nan,nan,nan,nan
5234,nan,nan,nan,nan,nan,nan,nan
5235,nan,nan,nan,nan,nan,nan,nan
5236,nan,nan,nan,nan,nan,nan,nan
5237,nan,nan,nan,nan,nan,nan,nan
5238,nan,nan,nan,nan,nan,nan,nan
5239,nan,nan,nan,nan,nan,nan,nan
5240,nan,nan,nan,nan,nan,nan,nan
5241,nan,nan,nan,nan,nan,nan,nan
5242,nan,nan,nan,nan,nan,nan,nan
5243,nan,nan,nan,nan,nan,nan,nan
5244,nan,nan,nan,nan,nan,nan,nan
5245,nan,nan,nan,nan,nan,nan,nan
5246,nan,nan,nan,nan,nan,nan,nan
5247,nan,nan,nan,nan,nan,nan,nan
5248,nan,nan,nan,nan,nan,nan,nan
5249,nan,nan,nan,nan,nan,nan,nan
5250,nan,nan,nan,nan,nan,nan,nan
5251,nan,nan,nan,nan,nan,nan,nan
5252,nan,nan,nan,nan,nan,nan,nan
5253,nan,nan,nan,nan,nan,nan,nan
5254,nan,nan,nan,nan,nan,nan,nan
5255,nan,nan,nan,nan,nan,nan,nan
5256,nan,nan,nan,nan,nan,nan,nan
5257,nan,nan,nan,nan,nan,nan,nan
5258,nan,nan,nan,nan,nan,nan,nan
5259,nan,nan,nan,nan,nan,nan,nan
5260,nan,nan,nan,nan,nan,nan,nan
5261,nan,nan,nan,nan,nan,nan,nan
5262,nan,nan,nan,nan,nan,nan,nan
5263,nan,nan,nan,nan,nan,nan,nan
5264,nan,nan,nan,nan,nan,nan,nan
5265,nan,nan,nan,nan,nan,nan,nan
5266,nan,nan,nan,nan,nan,nan,nan
5267,nan,nan,nan,nan,nan,nan,nan
5268,nan,nan,nan,nan,nan,nan,nan
5269,nan,nan,nan,nan,nan,nan,nan
5270,nan,nan,nan,nan,nan,nan,nan
5271,nan,nan,nan,nan,nan,nan,nan
5272,nan,nan,nan,nan,nan,nan,nan
5273,0.445279598236084,276.5517578125,231.72125244140625,364.7833251953125,303.2626953125,320.66754150390625,267.4919738769531
5274,0.5725859999656677,276.1599426269531,232.55369567871094,361.1661071777344,303.34698486328125,318.66302490234375,267.9503402709961
5275,0.5755451321601868,276.1608581542969,232.47296142578125,361.42657470703125,303.0818176269531,318.79371643066406,267.7773895263672
5276,0.5414794087409973,276.8856201171875,233.5496063232422,359.15277099609375,302.1962890625,318.0191955566406,267.8729476928711
5277,0.5265890955924988,276.8123474121094,233.73779296875,358.02520751953125,302.2673034667969,317.4187774658203,268.00254821777344
5278,0.4855670630931854,276.81512451171875,233.90176391601562,357.5835876464844,302.03216552734375,317.19935607910156,267.9669647216797
5279,0.6121464371681213,277.0243835449219,234.23826599121094,356.9028625488281,301.53631591796875,316.963623046875,267.88729095458984
5280,0.4797724485397339,277.2281799316406,233.90249633789062,356.9246520996094,301.45166015625,317.076416015625,267.6770782470703
5281,0.5343650579452515,277.1624755859375,233.98672485351562,356.56927490234375,301.68609619140625,316.8658752441406,267.83641052246094
5282,0.5234916806221008,277.17950439453125,233.76321411132812,356.86883544921875,301.4307556152344,317.024169921875,267.59698486328125
5283,0.47323259711265564,277.499755859375,233.9326629638672,361.570556640625,301.84014892578125,319.53515625,267.8864059448242
5284,0.42560335993766785,277.0963439941406,233.96717834472656,356.912841796875,301.8814697265625,317.0045928955078,267.92432403564453
5285,0.502788782119751,277.15179443359375,234.0296173095703,356.696533203125,301.6253662109375,316.9241638183594,267.8274917602539
5286,0.4975121319293976,277.16802978515625,234.2073974609375,356.88226318359375,301.6686706542969,317.025146484375,267.9380340576172
5287,0.48223239183425903,277.0255126953125,234.34071350097656,357.524169921875,301.9044189453125,317.27484130859375,268.12256622314453
5288,0.48051247000694275,277.12939453125,234.56858825683594,357.2553405761719,301.99407958984375,317.19236755371094,268.28133392333984
5289,0.5566850900650024,277.119384765625,234.70379638671875,356.4482421875,301.6325988769531,316.7838134765625,268.16819763183594
5290,0.554124116897583,277.26251220703125,235.07130432128906,355.5663757324219,301.49749755859375,316.41444396972656,268.2844009399414
5291,0.6380071043968201,277.4888916015625,234.68426513671875,356.02685546875,301.5552062988281,316.75787353515625,268.11973571777344
5292,0.5245188474655151,277.24383544921875,234.34735107421875,357.28912353515625,301.1168212890625,317.2664794921875,267.7320861816406
5293,0.5088722705841064,277.25592041015625,234.87693786621094,357.43194580078125,301.11376953125,317.34393310546875,267.99535369873047
5294,0.5367056131362915,277.34368896484375,235.1751708984375,357.09912109375,301.3451843261719,317.2214050292969,268.2601776123047
5295,0.6249878406524658,277.3671875,234.62315368652344,355.1425476074219,300.9128723144531,316.25486755371094,267.7680130004883
5296,0.6231169104576111,277.3402099609375,233.9779815673828,356.58807373046875,301.1626281738281,316.9641418457031,267.57030487060547
5297,0.6119274497032166,277.36248779296875,234.06568908691406,356.9610900878906,301.27655029296875,317.1617889404297,267.6711196899414
5298,0.5460692644119263,277.2105407714844,233.91554260253906,358.00860595703125,301.2291259765625,317.6095733642578,267.5723342895508
5299,0.5732197761535645,277.2874755859375,233.36056518554688,358.327392578125,301.21441650390625,317.80743408203125,267.28749084472656
5300,0.6955147981643677,277.5252685546875,233.55262756347656,357.62652587890625,301.3645935058594,317.5758972167969,267.45861053466797
5301,0.6607271432876587,277.4635009765625,233.4429931640625,359.28082275390625,301.5061340332031,318.3721618652344,267.4745635986328
5302,0.6554919481277466,277.4070739746094,233.53724670410156,358.8353576660156,301.489013671875,318.1212158203125,267.5131301879883
5303,0.6801392436027527,277.62713623046875,233.69659423828125,358.80810546875,301.5202331542969,318.2176208496094,267.60841369628906
5304,0.6974016427993774,277.40087890625,233.77011108398438,357.3824462890625,300.7665710449219,317.39166259765625,267.2683410644531
5305,0.7037801146507263,277.385986328125,233.78805541992188,358.09747314453125,301.1031188964844,317.7417297363281,267.4455871582031
5306,0.6773285269737244,277.4024658203125,233.77789306640625,358.49127197265625,300.6812438964844,317.9468688964844,267.2295684814453
5307,0.7129808068275452,277.2742919921875,234.25433349609375,356.60498046875,300.45587158203125,316.93963623046875,267.3551025390625
5308,0.6819108724594116,277.34124755859375,234.20054626464844,356.6075134277344,300.58447265625,316.97438049316406,267.3925094604492
5309,0.7158662676811218,277.40179443359375,234.47836303710938,356.9830322265625,300.8304748535156,317.1924133300781,267.6544189453125
5310,0.6955622434616089,277.42181396484375,234.66995239257812,357.2376708984375,300.8736267089844,317.3297424316406,267.77178955078125
5311,0.7095036506652832,277.3976135253906,234.67501831054688,356.7015075683594,300.89605712890625,317.049560546875,267.78553771972656
5312,0.7083185911178589,277.29052734375,234.27488708496094,357.544189453125,301.136474609375,317.4173583984375,267.70568084716797
5313,0.7137988209724426,277.49822998046875,234.92718505859375,356.56005859375,300.8527526855469,317.0291442871094,267.8899688720703
5314,0.7034159302711487,277.46087646484375,234.5628204345703,357.6540832519531,301.00830078125,317.55747985839844,267.78556060791016
5315,0.7053705453872681,277.42987060546875,234.4185333251953,357.3974609375,300.9654235839844,317.4136657714844,267.69197845458984
5316,0.6968011856079102,277.440185546875,234.77200317382812,357.74298095703125,300.8419494628906,317.5915832519531,267.8069763183594
5317,0.6916942596435547,277.5111083984375,234.73374938964844,357.4756164550781,300.8048095703125,317.4933624267578,267.76927947998047
5318,0.6945997476577759,277.45806884765625,234.6455841064453,357.3728942871094,301.00299072265625,317.4154815673828,267.8242874145508
5319,0.7085219025611877,277.386962890625,234.96153259277344,356.7537841796875,301.06378173828125,317.07037353515625,268.01265716552734
5320,0.7121953964233398,277.4022521972656,235.0747833251953,355.8762512207031,300.9379577636719,316.6392517089844,268.0063705444336
5321,0.7186360955238342,277.5572204589844,235.20062255859375,355.1606140136719,300.68389892578125,316.3589172363281,267.9422607421875
5322,0.7071511745452881,277.5669250488281,234.6785430908203,356.51495361328125,300.81964111328125,317.0409393310547,267.7490921020508
5323,0.73319411277771,277.66436767578125,234.98150634765625,354.970703125,300.6600341796875,316.3175354003906,267.8207702636719
5324,0.691723108291626,277.6534118652344,235.13275146484375,355.8556213378906,300.9584045410156,316.7545166015625,268.0455780029297
5325,0.7059168815612793,277.68365478515625,235.33480834960938,354.273193359375,300.9388122558594,315.9784240722656,268.1368103027344
5326,0.6742247939109802,278.42645263671875,233.16233825683594,363.18865966796875,302.85723876953125,320.80755615234375,268.0097885131836
5327,0.7198897004127502,280.3814697265625,232.85702514648438,369.9331970214844,304.9080810546875,325.15733337402344,268.88255310058594
5328,0.5831242799758911,284.52825927734375,236.86920166015625,372.0630798339844,313.13885498046875,328.29566955566406,275.0040283203125
5329,0.4367329776287079,285.68914794921875,240.24899291992188,369.81695556640625,315.3581237792969,327.7530517578125,277.8035583496094
5330,0.3663180470466614,285.6878662109375,241.09158325195312,370.17474365234375,315.34637451171875,327.9313049316406,278.21897888183594
5331,0.4543014466762543,285.6705322265625,241.7314453125,365.8689880371094,315.0500793457031,325.76976013183594,278.39076232910156
5332,0.32118692994117737,285.5847473144531,241.3867950439453,366.18475341796875,315.1651611328125,325.88475036621094,278.2759780883789
5333,0.3731077313423157,285.69049072265625,242.30917358398438,369.16094970703125,315.45367431640625,327.42572021484375,278.8814239501953
5334,0.23984451591968536,285.5653381347656,241.6984405517578,370.4962463378906,315.36407470703125,328.0307922363281,278.53125762939453
5335,0.29246532917022705,285.57940673828125,243.45065307617188,362.87689208984375,315.25018310546875,324.2281494140625,279.3504180908203
5336,0.2839803099632263,285.53570556640625,241.45367431640625,370.22308349609375,315.81280517578125,327.87939453125,278.63323974609375
5337,0.33878347277641296,285.5569152832031,241.22695922851562,369.6896667480469,315.7235107421875,327.623291015625,278.47523498535156
5338,0.3429601788520813,285.52008056640625,241.1569061279297,369.716552734375,315.820556640625,327.6183166503906,278.48873138427734
5339,0.4148944318294525,285.4111022949219,240.58859252929688,370.27984619140625,315.9280700683594,327.84547424316406,278.2583312988281
5340,0.25383761525154114,285.56793212890625,241.03518676757812,370.62335205078125,315.9541015625,328.09564208984375,278.49464416503906
5341,0.24516519904136658,285.6286926269531,241.79383850097656,370.09210205078125,315.732666015625,327.8603973388672,278.7632522583008
5342,0.2176295816898346,285.7099914550781,240.6958465576172,371.1761169433594,315.8109130859375,328.44305419921875,278.25337982177734
5343,0.23308396339416504,285.77398681640625,241.35723876953125,370.80560302734375,316.0197448730469,328.289794921875,278.68849182128906
5344,0.2818477153778076,285.70965576171875,241.67486572265625,371.0823974609375,315.86639404296875,328.3960266113281,278.7706298828125
5345,0.2941220998764038,285.74066162109375,241.8526611328125,370.59075927734375,315.90570068359375,328.16571044921875,278.8791809082031
5346,0.3841375410556793,285.70989990234375,242.55844116210938,369.1072082519531,315.83258056640625,327.40855407714844,279.1955108642578
5347,0.3520814776420593,285.59600830078125,243.14028930664062,368.8415222167969,315.8577880859375,327.21876525878906,279.49903869628906
5348,0.26178091764450073,285.74896240234375,242.49842834472656,369.99542236328125,315.74615478515625,327.8721923828125,279.1222915649414
5349,0.2544580399990082,285.7337951660156,242.45631408691406,370.1109924316406,315.79034423828125,327.9223937988281,279.12332916259766
5350,0.21147820353507996,285.7618408203125,243.40310668945312,368.93011474609375,315.6470947265625,327.3459777832031,279.5251007080078
5351,0.2717830538749695,285.7945556640625,242.43104553222656,365.919677734375,315.3714599609375,325.85711669921875,278.90125274658203
5352,0.18558569252490997,285.90966796875,242.8787384033203,365.64410400390625,315.6224365234375,325.7768859863281,279.2505874633789
5353,0.18678875267505646,285.85882568359375,242.42303466796875,366.43731689453125,315.73858642578125,326.1480712890625,279.080810546875
5354,0.17766675353050232,285.91015625,242.17506408691406,366.5157470703125,315.769287109375,326.21295166015625,278.97217559814453
5355,0.30269595980644226,285.8619689941406,243.034423828125,365.2656555175781,315.7283020019531,325.5638122558594,279.38136291503906
5356,0.23467253148555756,285.80615234375,241.1213836669922,367.855712890625,315.82110595703125,326.8309326171875,278.4712448120117
5357,0.16923941671848297,285.82342529296875,240.9411163330078,367.97369384765625,315.8769836425781,326.8985595703125,278.40904998779297
5358,0.1347513347864151,285.81719970703125,241.2674560546875,371.5500183105469,316.1115417480469,328.68360900878906,278.6894989013672
5359,0.13385918736457825,285.9449157714844,241.79656982421875,371.55963134765625,315.9006652832031,328.7522735595703,278.84861755371094
5360,0.18754109740257263,285.83673095703125,239.77493286132812,372.24420166015625,315.670654296875,329.04046630859375,277.72279357910156
5361,0.17656370997428894,285.6964111328125,240.03509521484375,372.24688720703125,315.53326416015625,328.9716491699219,277.7841796875
5362,0.20609726011753082,285.6749572753906,240.47776794433594,372.1441345214844,315.6345520019531,328.9095458984375,278.05615997314453
5363,0.2713848948478699,285.5548095703125,240.5301513671875,372.4361572265625,315.84930419921875,328.9954833984375,278.1897277832031
5364,0.1700509637594223,285.60833740234375,240.5797119140625,372.025146484375,315.9712829589844,328.8167419433594,278.27549743652344
5365,0.15944254398345947,285.6490478515625,241.24269104003906,370.8077392578125,315.6504821777344,328.2283935546875,278.4465866088867
5366,0.1848173588514328,285.673583984375,242.08863830566406,370.7628173828125,315.72259521484375,328.21820068359375,278.9056167602539
5367,0.14012306928634644,285.6722106933594,242.58480834960938,370.4708251953125,315.8258056640625,328.07151794433594,279.20530700683594
5368,0.10480353981256485,285.6124267578125,241.6208953857422,371.251708984375,315.76275634765625,328.43206787109375,278.6918258666992
5369,0.13436153531074524,285.4883117675781,241.49285888671875,370.8506774902344,315.6737060546875,328.16949462890625,278.5832824707031
5370,0.16013658046722412,285.68804931640625,242.4679412841797,370.54986572265625,315.67340087890625,328.11895751953125,279.07067108154297
5371,0.14491185545921326,285.80169677734375,243.59213256835938,369.40631103515625,315.83868408203125,327.60400390625,279.7154083251953
5372,0.10687205195426941,285.817626953125,241.76902770996094,371.20556640625,315.7907409667969,328.5115966796875,278.7798843383789
5373,0.11627795547246933,285.75335693359375,241.69818115234375,371.22760009765625,315.8871765136719,328.490478515625,278.7926788330078
5374,0.12900052964687347,285.73284912109375,241.90003967285156,370.44854736328125,315.6663818359375,328.0906982421875,278.78321075439453
5375,0.2310449481010437,285.44537353515625,240.63734436035156,371.4505615234375,315.68817138671875,328.4479675292969,278.16275787353516
5376,0.2340172678232193,285.4383544921875,242.28826904296875,369.93408203125,315.66943359375,327.68621826171875,278.9788513183594
5377,0.16140864789485931,285.5948486328125,241.88552856445312,370.47808837890625,315.8020935058594,328.0364685058594,278.84381103515625
5378,0.13184581696987152,285.6282043457031,241.42044067382812,370.7599792480469,315.6814270019531,328.194091796875,278.5509338378906
5379,0.13440179824829102,285.43505859375,241.44923400878906,370.37158203125,315.81451416015625,327.9033203125,278.63187408447266
5380,nan,nan,nan,nan,nan,nan,nan
5381,0.16231662034988403,285.70697021484375,240.2559814453125,371.19573974609375,315.7215270996094,328.45135498046875,277.98875427246094
5382,0.12445332109928131,285.73004150390625,240.32936096191406,370.822998046875,315.6795654296875,328.2765197753906,278.0044631958008
5383,0.20991744101047516,285.74261474609375,240.405029296875,370.33355712890625,315.7100830078125,328.0380859375,278.05755615234375
5384,0.14146317541599274,285.728515625,239.9652557373047,370.9251708984375,315.7579650878906,328.32684326171875,277.86161041259766
5385,0.17482483386993408,285.625244140625,239.4920654296875,371.3673095703125,315.6457214355469,328.49627685546875,277.5688934326172
5386,0.16832754015922546,285.59527587890625,239.0144805908203,371.187744140625,315.6173095703125,328.3915100097656,277.3158950805664
5387,0.12925057113170624,285.6876525878906,239.20143127441406,372.1109619140625,315.67230224609375,328.89930725097656,277.4368667602539
5388,nan,nan,nan,nan,nan,nan,nan
5389,0.13515859842300415,285.44500732421875,239.61886596679688,371.62298583984375,315.5538024902344,328.53399658203125,277.5863342285156
5390,nan,nan,nan,nan,nan,nan,nan
5391,nan,nan,nan,nan,nan,nan,nan
5392,nan,nan,nan,nan,nan,nan,nan
5393,0.10212075710296631,285.3542175292969,239.36260986328125,372.96331787109375,315.85791015625,329.1587677001953,277.6102600097656
5394,nan,nan,nan,nan,nan,nan,nan
5395,0.11779027432203293,285.4765625,239.4821319580078,372.85809326171875,315.924072265625,329.1673278808594,277.7031021118164
5396,nan,nan,nan,nan,nan,nan,nan
5397,nan,nan,nan,nan,nan,nan,nan
5398,nan,nan,nan,nan,nan,nan,nan
5399,nan,nan,nan,nan,nan,nan,nan
5400,nan,nan,nan,nan,nan,nan,nan
5401,nan,nan,nan,nan,nan,nan,nan
5402,nan,nan,nan,nan,nan,nan,nan
5403,nan,nan,nan,nan,nan,nan,nan
5404,nan,nan,nan,nan,nan,nan,nan
5405,nan,nan,nan,nan,nan,nan,nan
5406,nan,nan,nan,nan,nan,nan,nan
5407,nan,nan,nan,nan,nan,nan,nan
5408,nan,nan,nan,nan,nan,nan,nan
5409,nan,nan,nan,nan,nan,nan,nan
5410,nan,nan,nan,nan,nan,nan,nan
5411,nan,nan,nan,nan,nan,nan,nan
5412,nan,nan,nan,nan,nan,nan,nan
5413,nan,nan,nan,nan,nan,nan,nan
5414,nan,nan,nan,nan,nan,nan,nan
5415,nan,nan,nan,nan,nan,nan,nan
5416,nan,nan,nan,nan,nan,nan,nan
5417,nan,nan,nan,nan,nan,nan,nan
5418,nan,nan,nan,nan,nan,nan,nan
5419,nan,nan,nan,nan,nan,nan,nan
5420,nan,nan,nan,nan,nan,nan,nan
5421,nan,nan,nan,nan,nan,nan,nan
5422,nan,nan,nan,nan,nan,nan,nan
5423,nan,nan,nan,nan,nan,nan,nan
5424,nan,nan,nan,nan,nan,nan,nan
5425,nan,nan,nan,nan,nan,nan,nan
5426,nan,nan,nan,nan,nan,nan,nan
5427,nan,nan,nan,nan,nan,nan,nan
5428,nan,nan,nan,nan,nan,nan,nan
5429,nan,nan,nan,nan,nan,nan,nan
5430,nan,nan,nan,nan,nan,nan,nan
5431,nan,nan,nan,nan,nan,nan,nan
5432,nan,nan,nan,nan,nan,nan,nan
5433,nan,nan,nan,nan,nan,nan,nan
5434,nan,nan,nan,nan,nan,nan,nan
5435,nan,nan,nan,nan,nan,nan,nan
5436,nan,nan,nan,nan,nan,nan,nan
5437,nan,nan,nan,nan,nan,nan,nan
5438,nan,nan,nan,nan,nan,nan,nan
5439,nan,nan,nan,nan,nan,nan,nan
5440,nan,nan,nan,nan,nan,nan,nan
5441,nan,nan,nan,nan,nan,nan,nan
5442,nan,nan,nan,nan,nan,nan,nan
5443,nan,nan,nan,nan,nan,nan,nan
5444,nan,nan,nan,nan,nan,nan,nan
5445,nan,nan,nan,nan,nan,nan,nan
5446,nan,nan,nan,nan,nan,nan,nan
5447,nan,nan,nan,nan,nan,nan,nan
5448,nan,nan,nan,nan,nan,nan,nan
5449,nan,nan,nan,nan,nan,nan,nan
5450,nan,nan,nan,nan,nan,nan,nan
5451,nan,nan,nan,nan,nan,nan,nan
5452,nan,nan,nan,nan,nan,nan,nan
5453,nan,nan,nan,nan,nan,nan,nan
5454,nan,nan,nan,nan,nan,nan,nan
5455,nan,nan,nan,nan,nan,nan,nan
5456,nan,nan,nan,nan,nan,nan,nan
5457,nan,nan,nan,nan,nan,nan,nan
5458,nan,nan,nan,nan,nan,nan,nan
5459,nan,nan,nan,nan,nan,nan,nan
5460,nan,nan,nan,nan,nan,nan,nan
5461,nan,nan,nan,nan,nan,nan,nan
5462,nan,nan,nan,nan,nan,nan,nan
5463,nan,nan,nan,nan,nan,nan,nan
5464,nan,nan,nan,nan,nan,nan,nan
5465,nan,nan,nan,nan,nan,nan,nan
5466,nan,nan,nan,nan,nan,nan,nan
5467,nan,nan,nan,nan,nan,nan,nan
5468,nan,nan,nan,nan,nan,nan,nan
5469,nan,nan,nan,nan,nan,nan,nan
5470,nan,nan,nan,nan,nan,nan,nan
5471,nan,nan,nan,nan,nan,nan,nan
5472,nan,nan,nan,nan,nan,nan,nan
5473,nan,nan,nan,nan,nan,nan,nan
5474,nan,nan,nan,nan,nan,nan,nan
5475,nan,nan,nan,nan,nan,nan,nan
5476,nan,nan,nan,nan,nan,nan,nan
5477,nan,nan,nan,nan,nan,nan,nan
5478,nan,nan,nan,nan,nan,nan,nan
5479,nan,nan,nan,nan,nan,nan,nan
5480,nan,nan,nan,nan,nan,nan,nan
5481,nan,nan,nan,nan,nan,nan,nan
5482,nan,nan,nan,nan,nan,nan,nan
5483,nan,nan,nan,nan,nan,nan,nan
5484,nan,nan,nan,nan,nan,nan,nan
5485,nan,nan,nan,nan,nan,nan,nan
5486,nan,nan,nan,nan,nan,nan,nan
5487,nan,nan,nan,nan,nan,nan,nan
5488,nan,nan,nan,nan,nan,nan,nan
5489,nan,nan,nan,nan,nan,nan,nan
5490,nan,nan,nan,nan,nan,nan,nan
5491,nan,nan,nan,nan,nan,nan,nan
5492,nan,nan,nan,nan,nan,nan,nan
5493,nan,nan,nan,nan,nan,nan,nan
5494,nan,nan,nan,nan,nan,nan,nan
5495,nan,nan,nan,nan,nan,nan,nan
5496,nan,nan,nan,nan,nan,nan,nan
5497,nan,nan,nan,nan,nan,nan,nan
5498,nan,nan,nan,nan,nan,nan,nan
5499,nan,nan,nan,nan,nan,nan,nan
5500,nan,nan,nan,nan,nan,nan,nan
5501,nan,nan,nan,nan,nan,nan,nan
5502,nan,nan,nan,nan,nan,nan,nan
5503,nan,nan,nan,nan,nan,nan,nan
5504,nan,nan,nan,nan,nan,nan,nan
5505,nan,nan,nan,nan,nan,nan,nan
5506,nan,nan,nan,nan,nan,nan,nan
5507,nan,nan,nan,nan,nan,nan,nan
5508,nan,nan,nan,nan,nan,nan,nan
5509,nan,nan,nan,nan,nan,nan,nan
5510,nan,nan,nan,nan,nan,nan,nan
5511,nan,nan,nan,nan,nan,nan,nan
5512,nan,nan,nan,nan,nan,nan,nan
5513,nan,nan,nan,nan,nan,nan,nan
5514,nan,nan,nan,nan,nan,nan,nan
5515,nan,nan,nan,nan,nan,nan,nan
5516,nan,nan,nan,nan,nan,nan,nan
5517,nan,nan,nan,nan,nan,nan,nan
5518,nan,nan,nan,nan,nan,nan,nan
5519,nan,nan,nan,nan,nan,nan,nan
5520,nan,nan,nan,nan,nan,nan,nan
5521,nan,nan,nan,nan,nan,nan,nan
5522,nan,nan,nan,nan,nan,nan,nan
5523,nan,nan,nan,nan,nan,nan,nan
5524,nan,nan,nan,nan,nan,nan,nan
5525,nan,nan,nan,nan,nan,nan,nan
5526,nan,nan,nan,nan,nan,nan,nan
5527,nan,nan,nan,nan,nan,nan,nan
5528,nan,nan,nan,nan,nan,nan,nan
5529,nan,nan,nan,nan,nan,nan,nan
5530,nan,nan,nan,nan,nan,nan,nan
5531,nan,nan,nan,nan,nan,nan,nan
5532,nan,nan,nan,nan,nan,nan,nan
5533,nan,nan,nan,nan,nan,nan,nan
5534,nan,nan,nan,nan,nan,nan,nan
5535,nan,nan,nan,nan,nan,nan,nan
5536,nan,nan,nan,nan,nan,nan,nan
5537,nan,nan,nan,nan,nan,nan,nan
5538,nan,nan,nan,nan,nan,nan,nan
5539,nan,nan,nan,nan,nan,nan,nan
5540,nan,nan,nan,nan,nan,nan,nan
5541,nan,nan,nan,nan,nan,nan,nan
5542,nan,nan,nan,nan,nan,nan,nan
5543,nan,nan,nan,nan,nan,nan,nan
5544,nan,nan,nan,nan,nan,nan,nan
5545,nan,nan,nan,nan,nan,nan,nan
5546,nan,nan,nan,nan,nan,nan,nan
5547,nan,nan,nan,nan,nan,nan,nan
5548,nan,nan,nan,nan,nan,nan,nan
5549,nan,nan,nan,nan,nan,nan,nan
5550,nan,nan,nan,nan,nan,nan,nan
5551,nan,nan,nan,nan,nan,nan,nan
5552,nan,nan,nan,nan,nan,nan,nan
5553,nan,nan,nan,nan,nan,nan,nan
5554,nan,nan,nan,nan,nan,nan,nan
5555,nan,nan,nan,nan,nan,nan,nan
5556,nan,nan,nan,nan,nan,nan,nan
5557,nan,nan,nan,nan,nan,nan,nan
5558,nan,nan,nan,nan,nan,nan,nan
5559,nan,nan,nan,nan,nan,nan,nan
5560,nan,nan,nan,nan,nan,nan,nan
5561,nan,nan,nan,nan,nan,nan,nan
5562,nan,nan,nan,nan,nan,nan,nan
5563,nan,nan,nan,nan,nan,nan,nan
5564,nan,nan,nan,nan,nan,nan,nan
5565,nan,nan,nan,nan,nan,nan,nan
5566,nan,nan,nan,nan,nan,nan,nan
5567,nan,nan,nan,nan,nan,nan,nan
5568,nan,nan,nan,nan,nan,nan,nan
5569,nan,nan,nan,nan,nan,nan,nan
5570,nan,nan,nan,nan,nan,nan,nan
5571,nan,nan,nan,nan,nan,nan,nan
5572,nan,nan,nan,nan,nan,nan,nan
5573,nan,nan,nan,nan,nan,nan,nan
5574,nan,nan,nan,nan,nan,nan,nan
5575,nan,nan,nan,nan,nan,nan,nan
5576,nan,nan,nan,nan,nan,nan,nan
5577,nan,nan,nan,nan,nan,nan,nan
5578,nan,nan,nan,nan,nan,nan,nan
5579,nan,nan,nan,nan,nan,nan,nan
5580,nan,nan,nan,nan,nan,nan,nan
5581,nan,nan,nan,nan,nan,nan,nan
5582,nan,nan,nan,nan,nan,nan,nan
5583,nan,nan,nan,nan,nan,nan,nan
5584,nan,nan,nan,nan,nan,nan,nan
5585,nan,nan,nan,nan,nan,nan,nan
5586,nan,nan,nan,nan,nan,nan,nan
5587,nan,nan,nan,nan,nan,nan,nan
5588,nan,nan,nan,nan,nan,nan,nan
5589,nan,nan,nan,nan,nan,nan,nan
5590,nan,nan,nan,nan,nan,nan,nan
5591,nan,nan,nan,nan,nan,nan,nan
5592,nan,nan,nan,nan,nan,nan,nan
5593,nan,nan,nan,nan,nan,nan,nan
5594,nan,nan,nan,nan,nan,nan,nan
5595,nan,nan,nan,nan,nan,nan,nan
5596,nan,nan,nan,nan,nan,nan,nan
5597,nan,nan,nan,nan,nan,nan,nan
5598,nan,nan,nan,nan,nan,nan,nan
5599,nan,nan,nan,nan,nan,nan,nan
5600,nan,nan,nan,nan,nan,nan,nan
5601,nan,nan,nan,nan,nan,nan,nan
5602,nan,nan,nan,nan,nan,nan,nan
5603,nan,nan,nan,nan,nan,nan,nan
5604,nan,nan,nan,nan,nan,nan,nan
5605,nan,nan,nan,nan,nan,nan,nan
5606,nan,nan,nan,nan,nan,nan,nan
5607,nan,nan,nan,nan,nan,nan,nan
5608,nan,nan,nan,nan,nan,nan,nan
5609,nan,nan,nan,nan,nan,nan,nan
5610,nan,nan,nan,nan,nan,nan,nan
5611,nan,nan,nan,nan,nan,nan,nan
5612,nan,nan,nan,nan,nan,nan,nan
5613,nan,nan,nan,nan,nan,nan,nan
5614,nan,nan,nan,nan,nan,nan,nan
5615,nan,nan,nan,nan,nan,nan,nan
5616,nan,nan,nan,nan,nan,nan,nan
5617,nan,nan,nan,nan,nan,nan,nan
5618,nan,nan,nan,nan,nan,nan,nan
5619,nan,nan,nan,nan,nan,nan,nan
5620,nan,nan,nan,nan,nan,nan,nan
5621,nan,nan,nan,nan,nan,nan,nan
5622,nan,nan,nan,nan,nan,nan,nan
5623,nan,nan,nan,nan,nan,nan,nan
5624,nan,nan,nan,nan,nan,nan,nan
5625,nan,nan,nan,nan,nan,nan,nan
5626,nan,nan,nan,nan,nan,nan,nan
5627,nan,nan,nan,nan,nan,nan,nan
5628,nan,nan,nan,nan,nan,nan,nan
5629,nan,nan,nan,nan,nan,nan,nan
5630,nan,nan,nan,nan,nan,nan,nan
5631,nan,nan,nan,nan,nan,nan,nan
5632,nan,nan,nan,nan,nan,nan,nan
5633,nan,nan,nan,nan,nan,nan,nan
5634,nan,nan,nan,nan,nan,nan,nan
5635,nan,nan,nan,nan,nan,nan,nan
5636,nan,nan,nan,nan,nan,nan,nan
5637,nan,nan,nan,nan,nan,nan,nan
5638,nan,nan,nan,nan,nan,nan,nan
5639,nan,nan,nan,nan,nan,nan,nan
5640,nan,nan,nan,nan,nan,nan,nan
5641,nan,nan,nan,nan,nan,nan,nan
5642,nan,nan,nan,nan,nan,nan,nan
5643,nan,nan,nan,nan,nan,nan,nan
5644,nan,nan,nan,nan,nan,nan,nan
5645,nan,nan,nan,nan,nan,nan,nan
5646,nan,nan,nan,nan,nan,nan,nan
5647,nan,nan,nan,nan,nan,nan,nan
5648,nan,nan,nan,nan,nan,nan,nan
5649,nan,nan,nan,nan,nan,nan,nan
5650,nan,nan,nan,nan,nan,nan,nan
5651,nan,nan,nan,nan,nan,nan,nan
5652,nan,nan,nan,nan,nan,nan,nan
5653,nan,nan,nan,nan,nan,nan,nan
5654,nan,nan,nan,nan,nan,nan,nan
5655,nan,nan,nan,nan,nan,nan,nan
5656,nan,nan,nan,nan,nan,nan,nan
5657,nan,nan,nan,nan,nan,nan,nan
5658,nan,nan,nan,nan,nan,nan,nan
5659,nan,nan,nan,nan,nan,nan,nan
5660,nan,nan,nan,nan,nan,nan,nan
5661,0.6409258246421814,410.6443176269531,181.27162170410156,520.6873779296875,255.68458557128906,465.6658477783203,218.4781036376953
5662,0.3128643035888672,454.94384765625,173.8355255126953,564.3436889648438,248.24290466308594,509.6437683105469,211.03921508789062
5663,0.8149402737617493,521.3856811523438,168.0464630126953,619.4712524414062,238.24832153320312,570.428466796875,203.14739227294922
5664,0.8419942259788513,569.8525390625,157.75816345214844,667.0338745117188,241.27606201171875,618.4432067871094,199.5171127319336
5665,0.8286638259887695,609.1316528320312,160.50123596191406,701.8965454101562,238.00918579101562,655.5140991210938,199.25521087646484
5666,0.8169867396354675,626.8514404296875,175.72760009765625,718.8916015625,248.580322265625,672.8715209960938,212.15396118164062
5667,0.8575490117073059,631.1621704101562,189.87564086914062,728.3735961914062,265.8942565917969,679.7678833007812,227.88494873046875
5668,0.25803083181381226,640.921142578125,181.4008026123047,743.9741821289062,298.63958740234375,692.4476623535156,240.02019500732422
5669,0.84097820520401,680.48974609375,232.69253540039062,770.8994140625,320.14129638671875,725.694580078125,276.4169158935547
5670,0.8219153881072998,709.9722290039062,254.87319946289062,805.7788696289062,348.355224609375,757.8755493164062,301.6142120361328
5671,0.8095681071281433,741.10693359375,297.91607666015625,835.5170288085938,385.99517822265625,788.3119812011719,341.95562744140625
5672,0.359258770942688,766.3668823242188,353.2718505859375,847.2280883789062,442.9091491699219,806.7974853515625,398.0904998779297
5673,0.43027356266975403,776.9258422851562,382.6579284667969,867.3726196289062,487.1593322753906,822.1492309570312,434.90863037109375
5674,0.8436217904090881,803.8390502929688,435.70367431640625,886.0193481445312,523.5540161132812,844.92919921875,479.62884521484375
5675,0.870917558670044,813.8801879882812,459.012451171875,910.614990234375,547.43310546875,862.2475891113281,503.2227783203125
5676,0.8526195883750916,838.8260498046875,492.6004943847656,920.6431884765625,581.47314453125,879.734619140625,537.0368194580078
5677,0.8996798992156982,843.3358154296875,522.3546142578125,925.2952880859375,609.3493041992188,884.3155517578125,565.8519592285156
5678,0.7707894444465637,850.7477416992188,540.8475952148438,933.1124267578125,621.0368041992188,891.9300842285156,580.9421997070312
5679,0.8310723304748535,857.4146118164062,545.3841552734375,936.1437377929688,627.57177734375,896.7791748046875,586.4779663085938
5680,0.8700963258743286,859.6036376953125,548.17138671875,937.32421875,628.6280517578125,898.4639282226562,588.3997192382812
5681,0.8558629751205444,859.21875,545.2662963867188,936.888427734375,626.9241943359375,898.0535888671875,586.0952453613281
5682,0.8436110019683838,859.3903198242188,545.0592041015625,936.6454467773438,627.09912109375,898.0178833007812,586.0791625976562
5683,0.8576018810272217,860.2459716796875,544.621826171875,937.828125,626.978271484375,899.0370483398438,585.800048828125
5684,0.8755195140838623,878.737548828125,530.2556762695312,965.9896240234375,607.556640625,922.3635864257812,568.9061584472656
5685,0.8873166441917419,891.3804931640625,515.7225341796875,981.410888671875,597.833740234375,936.3956909179688,556.7781372070312
5686,0.8447892665863037,891.4083251953125,514.3961791992188,982.7545166015625,596.7097778320312,937.0814208984375,555.552978515625
5687,0.8341889381408691,889.3487548828125,514.7335815429688,982.5633544921875,596.9955444335938,935.9560546875,555.8645629882812
5688,0.8404828310012817,890.1659545898438,514.5201416015625,983.3263549804688,596.7009887695312,936.7461547851562,555.6105651855469
5689,0.8613321781158447,892.6776123046875,514.5465087890625,984.6588134765625,595.4783935546875,938.668212890625,555.012451171875
5690,0.8115190863609314,900.4762573242188,507.3060607910156,995.2223510742188,592.8638916015625,947.8493041992188,550.0849761962891
5691,0.8305769562721252,920.5272216796875,512.8602905273438,1011.7613525390625,594.8670043945312,966.144287109375,553.8636474609375
5692,0.8180144429206848,933.209716796875,521.1632690429688,1029.47998046875,603.9067993164062,981.3448486328125,562.5350341796875
5693,0.8611856698989868,949.447998046875,522.09228515625,1046.990966796875,610.5845947265625,998.219482421875,566.3384399414062
5694,0.7901498079299927,968.935302734375,533.08544921875,1062.501953125,616.39501953125,1015.7186279296875,574.740234375
5695,0.6831082105636597,979.3082885742188,544.45654296875,1078.269287109375,625.20068359375,1028.7887878417969,584.82861328125
5696,0.7427026629447937,1001.589111328125,544.8172607421875,1091.499755859375,629.9332275390625,1046.54443359375,587.375244140625
5697,0.851006805896759,1017.59521484375,550.510498046875,1104.49462890625,632.5537109375,1061.044921875,591.5321044921875
5698,0.8527483344078064,1027.099365234375,552.16259765625,1116.5233154296875,632.0879516601562,1071.8113403320312,592.1252746582031
5699,0.8721269369125366,1029.819091796875,550.2880859375,1122.26904296875,630.994140625,1076.0440673828125,590.64111328125
5700,0.8593921661376953,1029.74462890625,549.9886474609375,1120.3232421875,629.9232177734375,1075.033935546875,589.9559326171875
5701,0.8462033271789551,1028.499267578125,551.6995239257812,1117.3994140625,630.3535766601562,1072.9493408203125,591.0265502929688
5702,0.8750005960464478,1025.135986328125,552.8819580078125,1115.93505859375,634.0928955078125,1070.5355224609375,593.4874267578125
5703,0.860785722732544,1022.046875,564.4246215820312,1114.147216796875,644.2391967773438,1068.0970458984375,604.3319091796875
5704,0.8590576648712158,1020.4859619140625,569.927734375,1114.7413330078125,649.8177490234375,1067.6136474609375,609.8727416992188
5705,0.8731123208999634,1026.9583740234375,575.1201782226562,1118.6488037109375,653.21337890625,1072.8035888671875,614.1667785644531
5706,0.8892973065376282,1026.096923828125,582.5232543945312,1120.53271484375,661.1721801757812,1073.3148193359375,621.8477172851562
5707,0.881004810333252,1023.949951171875,592.921630859375,1118.007080078125,672.4071044921875,1070.978515625,632.6643676757812
5708,0.8665311932563782,1021.190185546875,597.1014404296875,1115.9718017578125,675.1071166992188,1068.5809936523438,636.1042785644531
5709,0.8669837713241577,1022.4896240234375,595.4310302734375,1115.87353515625,673.9462890625,1069.1815795898438,634.6886596679688
5710,0.8844915628433228,1022.4691772460938,597.0562744140625,1113.555908203125,674.549072265625,1068.0125427246094,635.8026733398438
5711,0.8865438103675842,1017.5070190429688,602.5695190429688,1109.3017578125,682.7448120117188,1063.4043884277344,642.6571655273438
5712,0.8870152831077576,1016.1362915039062,604.3548583984375,1107.92822265625,684.0711669921875,1062.0322570800781,644.2130126953125
5713,0.8824579119682312,1016.9196166992188,602.548828125,1109.425537109375,683.3876953125,1063.1725769042969,642.96826171875
5714,0.8852697610855103,1017.0667724609375,602.79736328125,1109.4185791015625,683.0794677734375,1063.24267578125,642.9384155273438
5715,0.8834443688392639,1017.2506103515625,602.74462890625,1109.683837890625,682.9849853515625,1063.4672241210938,642.8648071289062
5716,0.8865512013435364,1017.63427734375,606.017578125,1108.6717529296875,686.2337036132812,1063.1530151367188,646.1256408691406
5717,0.8921146988868713,1023.3803100585938,617.822998046875,1110.865234375,695.3590087890625,1067.1227722167969,656.5910034179688
5718,0.8804714679718018,1033.6160888671875,632.02197265625,1117.3399658203125,709.0008544921875,1075.47802734375,670.5114135742188
5719,0.8538420796394348,1054.5087890625,653.9138793945312,1135.532958984375,723.716552734375,1095.0208740234375,688.8152160644531
5720,0.8814867734909058,1078.7509765625,663.796875,1162.89306640625,739.26123046875,1120.822021484375,701.529052734375
5721,0.8734000325202942,1096.6732177734375,683.9193725585938,1178.081787109375,755.8096923828125,1137.3775024414062,719.8645324707031
5722,0.8850391507148743,1101.7314453125,703.8504638671875,1184.348388671875,774.6756591796875,1143.0399169921875,739.2630615234375
5723,0.873621940612793,1097.03369140625,729.3030395507812,1183.89013671875,799.7675170898438,1140.4619140625,764.5352783203125
5724,0.8686710596084595,1096.2587890625,738.3447875976562,1183.22705078125,811.1694946289062,1139.742919921875,774.7571411132812
5725,0.8762416839599609,1105.1385498046875,735.1140747070312,1187.8355712890625,809.5733642578125,1146.487060546875,772.3437194824219
5726,0.87983638048172,1110.33447265625,736.4459838867188,1190.8961181640625,809.3234252929688,1150.6152954101562,772.8847045898438
5727,0.8783659934997559,1114.0594482421875,731.8755493164062,1193.6121826171875,806.6854248046875,1153.8358154296875,769.2804870605469
5728,0.8498853445053101,1117.30810546875,729.2293090820312,1199.090576171875,804.7943115234375,1158.1993408203125,767.0118103027344
5729,0.8501421213150024,1128.473388671875,727.1438598632812,1208.744873046875,799.3480224609375,1168.609130859375,763.2459411621094
5730,0.7884529232978821,1143.9888916015625,719.514404296875,1225.5107421875,791.223388671875,1184.7498168945312,755.368896484375
5731,0.8543447852134705,1158.3775634765625,716.326171875,1241.080810546875,786.51123046875,1199.7291870117188,751.418701171875
5732,0.8604256510734558,1173.50927734375,714.19580078125,1254.7088623046875,784.4415283203125,1214.1090698242188,749.3186645507812
5733,0.8467627167701721,1186.4329833984375,712.0270385742188,1270.382080078125,783.7393798828125,1228.4075317382812,747.8832092285156
5734,0.8974331021308899,1217.74658203125,721.2808837890625,1294.7947998046875,790.8238525390625,1256.2706909179688,756.0523681640625
5735,0.8798052668571472,1238.44873046875,730.6011962890625,1310.8509521484375,801.9230346679688,1274.6498413085938,766.2621154785156
5736,0.8630856275558472,1253.014892578125,736.94287109375,1328.2679443359375,810.231201171875,1290.6414184570312,773.5870361328125
5737,0.8680424690246582,1262.7606201171875,744.5679321289062,1336.901611328125,816.9873046875,1299.8311157226562,780.7776184082031
5738,0.8280990123748779,1270.8570556640625,750.4873046875,1347.960205078125,817.9341430664062,1309.4086303710938,784.2107238769531
5739,0.7929393649101257,1275.01611328125,752.0675659179688,1349.7125244140625,818.1632080078125,1312.3643188476562,785.1153869628906
5740,0.7394528985023499,1279.332275390625,752.7249145507812,1357.58740234375,820.1436767578125,1318.4598388671875,786.4342956542969
5741,0.45939913392066956,1144.880859375,662.628662109375,1288.411865234375,788.0550537109375,1216.6463623046875,725.3418579101562
5742,nan,nan,nan,nan,nan,nan,nan
5743,0.47134891152381897,1304.0361328125,779.608154296875,1380.36962890625,846.3936767578125,1342.202880859375,813.0009155273438
5744,0.15770019590854645,1291.819091796875,774.190673828125,1361.918701171875,843.32763671875,1326.868896484375,808.7591552734375
5745,0.8426533341407776,1279.017578125,770.15185546875,1356.0189208984375,837.158935546875,1317.5182495117188,803.6553955078125
5746,0.8080793619155884,1263.9111328125,762.9468383789062,1350.5166015625,830.8619384765625,1307.2138671875,796.9043884277344
5747,0.8272541165351868,1276.124755859375,767.9811401367188,1351.04248046875,832.5133666992188,1313.5836181640625,800.2472534179688
5748,0.799713134765625,1287.0164794921875,767.0535278320312,1366.23291015625,837.8919067382812,1326.6246948242188,802.4727172851562
5749,nan,nan,nan,nan,nan,nan,nan
5750,0.35523343086242676,1288.2169189453125,774.35009765625,1365.7423095703125,841.1563110351562,1326.9796142578125,807.7532043457031
5751,0.7667791843414307,1284.41357421875,765.0031127929688,1361.78564453125,832.9161987304688,1323.099609375,798.9596557617188
5752,0.675861120223999,1278.128173828125,766.0497436523438,1358.645751953125,835.6441040039062,1318.386962890625,800.846923828125
5753,0.8103435039520264,1275.478515625,765.253662109375,1353.313720703125,833.927978515625,1314.3961181640625,799.5908203125
5754,0.7972584366798401,1275.4427490234375,765.25927734375,1354.4931640625,834.0772705078125,1314.9679565429688,799.6682739257812
5755,0.8194044232368469,1276.5289306640625,765.6289672851562,1353.008056640625,834.1810913085938,1314.7684936523438,799.905029296875
5756,0.7973753809928894,1276.629638671875,765.1234130859375,1354.8284912109375,833.7791748046875,1315.7290649414062,799.4512939453125
5757,0.7867218852043152,1276.8818359375,764.8086547851562,1354.877685546875,833.3399047851562,1315.8797607421875,799.0742797851562
5758,0.7810375690460205,1277.08642578125,764.33056640625,1354.3984375,832.9795532226562,1315.742431640625,798.6550598144531
5759,0.7847543358802795,1277.6776123046875,764.8956298828125,1354.4393310546875,832.496337890625,1316.0584716796875,798.6959838867188
5760,0.7373086810112,1277.69189453125,765.165771484375,1357.6474609375,832.5416259765625,1317.669677734375,798.8536987304688
5761,0.7329179048538208,1274.7939453125,764.5779418945312,1355.11962890625,832.5254516601562,1314.956787109375,798.5516967773438
5762,0.7105908393859863,1273.12939453125,766.3148193359375,1352.612060546875,832.9569091796875,1312.8707275390625,799.6358642578125
5763,0.725239098072052,1273.656982421875,765.9510498046875,1351.081298828125,832.171875,1312.369140625,799.0614624023438
5764,0.720633864402771,1271.0452880859375,765.6600952148438,1352.610595703125,833.9349975585938,1311.8279418945312,799.7975463867188
5765,0.7131813764572144,1270.9285888671875,765.523681640625,1351.8975830078125,833.495361328125,1311.4130859375,799.509521484375
5766,0.6965411901473999,1270.7139892578125,765.3880004882812,1352.012451171875,833.3126220703125,1311.3632202148438,799.3503112792969
5767,0.7250183820724487,1271.5755615234375,765.7395629882812,1352.7872314453125,833.2589721679688,1312.181396484375,799.499267578125
5768,0.697819709777832,1270.87744140625,765.083251953125,1353.898193359375,833.1854248046875,1312.3878173828125,799.1343383789062
5769,0.7123525738716125,1271.152099609375,764.8969116210938,1353.121337890625,833.0088500976562,1312.13671875,798.952880859375
5770,0.7035804986953735,1270.994384765625,765.1138916015625,1354.27587890625,833.2320556640625,1312.6351318359375,799.1729736328125
5771,0.7233502864837646,1271.767578125,765.5091552734375,1352.764404296875,832.9173583984375,1312.2659912109375,799.2132568359375
5772,0.6313923597335815,1272.080322265625,764.0086669921875,1353.074462890625,831.4844970703125,1312.577392578125,797.74658203125
5773,0.7047357559204102,1270.687255859375,764.8405151367188,1350.33447265625,831.8128051757812,1310.5108642578125,798.32666015625
5774,0.5815126895904541,1266.0162353515625,767.55908203125,1350.220703125,834.3673095703125,1308.1184692382812,800.9631958007812
5775,0.6959211826324463,1265.868408203125,767.930908203125,1349.11572265625,834.1634521484375,1307.4920654296875,801.0471801757812
5776,0.7044508457183838,1265.7783203125,767.8292236328125,1349.35009765625,833.61376953125,1307.564208984375,800.7214965820312
5777,0.7014435529708862,1265.791748046875,768.009521484375,1349.44287109375,833.6255493164062,1307.6173095703125,800.8175354003906
5778,0.7095638513565063,1265.4766845703125,767.6343383789062,1348.88037109375,833.4988403320312,1307.1785278320312,800.5665893554688
5779,0.7324539422988892,1265.630126953125,768.651123046875,1346.7396240234375,833.37744140625,1306.1848754882812,801.0142822265625
5780,0.7380081415176392,1265.696533203125,768.32373046875,1347.25439453125,833.294677734375,1306.4754638671875,800.8092041015625
5781,0.7329410314559937,1265.626953125,768.7271118164062,1347.927490234375,833.4922485351562,1306.7772216796875,801.1096801757812
5782,0.7384653687477112,1265.56494140625,768.7615356445312,1347.3944091796875,833.4715576171875,1306.4796752929688,801.1165466308594
5783,0.7359091639518738,1265.6470947265625,769.4129638671875,1346.5157470703125,833.4520263671875,1306.0814208984375,801.4324951171875
5784,0.6081714034080505,1267.22802734375,764.3250732421875,1349.4444580078125,829.9590454101562,1308.3362426757812,797.1420593261719
5785,0.6091673374176025,1266.9771728515625,756.4136352539062,1348.7161865234375,822.5256958007812,1307.8466796875,789.4696655273438
5786,0.5929971933364868,1265.527587890625,755.8642578125,1348.9420166015625,821.5025024414062,1307.2348022460938,788.6833801269531
5787,0.5929727554321289,1264.8623046875,755.1568603515625,1350.33349609375,821.769775390625,1307.597900390625,788.4633178710938
5788,0.6446031928062439,1264.58251953125,754.590576171875,1347.827392578125,821.0245361328125,1306.2049560546875,787.8075561523438
5789,0.646187961101532,1264.6102294921875,755.16552734375,1347.784912109375,821.1615600585938,1306.1975708007812,788.1635437011719
5790,0.6521817445755005,1264.7001953125,754.9390869140625,1348.2958984375,821.4298095703125,1306.498046875,788.1844482421875
5791,0.6696121692657471,1264.111083984375,754.140869140625,1348.1341552734375,821.2706298828125,1306.1226196289062,787.7057495117188
5792,0.6794545650482178,1263.23486328125,753.9160766601562,1347.841796875,821.1860961914062,1305.538330078125,787.5510864257812
5793,0.6766048669815063,1264.6629638671875,754.7177124023438,1347.687744140625,821.2615356445312,1306.1753540039062,787.9896240234375
5794,0.6762754917144775,1264.930908203125,754.7437133789062,1347.953369140625,821.2408447265625,1306.442138671875,787.9922790527344
5795,0.6823662519454956,1264.301025390625,754.2357177734375,1347.3388671875,821.0868530273438,1305.8199462890625,787.6612854003906
5796,0.6823290586471558,1264.9390869140625,754.2545166015625,1348.322021484375,821.2120361328125,1306.6305541992188,787.7332763671875
5797,0.6824509501457214,1265.153564453125,754.62744140625,1347.9249267578125,821.285888671875,1306.5392456054688,787.9566650390625
5798,0.6075003743171692,1262.870361328125,752.0802001953125,1347.3292236328125,819.022216796875,1305.0997924804688,785.5512084960938
5799,0.49436163902282715,1252.249267578125,734.4363403320312,1328.088623046875,805.53662109375,1290.1689453125,769.9864807128906
5800,0.14846277236938477,1247.9996337890625,728.5704345703125,1325.896484375,800.8421630859375,1286.9480590820312,764.706298828125
5801,nan,nan,nan,nan,nan,nan,nan
5802,nan,nan,nan,nan,nan,nan,nan
5803,0.12299841642379761,1247.15966796875,728.0888671875,1325.50244140625,798.7840576171875,1286.3310546875,763.4364624023438
5804,nan,nan,nan,nan,nan,nan,nan
5805,0.14594537019729614,1244.893310546875,728.501953125,1326.01806640625,800.070556640625,1285.4556884765625,764.2862548828125
5806,nan,nan,nan,nan,nan,nan,nan
5807,0.11886158585548401,1244.82275390625,729.0465698242188,1326.5458984375,800.5118408203125,1285.684326171875,764.7792053222656
5808,0.10179321467876434,1242.71484375,728.2867431640625,1326.46875,801.0540161132812,1284.591796875,764.6703796386719
5809,0.15542566776275635,1244.79248046875,729.267578125,1326.171875,801.4620361328125,1285.482177734375,765.3648071289062
5810,nan,nan,nan,nan,nan,nan,nan
5811,0.15679220855236053,1240.94873046875,731.985595703125,1322.9716796875,804.9285278320312,1281.960205078125,768.4570617675781
5812,nan,nan,nan,nan,nan,nan,nan
5813,nan,nan,nan,nan,nan,nan,nan
5814,nan,nan,nan,nan,nan,nan,nan
5815,nan,nan,nan,nan,nan,nan,nan
5816,nan,nan,nan,nan,nan,nan,nan
5817,nan,nan,nan,nan,nan,nan,nan
5818,nan,nan,nan,nan,nan,nan,nan
5819,nan,nan,nan,nan,nan,nan,nan
5820,nan,nan,nan,nan,nan,nan,nan
5821,nan,nan,nan,nan,nan,nan,nan
5822,nan,nan,nan,nan,nan,nan,nan
5823,nan,nan,nan,nan,nan,nan,nan
5824,nan,nan,nan,nan,nan,nan,nan
5825,nan,nan,nan,nan,nan,nan,nan
5826,nan,nan,nan,nan,nan,nan,nan
5827,nan,nan,nan,nan,nan,nan,nan
5828,0.10581999272108078,1136.12451171875,677.4695434570312,1280.471435546875,806.0062866210938,1208.2979736328125,741.7379150390625
5829,nan,nan,nan,nan,nan,nan,nan
5830,nan,nan,nan,nan,nan,nan,nan
5831,nan,nan,nan,nan,nan,nan,nan
5832,nan,nan,nan,nan,nan,nan,nan
5833,nan,nan,nan,nan,nan,nan,nan
5834,nan,nan,nan,nan,nan,nan,nan
5835,nan,nan,nan,nan,nan,nan,nan
5836,nan,nan,nan,nan,nan,nan,nan
5837,nan,nan,nan,nan,nan,nan,nan
5838,nan,nan,nan,nan,nan,nan,nan
5839,0.11796173453330994,1134.987548828125,676.9046630859375,1280.76318359375,805.42138671875,1207.8753662109375,741.1630249023438
5840,nan,nan,nan,nan,nan,nan,nan
5841,nan,nan,nan,nan,nan,nan,nan
5842,0.20527397096157074,1138.341552734375,677.24462890625,1282.140625,805.6888427734375,1210.2410888671875,741.4667358398438
5843,0.12834909558296204,1137.4815673828125,677.2166748046875,1279.2813720703125,805.365966796875,1208.3814697265625,741.2913208007812
5844,nan,nan,nan,nan,nan,nan,nan
5845,0.10143114626407623,1136.8837890625,677.09716796875,1279.849609375,805.5552978515625,1208.36669921875,741.3262329101562
5846,nan,nan,nan,nan,nan,nan,nan
5847,nan,nan,nan,nan,nan,nan,nan
5848,nan,nan,nan,nan,nan,nan,nan
5849,nan,nan,nan,nan,nan,nan,nan
5850,nan,nan,nan,nan,nan,nan,nan
5851,nan,nan,nan,nan,nan,nan,nan
5852,nan,nan,nan,nan,nan,nan,nan
5853,nan,nan,nan,nan,nan,nan,nan
5854,nan,nan,nan,nan,nan,nan,nan
5855,nan,nan,nan,nan,nan,nan,nan
5856,nan,nan,nan,nan,nan,nan,nan
5857,nan,nan,nan,nan,nan,nan,nan
5858,nan,nan,nan,nan,nan,nan,nan
5859,nan,nan,nan,nan,nan,nan,nan
5860,0.13530202209949493,1138.5810546875,678.1752319335938,1279.94873046875,805.7156982421875,1209.264892578125,741.9454650878906
5861,0.16925564408302307,1138.3896484375,678.402099609375,1280.150146484375,805.777587890625,1209.2698974609375,742.08984375
5862,0.12065528333187103,1138.3546142578125,678.2587280273438,1279.3377685546875,805.7523193359375,1208.84619140625,742.0055236816406
5863,0.13684916496276855,1238.4290771484375,727.2030029296875,1324.7742919921875,801.8448486328125,1281.6016845703125,764.52392578125
5864,0.19837380945682526,1139.996337890625,679.1552124023438,1280.32470703125,806.0242309570312,1210.1605224609375,742.5897216796875
5865,0.2356252670288086,1139.851318359375,678.445068359375,1278.943359375,806.1761474609375,1209.3973388671875,742.3106079101562
5866,0.1702367067337036,1139.548095703125,678.759765625,1280.2664794921875,806.179443359375,1209.9072875976562,742.4696044921875
5867,0.1386844664812088,1239.1993408203125,727.2208251953125,1324.697509765625,801.8212890625,1281.9484252929688,764.5210571289062
5868,nan,nan,nan,nan,nan,nan,nan
5869,nan,nan,nan,nan,nan,nan,nan
5870,nan,nan,nan,nan,nan,nan,nan
5871,nan,nan,nan,nan,nan,nan,nan
5872,0.11477106809616089,1235.303466796875,701.9676513671875,1321.122802734375,791.1512451171875,1278.213134765625,746.5594482421875
5873,0.7109382748603821,1219.8758544921875,690.6326904296875,1314.0460205078125,784.3368530273438,1266.9609375,737.4847717285156
5874,0.7279849052429199,1206.9696044921875,665.1124267578125,1304.6214599609375,753.473388671875,1255.7955322265625,709.2929077148438
5875,0.8820005059242249,1220.6129150390625,659.2962036132812,1299.2611083984375,737.1343994140625,1259.93701171875,698.2153015136719
5876,0.869386613368988,1222.1748046875,649.6773681640625,1297.4219970703125,724.7657470703125,1259.7984008789062,687.2215576171875
5877,0.8754509091377258,1223.21533203125,645.5728759765625,1297.593994140625,718.4326171875,1260.4046630859375,682.0027465820312
5878,0.8816651105880737,1222.65478515625,646.947509765625,1297.688720703125,721.4805908203125,1260.1717529296875,684.2140502929688
5879,0.8743289113044739,1223.157958984375,648.4869384765625,1297.1884765625,721.559814453125,1260.1732177734375,685.0233764648438
5880,0.8777768611907959,1223.17919921875,648.3719482421875,1297.227783203125,721.2454833984375,1260.2034912109375,684.8087158203125
5881,0.8770481944084167,1223.2081298828125,648.4105834960938,1296.9564208984375,721.3763427734375,1260.082275390625,684.8934631347656
5882,0.8786914348602295,1223.311279296875,648.64208984375,1296.974365234375,721.3143920898438,1260.142822265625,684.9782409667969
5883,0.8757948875427246,1223.2445068359375,648.4773559570312,1297.2945556640625,721.4366455078125,1260.26953125,684.9570007324219
5884,0.8750600218772888,1223.157958984375,648.4326782226562,1297.302734375,720.9019775390625,1260.2303466796875,684.6673278808594
5885,0.8698036074638367,1217.12744140625,640.7054443359375,1290.72607421875,724.0572509765625,1253.9267578125,682.38134765625
5886,0.8165915608406067,1209.035400390625,636.024169921875,1282.8671875,730.1630859375,1245.9512939453125,683.0936279296875
5887,0.8343356847763062,1209.0133056640625,635.856201171875,1281.35546875,726.0067138671875,1245.1843872070312,680.9314575195312
5888,0.8422566652297974,1209.4786376953125,635.798583984375,1281.033935546875,726.7391967773438,1245.2562866210938,681.2688903808594
5889,0.8452495336532593,1209.2900390625,635.6423950195312,1280.8677978515625,727.11328125,1245.0789184570312,681.3778381347656
5890,0.8351854681968689,1209.328369140625,635.8980712890625,1281.161376953125,726.319091796875,1245.244873046875,681.1085815429688
5891,0.8415220379829407,1209.8779296875,636.0210571289062,1280.81298828125,725.66748046875,1245.345458984375,680.8442687988281
5892,0.8324278593063354,1208.6884765625,635.412109375,1281.30126953125,726.23388671875,1244.994873046875,680.822998046875
5893,0.8323444724082947,1209.322021484375,636.2141723632812,1281.0341796875,725.2969360351562,1245.1781005859375,680.7555541992188
5894,0.839178204536438,1209.2490234375,635.2314453125,1280.848388671875,725.0684814453125,1245.0487060546875,680.1499633789062
5895,0.827575147151947,1209.484375,635.3677978515625,1280.4024658203125,724.1593627929688,1244.9434204101562,679.7635803222656
5896,0.843438982963562,1209.24169921875,635.025146484375,1280.616455078125,725.9080810546875,1244.9290771484375,680.4666137695312
5897,0.8463180661201477,1209.026611328125,635.7031860351562,1280.408447265625,725.1588134765625,1244.717529296875,680.4309997558594
5898,0.8428239822387695,1208.48388671875,635.8757934570312,1281.189208984375,726.9401245117188,1244.8365478515625,681.407958984375
5899,0.8482090830802917,1208.7108154296875,634.7173461914062,1279.9803466796875,726.9343872070312,1244.3455810546875,680.8258666992188
5900,0.8503254652023315,1208.435302734375,634.4307861328125,1279.7603759765625,727.2269897460938,1244.0978393554688,680.8288879394531
5901,0.8531851172447205,1208.317626953125,634.41845703125,1279.511962890625,727.57666015625,1243.914794921875,680.99755859375
5902,0.8470754623413086,1208.07763671875,635.749267578125,1279.5830078125,728.1171875,1243.830322265625,681.9332275390625
5903,0.8506250381469727,1208.981689453125,635.282958984375,1279.573974609375,726.3394775390625,1244.27783203125,680.8112182617188
5904,0.8521349430084229,1208.353271484375,634.6982421875,1279.7017822265625,727.6693115234375,1244.0275268554688,681.1837768554688
5905,0.8549128770828247,1208.7080078125,634.160400390625,1279.756591796875,727.126953125,1244.2322998046875,680.6436767578125
5906,0.8585590720176697,1208.797607421875,634.7155151367188,1279.502685546875,725.8342895507812,1244.150146484375,680.27490234375
5907,0.8556281924247742,1208.8857421875,634.5469970703125,1279.411865234375,725.93359375,1244.1488037109375,680.2402954101562
5908,0.8593569993972778,1208.7000732421875,635.0188598632812,1279.2227783203125,725.7862548828125,1243.96142578125,680.4025573730469
5909,0.8546295762062073,1207.5509033203125,634.1331787109375,1279.591552734375,727.8004150390625,1243.5712280273438,680.966796875
5910,0.8639550805091858,1207.8887939453125,635.95849609375,1279.083740234375,726.4417724609375,1243.4862670898438,681.2001342773438
5911,0.8640120029449463,1208.502197265625,635.9119873046875,1278.206787109375,725.5737915039062,1243.3544921875,680.7428894042969
5912,0.8652665019035339,1207.9808349609375,636.2470703125,1278.097412109375,726.8575439453125,1243.0391235351562,681.5523071289062
5913,0.8579186201095581,1208.103759765625,636.4248046875,1278.189208984375,727.3084716796875,1243.146484375,681.8666381835938
5914,0.8611275553703308,1208.3074951171875,635.79541015625,1278.145751953125,726.9734497070312,1243.2266235351562,681.3844299316406
5915,0.8644425868988037,1208.4234619140625,636.486328125,1277.8031005859375,726.1422729492188,1243.11328125,681.3143005371094
5916,0.8631638884544373,1208.4405517578125,636.5802612304688,1277.7969970703125,726.1309204101562,1243.1187744140625,681.3555908203125
5917,0.8684048652648926,1208.4443359375,636.390625,1277.69287109375,725.7174682617188,1243.068603515625,681.0540466308594
5918,0.8671343922615051,1208.338134765625,636.708251953125,1277.6883544921875,725.712158203125,1243.0132446289062,681.210205078125
5919,0.8632183074951172,1207.87939453125,636.603759765625,1278.0845947265625,727.1739501953125,1242.9819946289062,681.8888549804688
5920,0.8604406714439392,1207.8671875,636.1947021484375,1278.0950927734375,726.6741943359375,1242.9811401367188,681.4344482421875
5921,0.8605068325996399,1207.9619140625,636.16748046875,1278.0360107421875,726.749267578125,1242.9989624023438,681.4583740234375
5922,0.8606408834457397,1207.93603515625,635.88232421875,1278.162109375,726.7498779296875,1243.049072265625,681.3161010742188
5923,0.8626362681388855,1207.970458984375,636.19287109375,1278.067626953125,726.5256958007812,1243.01904296875,681.3592834472656
5924,0.8610466122627258,1208.351806640625,636.1521606445312,1278.1409912109375,726.119384765625,1243.2463989257812,681.1357727050781
5925,0.860489547252655,1208.345703125,635.7542724609375,1278.3480224609375,725.83447265625,1243.3468627929688,680.7943725585938
5926,0.8077324032783508,1205.026123046875,635.2672729492188,1274.604248046875,723.7449951171875,1239.815185546875,679.5061340332031
5927,0.8084245920181274,1192.33154296875,627.18798828125,1265.3525390625,714.711181640625,1228.842041015625,670.9495849609375
5928,nan,nan,nan,nan,nan,nan,nan
5929,0.2733379304409027,1127.47216796875,603.9345703125,1224.552734375,688.86328125,1176.012451171875,646.39892578125
5930,0.628325879573822,1099.7684326171875,581.6143798828125,1190.840576171875,656.8357543945312,1145.3045043945312,619.2250671386719
5931,nan,nan,nan,nan,nan,nan,nan
5932,0.6638104915618896,1029.36328125,563.7991333007812,1127.1324462890625,658.3947143554688,1078.2478637695312,611.096923828125
5933,0.8353739380836487,1016.1626586914062,563.54833984375,1096.870849609375,646.511474609375,1056.5167541503906,605.0299072265625
5934,0.8208324313163757,1001.1806640625,561.2667846679688,1082.8258056640625,634.6038208007812,1042.0032348632812,597.935302734375
5935,0.8349890112876892,976.8187866210938,546.45361328125,1080.166748046875,635.5004272460938,1028.4927673339844,590.9770202636719
5936,0.8755848407745361,951.8732299804688,539.2605590820312,1051.327392578125,629.6373901367188,1001.6003112792969,584.448974609375
5937,0.8468220233917236,921.2452392578125,532.8406982421875,1013.46923828125,608.0235595703125,967.3572387695312,570.43212890625
5938,0.8007266521453857,896.0916137695312,512.3072509765625,984.9164428710938,599.3427734375,940.5040283203125,555.8250122070312
5939,0.8494695425033569,849.322021484375,514.1741943359375,938.175537109375,590.0732421875,893.748779296875,552.1237182617188
5940,0.8452243804931641,803.1966552734375,509.25286865234375,912.345947265625,588.298583984375,857.7713012695312,548.7757263183594
5941,0.7379078269004822,755.38037109375,474.576904296875,887.9315185546875,582.1618041992188,821.6559448242188,528.3693542480469
5942,0.8556289076805115,710.8372802734375,460.0704345703125,809.8372192382812,544.9110717773438,760.3372497558594,502.4907531738281
5943,0.8432990908622742,673.9594116210938,424.63104248046875,780.167724609375,528.5735473632812,727.0635681152344,476.602294921875
5944,0.7746216654777527,675.6201171875,457.0506591796875,775.031494140625,541.67578125,725.3258056640625,499.36322021484375
5945,0.8643144965171814,582.4484252929688,370.5089111328125,672.9497680664062,453.84857177734375,627.6990966796875,412.1787414550781
5946,0.8668883442878723,546.381103515625,330.9148864746094,654.8155517578125,423.1669006347656,600.5983276367188,377.0408935546875
5947,0.660356342792511,512.2974243164062,302.06719970703125,624.5769653320312,418.25653076171875,568.4371948242188,360.161865234375
5948,0.6755489110946655,458.10150146484375,294.08380126953125,566.764404296875,380.6031188964844,512.4329528808594,337.3434600830078
5949,nan,nan,nan,nan,nan,nan,nan
5950,nan,nan,nan,nan,nan,nan,nan
5951,nan,nan,nan,nan,nan,nan,nan
5952,nan,nan,nan,nan,nan,nan,nan
5953,nan,nan,nan,nan,nan,nan,nan
5954,nan,nan,nan,nan,nan,nan,nan
5955,nan,nan,nan,nan,nan,nan,nan
5956,nan,nan,nan,nan,nan,nan,nan
5957,nan,nan,nan,nan,nan,nan,nan
5958,nan,nan,nan,nan,nan,nan,nan
5959,nan,nan,nan,nan,nan,nan,nan
5960,nan,nan,nan,nan,nan,nan,nan
5961,nan,nan,nan,nan,nan,nan,nan
5962,nan,nan,nan,nan,nan,nan,nan
5963,nan,nan,nan,nan,nan,nan,nan
5964,nan,nan,nan,nan,nan,nan,nan
5965,nan,nan,nan,nan,nan,nan,nan
5966,nan,nan,nan,nan,nan,nan,nan
5967,nan,nan,nan,nan,nan,nan,nan
5968,nan,nan,nan,nan,nan,nan,nan
5969,nan,nan,nan,nan,nan,nan,nan
5970,nan,nan,nan,nan,nan,nan,nan
5971,nan,nan,nan,nan,nan,nan,nan
5972,nan,nan,nan,nan,nan,nan,nan
5973,nan,nan,nan,nan,nan,nan,nan
5974,nan,nan,nan,nan,nan,nan,nan
5975,nan,nan,nan,nan,nan,nan,nan
5976,nan,nan,nan,nan,nan,nan,nan
5977,nan,nan,nan,nan,nan,nan,nan
5978,nan,nan,nan,nan,nan,nan,nan
5979,nan,nan,nan,nan,nan,nan,nan
5980,nan,nan,nan,nan,nan,nan,nan
5981,nan,nan,nan,nan,nan,nan,nan
5982,nan,nan,nan,nan,nan,nan,nan
5983,nan,nan,nan,nan,nan,nan,nan
5984,nan,nan,nan,nan,nan,nan,nan
5985,nan,nan,nan,nan,nan,nan,nan
5986,nan,nan,nan,nan,nan,nan,nan
5987,nan,nan,nan,nan,nan,nan,nan
5988,nan,nan,nan,nan,nan,nan,nan
5989,nan,nan,nan,nan,nan,nan,nan
5990,nan,nan,nan,nan,nan,nan,nan
5991,nan,nan,nan,nan,nan,nan,nan
5992,nan,nan,nan,nan,nan,nan,nan
5993,nan,nan,nan,nan,nan,nan,nan
5994,nan,nan,nan,nan,nan,nan,nan
5995,nan,nan,nan,nan,nan,nan,nan
5996,nan,nan,nan,nan,nan,nan,nan
5997,nan,nan,nan,nan,nan,nan,nan
5998,nan,nan,nan,nan,nan,nan,nan
5999,nan,nan,nan,nan,nan,nan,nan
6000,nan,nan,nan,nan,nan,nan,nan
6001,nan,nan,nan,nan,nan,nan,nan
6002,nan,nan,nan,nan,nan,nan,nan
6003,nan,nan,nan,nan,nan,nan,nan
6004,nan,nan,nan,nan,nan,nan,nan
6005,nan,nan,nan,nan,nan,nan,nan
6006,nan,nan,nan,nan,nan,nan,nan
6007,nan,nan,nan,nan,nan,nan,nan
6008,nan,nan,nan,nan,nan,nan,nan
6009,nan,nan,nan,nan,nan,nan,nan
6010,nan,nan,nan,nan,nan,nan,nan
6011,nan,nan,nan,nan,nan,nan,nan
6012,nan,nan,nan,nan,nan,nan,nan
6013,nan,nan,nan,nan,nan,nan,nan
6014,nan,nan,nan,nan,nan,nan,nan
6015,nan,nan,nan,nan,nan,nan,nan
6016,nan,nan,nan,nan,nan,nan,nan
6017,nan,nan,nan,nan,nan,nan,nan
6018,nan,nan,nan,nan,nan,nan,nan
6019,nan,nan,nan,nan,nan,nan,nan
6020,nan,nan,nan,nan,nan,nan,nan
6021,nan,nan,nan,nan,nan,nan,nan
6022,nan,nan,nan,nan,nan,nan,nan
6023,nan,nan,nan,nan,nan,nan,nan
6024,nan,nan,nan,nan,nan,nan,nan
6025,nan,nan,nan,nan,nan,nan,nan
6026,nan,nan,nan,nan,nan,nan,nan
6027,nan,nan,nan,nan,nan,nan,nan
6028,nan,nan,nan,nan,nan,nan,nan
6029,nan,nan,nan,nan,nan,nan,nan
6030,nan,nan,nan,nan,nan,nan,nan
6031,nan,nan,nan,nan,nan,nan,nan
6032,nan,nan,nan,nan,nan,nan,nan
6033,nan,nan,nan,nan,nan,nan,nan
6034,nan,nan,nan,nan,nan,nan,nan
6035,nan,nan,nan,nan,nan,nan,nan
6036,nan,nan,nan,nan,nan,nan,nan
6037,nan,nan,nan,nan,nan,nan,nan
6038,nan,nan,nan,nan,nan,nan,nan
6039,nan,nan,nan,nan,nan,nan,nan
6040,nan,nan,nan,nan,nan,nan,nan
6041,nan,nan,nan,nan,nan,nan,nan
6042,nan,nan,nan,nan,nan,nan,nan
6043,nan,nan,nan,nan,nan,nan,nan
6044,nan,nan,nan,nan,nan,nan,nan
6045,nan,nan,nan,nan,nan,nan,nan
6046,nan,nan,nan,nan,nan,nan,nan
6047,nan,nan,nan,nan,nan,nan,nan
6048,nan,nan,nan,nan,nan,nan,nan
6049,nan,nan,nan,nan,nan,nan,nan
6050,nan,nan,nan,nan,nan,nan,nan
6051,nan,nan,nan,nan,nan,nan,nan
6052,nan,nan,nan,nan,nan,nan,nan
6053,nan,nan,nan,nan,nan,nan,nan
6054,nan,nan,nan,nan,nan,nan,nan
6055,nan,nan,nan,nan,nan,nan,nan
6056,nan,nan,nan,nan,nan,nan,nan
6057,nan,nan,nan,nan,nan,nan,nan
6058,nan,nan,nan,nan,nan,nan,nan
6059,nan,nan,nan,nan,nan,nan,nan
6060,nan,nan,nan,nan,nan,nan,nan
6061,nan,nan,nan,nan,nan,nan,nan
6062,nan,nan,nan,nan,nan,nan,nan
6063,nan,nan,nan,nan,nan,nan,nan
6064,nan,nan,nan,nan,nan,nan,nan
6065,nan,nan,nan,nan,nan,nan,nan
6066,nan,nan,nan,nan,nan,nan,nan
6067,nan,nan,nan,nan,nan,nan,nan
6068,nan,nan,nan,nan,nan,nan,nan
6069,nan,nan,nan,nan,nan,nan,nan
6070,nan,nan,nan,nan,nan,nan,nan
6071,nan,nan,nan,nan,nan,nan,nan
6072,nan,nan,nan,nan,nan,nan,nan
6073,nan,nan,nan,nan,nan,nan,nan
6074,nan,nan,nan,nan,nan,nan,nan
6075,nan,nan,nan,nan,nan,nan,nan
6076,nan,nan,nan,nan,nan,nan,nan
6077,nan,nan,nan,nan,nan,nan,nan
6078,nan,nan,nan,nan,nan,nan,nan
6079,nan,nan,nan,nan,nan,nan,nan
6080,nan,nan,nan,nan,nan,nan,nan
6081,nan,nan,nan,nan,nan,nan,nan
6082,nan,nan,nan,nan,nan,nan,nan
6083,nan,nan,nan,nan,nan,nan,nan
6084,nan,nan,nan,nan,nan,nan,nan
6085,nan,nan,nan,nan,nan,nan,nan
6086,nan,nan,nan,nan,nan,nan,nan
6087,nan,nan,nan,nan,nan,nan,nan
6088,nan,nan,nan,nan,nan,nan,nan
6089,nan,nan,nan,nan,nan,nan,nan
6090,nan,nan,nan,nan,nan,nan,nan
6091,nan,nan,nan,nan,nan,nan,nan
6092,nan,nan,nan,nan,nan,nan,nan
6093,nan,nan,nan,nan,nan,nan,nan
6094,nan,nan,nan,nan,nan,nan,nan
6095,nan,nan,nan,nan,nan,nan,nan
6096,nan,nan,nan,nan,nan,nan,nan
6097,nan,nan,nan,nan,nan,nan,nan
6098,nan,nan,nan,nan,nan,nan,nan
6099,nan,nan,nan,nan,nan,nan,nan
6100,nan,nan,nan,nan,nan,nan,nan
6101,nan,nan,nan,nan,nan,nan,nan
6102,nan,nan,nan,nan,nan,nan,nan
6103,nan,nan,nan,nan,nan,nan,nan
6104,nan,nan,nan,nan,nan,nan,nan
6105,nan,nan,nan,nan,nan,nan,nan
6106,nan,nan,nan,nan,nan,nan,nan
6107,nan,nan,nan,nan,nan,nan,nan
6108,nan,nan,nan,nan,nan,nan,nan
6109,nan,nan,nan,nan,nan,nan,nan
6110,nan,nan,nan,nan,nan,nan,nan
6111,nan,nan,nan,nan,nan,nan,nan
6112,nan,nan,nan,nan,nan,nan,nan
6113,nan,nan,nan,nan,nan,nan,nan
6114,nan,nan,nan,nan,nan,nan,nan
6115,nan,nan,nan,nan,nan,nan,nan
6116,nan,nan,nan,nan,nan,nan,nan
6117,nan,nan,nan,nan,nan,nan,nan
6118,nan,nan,nan,nan,nan,nan,nan
6119,nan,nan,nan,nan,nan,nan,nan
6120,nan,nan,nan,nan,nan,nan,nan
6121,nan,nan,nan,nan,nan,nan,nan
6122,nan,nan,nan,nan,nan,nan,nan
6123,nan,nan,nan,nan,nan,nan,nan
6124,nan,nan,nan,nan,nan,nan,nan
6125,nan,nan,nan,nan,nan,nan,nan
6126,nan,nan,nan,nan,nan,nan,nan
6127,nan,nan,nan,nan,nan,nan,nan
6128,nan,nan,nan,nan,nan,nan,nan
6129,nan,nan,nan,nan,nan,nan,nan
6130,nan,nan,nan,nan,nan,nan,nan
6131,nan,nan,nan,nan,nan,nan,nan
6132,nan,nan,nan,nan,nan,nan,nan
6133,nan,nan,nan,nan,nan,nan,nan
6134,nan,nan,nan,nan,nan,nan,nan
6135,nan,nan,nan,nan,nan,nan,nan
6136,nan,nan,nan,nan,nan,nan,nan
6137,nan,nan,nan,nan,nan,nan,nan
6138,nan,nan,nan,nan,nan,nan,nan
6139,nan,nan,nan,nan,nan,nan,nan
6140,nan,nan,nan,nan,nan,nan,nan
6141,nan,nan,nan,nan,nan,nan,nan
6142,nan,nan,nan,nan,nan,nan,nan
6143,nan,nan,nan,nan,nan,nan,nan
6144,nan,nan,nan,nan,nan,nan,nan
6145,nan,nan,nan,nan,nan,nan,nan
6146,nan,nan,nan,nan,nan,nan,nan
6147,nan,nan,nan,nan,nan,nan,nan
6148,nan,nan,nan,nan,nan,nan,nan
6149,nan,nan,nan,nan,nan,nan,nan
6150,nan,nan,nan,nan,nan,nan,nan
6151,nan,nan,nan,nan,nan,nan,nan
6152,nan,nan,nan,nan,nan,nan,nan
6153,nan,nan,nan,nan,nan,nan,nan
6154,nan,nan,nan,nan,nan,nan,nan
6155,nan,nan,nan,nan,nan,nan,nan
6156,nan,nan,nan,nan,nan,nan,nan
6157,nan,nan,nan,nan,nan,nan,nan
6158,nan,nan,nan,nan,nan,nan,nan
6159,nan,nan,nan,nan,nan,nan,nan
6160,nan,nan,nan,nan,nan,nan,nan
6161,nan,nan,nan,nan,nan,nan,nan
6162,nan,nan,nan,nan,nan,nan,nan
6163,nan,nan,nan,nan,nan,nan,nan
6164,nan,nan,nan,nan,nan,nan,nan
6165,nan,nan,nan,nan,nan,nan,nan
6166,nan,nan,nan,nan,nan,nan,nan
6167,nan,nan,nan,nan,nan,nan,nan
6168,nan,nan,nan,nan,nan,nan,nan
6169,nan,nan,nan,nan,nan,nan,nan
6170,nan,nan,nan,nan,nan,nan,nan
6171,nan,nan,nan,nan,nan,nan,nan
6172,nan,nan,nan,nan,nan,nan,nan
6173,nan,nan,nan,nan,nan,nan,nan
6174,nan,nan,nan,nan,nan,nan,nan
6175,nan,nan,nan,nan,nan,nan,nan
6176,nan,nan,nan,nan,nan,nan,nan
6177,nan,nan,nan,nan,nan,nan,nan
6178,nan,nan,nan,nan,nan,nan,nan
6179,nan,nan,nan,nan,nan,nan,nan
6180,nan,nan,nan,nan,nan,nan,nan
6181,nan,nan,nan,nan,nan,nan,nan
6182,nan,nan,nan,nan,nan,nan,nan
6183,nan,nan,nan,nan,nan,nan,nan
6184,nan,nan,nan,nan,nan,nan,nan
6185,nan,nan,nan,nan,nan,nan,nan
6186,nan,nan,nan,nan,nan,nan,nan
6187,nan,nan,nan,nan,nan,nan,nan
6188,nan,nan,nan,nan,nan,nan,nan
6189,nan,nan,nan,nan,nan,nan,nan
6190,nan,nan,nan,nan,nan,nan,nan
6191,nan,nan,nan,nan,nan,nan,nan
6192,nan,nan,nan,nan,nan,nan,nan
6193,nan,nan,nan,nan,nan,nan,nan
6194,nan,nan,nan,nan,nan,nan,nan
6195,nan,nan,nan,nan,nan,nan,nan
6196,nan,nan,nan,nan,nan,nan,nan
6197,nan,nan,nan,nan,nan,nan,nan
6198,nan,nan,nan,nan,nan,nan,nan
6199,nan,nan,nan,nan,nan,nan,nan
6200,nan,nan,nan,nan,nan,nan,nan
6201,nan,nan,nan,nan,nan,nan,nan
6202,nan,nan,nan,nan,nan,nan,nan
6203,nan,nan,nan,nan,nan,nan,nan
6204,nan,nan,nan,nan,nan,nan,nan
6205,nan,nan,nan,nan,nan,nan,nan
6206,nan,nan,nan,nan,nan,nan,nan
6207,nan,nan,nan,nan,nan,nan,nan
6208,nan,nan,nan,nan,nan,nan,nan
6209,nan,nan,nan,nan,nan,nan,nan
6210,nan,nan,nan,nan,nan,nan,nan
6211,nan,nan,nan,nan,nan,nan,nan
6212,nan,nan,nan,nan,nan,nan,nan
6213,nan,nan,nan,nan,nan,nan,nan
6214,nan,nan,nan,nan,nan,nan,nan
6215,nan,nan,nan,nan,nan,nan,nan
6216,nan,nan,nan,nan,nan,nan,nan
6217,nan,nan,nan,nan,nan,nan,nan
6218,nan,nan,nan,nan,nan,nan,nan
6219,nan,nan,nan,nan,nan,nan,nan
6220,nan,nan,nan,nan,nan,nan,nan
6221,nan,nan,nan,nan,nan,nan,nan
6222,nan,nan,nan,nan,nan,nan,nan
6223,nan,nan,nan,nan,nan,nan,nan
6224,nan,nan,nan,nan,nan,nan,nan
6225,nan,nan,nan,nan,nan,nan,nan
6226,nan,nan,nan,nan,nan,nan,nan
6227,nan,nan,nan,nan,nan,nan,nan
6228,nan,nan,nan,nan,nan,nan,nan
6229,nan,nan,nan,nan,nan,nan,nan
6230,nan,nan,nan,nan,nan,nan,nan
6231,nan,nan,nan,nan,nan,nan,nan
6232,nan,nan,nan,nan,nan,nan,nan
6233,nan,nan,nan,nan,nan,nan,nan
6234,nan,nan,nan,nan,nan,nan,nan
6235,nan,nan,nan,nan,nan,nan,nan
6236,nan,nan,nan,nan,nan,nan,nan
6237,nan,nan,nan,nan,nan,nan,nan
6238,nan,nan,nan,nan,nan,nan,nan
6239,nan,nan,nan,nan,nan,nan,nan
6240,nan,nan,nan,nan,nan,nan,nan
6241,nan,nan,nan,nan,nan,nan,nan
6242,nan,nan,nan,nan,nan,nan,nan
6243,nan,nan,nan,nan,nan,nan,nan
6244,nan,nan,nan,nan,nan,nan,nan
6245,0.1101376861333847,331.0575256347656,190.03921508789062,412.55987548828125,270.1687316894531,371.80870056152344,230.10397338867188
6246,nan,nan,nan,nan,nan,nan,nan
6247,nan,nan,nan,nan,nan,nan,nan
6248,nan,nan,nan,nan,nan,nan,nan
6249,nan,nan,nan,nan,nan,nan,nan
6250,0.11492405086755753,330.95941162109375,190.3982391357422,411.7327880859375,269.51007080078125,371.3460998535156,229.95415496826172
6251,nan,nan,nan,nan,nan,nan,nan
6252,nan,nan,nan,nan,nan,nan,nan
6253,nan,nan,nan,nan,nan,nan,nan
6254,nan,nan,nan,nan,nan,nan,nan
6255,nan,nan,nan,nan,nan,nan,nan
6256,nan,nan,nan,nan,nan,nan,nan
6257,nan,nan,nan,nan,nan,nan,nan
6258,nan,nan,nan,nan,nan,nan,nan
6259,nan,nan,nan,nan,nan,nan,nan
6260,nan,nan,nan,nan,nan,nan,nan
6261,nan,nan,nan,nan,nan,nan,nan
6262,nan,nan,nan,nan,nan,nan,nan
6263,nan,nan,nan,nan,nan,nan,nan
6264,nan,nan,nan,nan,nan,nan,nan
6265,nan,nan,nan,nan,nan,nan,nan
6266,nan,nan,nan,nan,nan,nan,nan
6267,nan,nan,nan,nan,nan,nan,nan
6268,nan,nan,nan,nan,nan,nan,nan
6269,nan,nan,nan,nan,nan,nan,nan
6270,nan,nan,nan,nan,nan,nan,nan
6271,nan,nan,nan,nan,nan,nan,nan
6272,nan,nan,nan,nan,nan,nan,nan
6273,nan,nan,nan,nan,nan,nan,nan
6274,nan,nan,nan,nan,nan,nan,nan
6275,nan,nan,nan,nan,nan,nan,nan
6276,nan,nan,nan,nan,nan,nan,nan
6277,nan,nan,nan,nan,nan,nan,nan
6278,nan,nan,nan,nan,nan,nan,nan
6279,nan,nan,nan,nan,nan,nan,nan
6280,nan,nan,nan,nan,nan,nan,nan
6281,nan,nan,nan,nan,nan,nan,nan
